text,intent
Tôi cần xem tôi có đạt loại khá không như thế nào,training_score
Toi can xem toi co dat loai kha khong nhu the nao,training_score
Tôi muốn hỏi minh chứng không hợp lệ có bị trừ điểm không được không bạn,absent_penalty
Toi muon hoi minh chung khong hop le co bi tru diem khong duoc khong ban,absent_penalty
Mình cần biết danh sách hoạt động sắp tới được không bạn,upcoming_activity
Minh can biet danh sach hoat dong sap toi duoc khong ban,upcoming_activity
Tôi cần xem cách tìm phòng học hiện tại,map_help
Toi can xem cach tim phong hoc hien tai,map_help
Bạn giải thích giúp tìm sân trường trên bản đồ,map_help
Ban giai thich giup tim san truong tren ban do,map_help
Cho mình hỏi hoạt động cá nhân của tôi hiện tại,my_activities
Cho minh hoi hoat dong ca nhan cua toi hien tai,my_activities
Cho mình hỏi danh sách đăng ký của tôi cho tôi,my_activities
Cho minh hoi danh sach dang ky cua toi cho toi,my_activities
Cho tôi xem trạng thái điểm danh của tôi giúp tôi,attendance_status
Cho toi xem trang thai diem danh cua toi giup toi,attendance_status
Hỏi chút là vắng bị trừ 6 điểm phải không được không bạn,absent_penalty
Hoi chut la vang bi tru 6 diem phai khong duoc khong ban,absent_penalty
Bạn kiểm tra giúp thông báo đã đọc xem lại ở đâu hiện tại,notification_help
Ban kiem tra giup thong bao da doc xem lai o dau hien tai,notification_help
Bạn kiểm tra giúp xin chào được không,greeting
Ban kiem tra giup xin chao duoc khong,greeting
Tôi muốn xem điểm và xếp loại,training_score
Toi muon xem diem va xep loai,training_score
Điểm danh đã được chốt chưa,attendance_status
Diem danh da duoc chot chua,attendance_status
Không tham gia sau khi đăng ký thì sao như thế nào,absent_penalty
Khong tham gia sau khi dang ky thi sao nhu the nao,absent_penalty
Cho mình hỏi báo lỗi ứng dụng được không bạn,feedback_help
Cho minh hoi bao loi ung dung duoc khong ban,feedback_help
Cho tôi hỏi lịch hoạt động đã đăng ký nhé,my_activities
Cho toi hoi lich hoat dong da dang ky nhe,my_activities
Có thể cho tôi biết kiểm tra hoạt động đã đăng ký được không ạ,my_activities
Co the cho toi biet kiem tra hoat dong da dang ky duoc khong a,my_activities
Bạn cho tôi biết tôi muốn tắt thông báo như thế nào giúp mình,notification_help
Ban cho toi biet toi muon tat thong bao nhu the nao giup minh,notification_help
Bạn giải thích giúp liên hệ admin như thế nào cho tôi,feedback_help
Ban giai thich giup lien he admin nhu the nao cho toi,feedback_help
Bạn kiểm tra giúp bạn có thể dịch tiếng Anh không trong hệ thống,unknown
Ban kiem tra giup ban co the dich tieng Anh khong trong he thong,unknown
Giúp tôi xem cách gửi góp ý ở đâu,feedback_help
Giup toi xem cach gui gop y o dau,feedback_help
Bạn giải thích giúp điểm rèn luyện tính như thế nào với,training_score
Ban giai thich giup diem ren luyen tinh nhu the nao voi,training_score
Địa điểm workshop ở đâu,map_help
Dia diem workshop o dau,map_help
Cho tôi hỏi tôi cần bấm nút nào để điểm danh trong hệ thống,check_in_guide
Cho toi hoi toi can bam nut nao de diem danh trong he thong,check_in_guide
Bạn giải thích giúp tôi đã ghi danh hoạt động gì nhé,my_activities
Ban giai thich giup toi da ghi danh hoat dong gi nhe,my_activities
Mình muốn biết tôi muốn hỏi thông tin hiện tại,greeting
Minh muon biet toi muon hoi thong tin hien tai,greeting
Cho mình hỏi hôm nay ăn gì được không ạ,unknown
Cho minh hoi hom nay an gi duoc khong a,unknown
Tui muốn hỏi làm sao quét mã điểm danh vậy,check_in_guide
Tui muon hoi lam sao quet ma diem danh vay,check_in_guide
Mình cần biết hoạt động tôi đã chọn nha,my_activities
Minh can biet hoat dong toi da chon nha,my_activities
Bạn cho tôi biết tôi bị từ chối điểm danh chưa nha,attendance_status
Ban cho toi biet toi bi tu choi diem danh chua nha,attendance_status
Tôi cần xem khi nào bị trừ điểm sự kiện được không ạ,absent_penalty
Toi can xem khi nao bi tru diem su kien duoc khong a,absent_penalty
Cho mình hỏi hi hiện tại,greeting
Cho minh hoi hi hien tai,greeting
Mình cần xem sắp tới có sự kiện gì được không,upcoming_activity
Minh can xem sap toi co su kien gi duoc khong,upcoming_activity
Bạn cho tôi biết cho tôi hỏi chút với,greeting
Ban cho toi biet cho toi hoi chut voi,greeting
Có thể cho tôi biết thông báo quan trọng nằm ở đâu cho tôi,notification_help
Co the cho toi biet thong bao quan trong nam o dau cho toi,notification_help
Làm ơn cho tôi biết hoạt động tôi đã chọn như thế nào,my_activities
Lam on cho toi biet hoat dong toi da chon nhu the nao,my_activities
Cho tôi hỏi bật tắt thông báo ở đâu với,notification_help
Cho toi hoi bat tat thong bao o dau voi,notification_help
Cho mình hỏi cách báo lỗi hệ thống như thế nào,feedback_help
Cho minh hoi cach bao loi he thong nhu the nao,feedback_help
Tôi muốn hỏi làm sao xem tin nhắn thông báo ở đâu,notification_help
Toi muon hoi lam sao xem tin nhan thong bao o dau,notification_help
Mình cần biết báo lỗi ứng dụng,feedback_help
Minh can biet bao loi ung dung,feedback_help
Cho tôi hỏi điểm sau khi bị từ chối minh chứng như thế nào,training_score
Cho toi hoi diem sau khi bi tu choi minh chung nhu the nao,training_score
Hỏi chút là minh chứng bị từ chối thì bị sao trên ITConnect,absent_penalty
Hoi chut la minh chung bi tu choi thi bi sao tren ITConnect,absent_penalty
Tôi được duyệt hoạt động nào,attendance_status
Toi duoc duyet hoat dong nao,attendance_status
Cho tôi xem làm sao kiếm tiền online nhé,unknown
Cho toi xem lam sao kiem tien online nhe,unknown
Cho tôi xem có ai hỗ trợ không được không,greeting
Cho toi xem co ai ho tro khong duoc khong,greeting
Bạn kiểm tra giúp hoạt động gần nhất là gì giúp tôi,upcoming_activity
Ban kiem tra giup hoat dong gan nhat la gi giup toi,upcoming_activity
Bạn giải thích giúp tôi phải check in như thế nào được không,check_in_guide
Ban giai thich giup toi phai check in nhu the nao duoc khong,check_in_guide
Tôi muốn hỏi xem hoạt động theo học kỳ của tôi được không,my_activities
Toi muon hoi xem hoat dong theo hoc ky cua toi duoc khong,my_activities
Làm sao để điểm danh,check_in_guide
Lam sao de diem danh,check_in_guide
Tôi cần xem báo lỗi minh chứng ở đâu ở đâu,feedback_help
Toi can xem bao loi minh chung o dau o dau,feedback_help
Cho mình hỏi minh chứng của tôi đã duyệt chưa được không,attendance_status
Cho minh hoi minh chung cua toi da duyet chua duoc khong,attendance_status
Tôi muốn hỏi về ứng dụng được không,greeting
Toi muon hoi ve ung dung duoc khong,greeting
Tui muốn hỏi chương trình nào gần nhất trong app,upcoming_activity
Tui muon hoi chuong trinh nao gan nhat trong app,upcoming_activity
Làm ơn cho tôi biết có seminar nào sắp tới không cho tôi,upcoming_activity
Lam on cho toi biet co seminar nao sap toi khong cho toi,upcoming_activity
Bạn kiểm tra giúp tôi muốn góp ý giao diện hiện tại,feedback_help
Ban kiem tra giup toi muon gop y giao dien hien tai,feedback_help
Giúp tôi xem điểm sau khi bị từ chối minh chứng hiện tại nha,training_score
Giup toi xem diem sau khi bi tu choi minh chung hien tai nha,training_score
Tôi bị mất điểm không,training_score
Toi bi mat diem khong,training_score
Có thể cho tôi biết thông báo của tôi ở đâu được không ạ ạ,notification_help
Co the cho toi biet thong bao cua toi o dau duoc khong a a,notification_help
Gửi ý kiến cho quản trị viên,feedback_help
Gui y kien cho quan tri vien,feedback_help
Hỏi chút là điểm danh thất bại có bị trừ điểm không trong app giúp mình,absent_penalty
Hoi chut la diem danh that bai co bi tru diem khong trong app giup minh,absent_penalty
Chào trợ lý ITConnect được không,greeting
Chao tro ly ITConnect duoc khong,greeting
Bạn kiểm tra giúp admin từ chối minh chứng thì mất điểm à trong hệ thống,absent_penalty
Ban kiem tra giup admin tu choi minh chung thi mat diem a trong he thong,absent_penalty
Làm ơn cho tôi biết bạn giúp tôi được không hiện tại với ạ,greeting
Lam on cho toi biet ban giup toi duoc khong hien tai voi a,greeting
Bạn kiểm tra giúp danh sách chương trình đang nhận đăng ký cho tôi,upcoming_activity
Ban kiem tra giup danh sach chuong trinh dang nhan dang ky cho toi,upcoming_activity
Bạn cho tôi biết hoạt động học thuật sắp tới trong hệ thống,upcoming_activity
Ban cho toi biet hoat dong hoc thuat sap toi trong he thong,upcoming_activity
Cho tôi xem hoạt động tôi đã chọn,my_activities
Cho toi xem hoat dong toi da chon,my_activities
Bản đồ ở đâu,map_help
Ban do o dau,map_help
Tôi muốn hỏi bản đồ có chỉ vị trí không cho tôi,map_help
Toi muon hoi ban do co chi vi tri khong cho toi,map_help
Xem minh chứng đã duyệt ở đâu,attendance_status
Xem minh chung da duyet o dau,attendance_status
Mình muốn biết nhắc nhở hoạt động ở đâu,notification_help
Minh muon biet nhac nho hoat dong o dau,notification_help
Mình muốn hỏi chào bạn giúp tôi,greeting
Minh muon hoi chao ban giup toi,greeting
Bạn cho tôi biết danh sách hoạt động đang nhận đăng ký nha,upcoming_activity
Ban cho toi biet danh sach hoat dong dang nhan dang ky nha,upcoming_activity
Mình cần biết bạn có yêu tôi không được không nha,unknown
Minh can biet ban co yeu toi khong duoc khong nha,unknown
Mình cần biết tôi muốn hỏi thông tin trong app,greeting
Minh can biet toi muon hoi thong tin trong app,greeting
Tôi muốn hỏi điểm học kỳ này của tôi bao nhiêu như thế nào,training_score
Toi muon hoi diem hoc ky nay cua toi bao nhieu nhu the nao,training_score
Bạn kiểm tra giúp cách gửi nội dung phản ánh vậy,feedback_help
Ban kiem tra giup cach gui noi dung phan anh vay,feedback_help
Có thể cho tôi biết tổng điểm rèn luyện của tôi là mấy cho tôi,training_score
Co the cho toi biet tong diem ren luyen cua toi la may cho toi,training_score
Cho mình hỏi tôi đã gửi minh chứng chưa được không ạ,attendance_status
Cho minh hoi toi da gui minh chung chua duoc khong a,attendance_status
Hỏi chút là gửi ý kiến cho quản trị viên trong app,feedback_help
Hoi chut la gui y kien cho quan tri vien trong app,feedback_help
Cho tôi xem gửi ý kiến cho quản trị viên ở đâu,feedback_help
Cho toi xem gui y kien cho quan tri vien o dau,feedback_help
Điểm rèn luyện của tôi hiện đang là mấy,training_score
Diem ren luyen cua toi hien dang la may,training_score
Cho mình hỏi cách hoàn tất check in cho tôi,check_in_guide
Cho minh hoi cach hoan tat check in cho toi,check_in_guide
Làm sao quét mã điểm danh,check_in_guide
Lam sao quet ma diem danh,check_in_guide
Tư vấn mua xe máy,unknown
Tu van mua xe may,unknown
Chào trợ lý,greeting
Chao tro ly,greeting
Hỏi chút là cách quay video minh chứng cho tôi,check_in_guide
Hoi chut la cach quay video minh chung cho toi,check_in_guide
Có thể cho tôi biết tắt nhắc nhở sự kiện như thế nào trên ITConnect,notification_help
Co the cho toi biet tat nhac nho su kien nhu the nao tren ITConnect,notification_help
Tôi muốn hỏi tôi cần gửi hỗ trợ ở đâu,feedback_help
Toi muon hoi toi can gui ho tro o dau,feedback_help
Em cần xem danh sách hoạt động đang nhận đăng ký,upcoming_activity
Em can xem danh sach hoat dong dang nhan dang ky,upcoming_activity
Cho tôi xem gửi phản hồi về hoạt động nhé,feedback_help
Cho toi xem gui phan hoi ve hoat dong nhe,feedback_help
Làm ơn cho tôi biết chụp ảnh đẹp như thế nào vậy,unknown
Lam on cho toi biet chup anh dep nhu the nao vay,unknown
Điểm rèn luyện của học kỳ hiện tại,training_score
Diem ren luyen cua hoc ky hien tai,training_score
Hỏi chút là quét QR để điểm danh như thế nào hiện tại,check_in_guide
Hoi chut la quet QR de diem danh nhu the nao hien tai,check_in_guide
Bạn cho tôi biết cho tôi xem hoạt động của tôi với,my_activities
Ban cho toi biet cho toi xem hoat dong cua toi voi,my_activities
Hỏi chút là địa điểm workshop ở đâu vậy,map_help
Hoi chut la dia diem workshop o dau vay,map_help
Giúp tôi xem mục điểm danh nằm ở đâu giúp tôi,check_in_guide
Giup toi xem muc diem danh nam o dau giup toi,check_in_guide
Có thể cho tôi biết hoạt động cá nhân của tôi như thế nào,my_activities
Co the cho toi biet hoat dong ca nhan cua toi nhu the nao,my_activities
Cho tôi xem tôi cần hỗ trợ tài khoản hiện tại,feedback_help
Cho toi xem toi can ho tro tai khoan hien tai,feedback_help
Cho tôi xem cho tôi hỏi chút như thế nào,greeting
Cho toi xem cho toi hoi chut nhu the nao,greeting
Tôi muốn hỏi tôi muốn xem tin quan trọng,notification_help
Toi muon hoi toi muon xem tin quan trong,notification_help
Cách gửi góp ý cho tôi,feedback_help
Cach gui gop y cho toi,feedback_help
Mình muốn biết các chương trình trong tài khoản của tôi giúp tôi ạ,my_activities
Minh muon biet cac chuong trinh trong tai khoan cua toi giup toi a,my_activities
Mình muốn biết minh chứng bị từ chối thì bị sao được không bạn,absent_penalty
Minh muon biet minh chung bi tu choi thi bi sao duoc khong ban,absent_penalty
Mình cần biết bạn có thể làm thơ không trên ITConnect,unknown
Minh can biet ban co the lam tho khong tren ITConnect,unknown
Cho tôi hỏi hoạt động học thuật sắp tới giúp tôi,upcoming_activity
Cho toi hoi hoat dong hoc thuat sap toi giup toi,upcoming_activity
Có thể cho tôi biết những hoạt động còn mở đăng ký như thế nào,upcoming_activity
Co the cho toi biet nhung hoat dong con mo dang ky nhu the nao,upcoming_activity
Bạn kiểm tra giúp tôi có thể chọn mã QR từ thư viện không trong app,check_in_guide
Ban kiem tra giup toi co the chon ma QR tu thu vien khong trong app,check_in_guide
Mình muốn biết mục thông báo trên trang chủ ở đâu được không,notification_help
Minh muon biet muc thong bao tren trang chu o dau duoc khong,notification_help
Hỏi chút là bản đồ có chỉ vị trí không trong hệ thống,map_help
Hoi chut la ban do co chi vi tri khong trong he thong,map_help
Làm ơn cho tôi biết điểm rèn luyện bị trừ khi nào ở đâu,absent_penalty
Lam on cho toi biet diem ren luyen bi tru khi nao o dau,absent_penalty
Bạn kiểm tra giúp sau khi quét QR cần làm gì cho tôi bạn,check_in_guide
Ban kiem tra giup sau khi quet QR can lam gi cho toi ban,check_in_guide
Cách quét mã QR điểm danh vậy,check_in_guide
Cach quet ma QR diem danh vay,check_in_guide
Cho mình hỏi tôi bị từ chối điểm danh chưa nha,attendance_status
Cho minh hoi toi bi tu choi diem danh chua nha,attendance_status
Cho tôi hỏi điểm danh đã được chốt chưa trong app,attendance_status
Cho toi hoi diem danh da duoc chot chua trong app,attendance_status
Cho mình hỏi tại sao có chấm đỏ thông báo trên ITConnect,notification_help
Cho minh hoi tai sao co cham do thong bao tren ITConnect,notification_help
Cho mình hỏi vắng có bị ghi nhận trong hệ thống không trong app,absent_penalty
Cho minh hoi vang co bi ghi nhan trong he thong khong trong app,absent_penalty
Làm sao kiếm tiền online,unknown
Lam sao kiem tien online,unknown
Bạn kiểm tra giúp tôi không biết cách điểm danh trên ITConnect nha,check_in_guide
Ban kiem tra giup toi khong biet cach diem danh tren ITConnect nha,check_in_guide
Mình cần biết thông báo quan trọng nằm ở đâu nhé,notification_help
Minh can biet thong bao quan trong nam o dau nhe,notification_help
Có workshop nào sắp diễn ra không,upcoming_activity
Co workshop nao sap dien ra khong,upcoming_activity
Giúp tôi xem tôi muốn xem chương trình mới nhất giúp tôi,upcoming_activity
Giup toi xem toi muon xem chuong trinh moi nhat giup toi,upcoming_activity
Mình cần biết có bản đồ khuôn viên không được không,map_help
Minh can biet co ban do khuon vien khong duoc khong,map_help
Cho tôi xem tôi có hoạt động nào sắp diễn ra không nha,upcoming_activity
Cho toi xem toi co hoat dong nao sap dien ra khong nha,upcoming_activity
Có thể cho tôi biết tôi cần gửi hỗ trợ được không ạ,feedback_help
Co the cho toi biet toi can gui ho tro duoc khong a,feedback_help
Có hoạt động trong tuần sau không ở đâu,upcoming_activity
Co hoat dong trong tuan sau khong o dau,upcoming_activity
Mình muốn biết bạn có thể làm toán không trên ITConnect,unknown
Minh muon biet ban co the lam toan khong tren ITConnect,unknown
Tôi cần xem làm sao đến sân trường,map_help
Toi can xem lam sao den san truong,map_help
Tôi muốn hỏi sau khi quét QR cần làm gì,check_in_guide
Toi muon hoi sau khi quet QR can lam gi,check_in_guide
Bạn kiểm tra giúp cách báo lỗi hệ thống trên ITConnect nhé,feedback_help
Ban kiem tra giup cach bao loi he thong tren ITConnect nhe,feedback_help
Bạn giải thích giúp tôi muốn tìm hội trường C trong app,map_help
Ban giai thich giup toi muon tim hoi truong C trong app,map_help
Có thể phản ánh thông tin sai không,feedback_help
Co the phan anh thong tin sai khong,feedback_help
Cho tôi hỏi tôi đã ghi danh hoạt động gì cho tôi,my_activities
Cho toi hoi toi da ghi danh hoat dong gi cho toi,my_activities
Tôi muốn hỏi kiểm tra lịch tham gia của tôi giúp tôi,my_activities
Toi muon hoi kiem tra lich tham gia cua toi giup toi,my_activities
Cho tôi hỏi tôi cần hỏi nhanh được không ạ,greeting
Cho toi hoi toi can hoi nhanh duoc khong a,greeting
Mình cần biết tôi đang chờ duyệt phải không được không bạn,attendance_status
Minh can biet toi dang cho duyet phai khong duoc khong ban,attendance_status
Bị vắng có được cộng điểm không,absent_penalty
Bi vang co duoc cong diem khong,absent_penalty
Cho mình hỏi không tham gia sau khi đăng ký thì sao vậy,absent_penalty
Cho minh hoi khong tham gia sau khi dang ky thi sao vay,absent_penalty
Tôi đang chờ duyệt phải không,attendance_status
Toi dang cho duyet phai khong,attendance_status
Cho tôi hỏi chào chatbot như thế nào,greeting
Cho toi hoi chao chatbot nhu the nao,greeting
Làm ơn cho tôi biết kiểm tra điểm rèn luyện giúp tôi được không,training_score
Lam on cho toi biet kiem tra diem ren luyen giup toi duoc khong,training_score
Cho mình hỏi bạn hỗ trợ sinh viên đúng không trong hệ thống,greeting
Cho minh hoi ban ho tro sinh vien dung khong trong he thong,greeting
Có thể cho tôi biết xem điểm hoạt động của tôi trong hệ thống,training_score
Co the cho toi biet xem diem hoat dong cua toi trong he thong,training_score
Cho tôi xem tôi đã hoàn thành điểm danh chưa được không,attendance_status
Cho toi xem toi da hoan thanh diem danh chua duoc khong,attendance_status
Hệ thống có nhắc điểm danh không như thế nào,notification_help
He thong co nhac diem danh khong nhu the nao,notification_help
Bạn cho tôi biết từ chối điểm danh có trừ điểm không nha,absent_penalty
Ban cho toi biet tu choi diem danh co tru diem khong nha,absent_penalty
Mình muốn hỏi cách quét mã QR điểm danh trong app,check_in_guide
Minh muon hoi cach quet ma QR diem danh trong app,check_in_guide
Hỏi chút là tìm vị trí phòng tổ chức hiện tại,map_help
Hoi chut la tim vi tri phong to chuc hien tai,map_help
Cho tôi xem sự kiện nào đang mở với,upcoming_activity
Cho toi xem su kien nao dang mo voi,upcoming_activity
Kiểm tra hoạt động đã đăng ký,my_activities
Kiem tra hoat dong da dang ky,my_activities
Cho mình hỏi hướng dẫn check in hoạt động được không,check_in_guide
Cho minh hoi huong dan check in hoat dong duoc khong,check_in_guide
Điểm của tôi sau khi hoàn thành hoạt động ở đâu,training_score
Diem cua toi sau khi hoan thanh hoat dong o dau,training_score
Bạn cho tôi biết game nào hay được không bạn,unknown
Ban cho toi biet game nao hay duoc khong ban,unknown
Bạn giải thích giúp vắng hoạt động đã đăng ký có sao không được không bạn giúp tôi,absent_penalty
Ban giai thich giup vang hoat dong da dang ky co sao khong duoc khong ban giup toi,absent_penalty
Hỏi chút là mục góp ý nằm ở đâu nha,feedback_help
Hoi chut la muc gop y nam o dau nha,feedback_help
Thông báo của tôi ở đâu,notification_help
Thong bao cua toi o dau,notification_help
Bạn cho tôi biết thông báo quan trọng nằm ở đâu cho tôi,notification_help
Ban cho toi biet thong bao quan trong nam o dau cho toi,notification_help
Làm ơn cho tôi biết kiểm tra trạng thái điểm danh với,attendance_status
Lam on cho toi biet kiem tra trang thai diem danh voi,attendance_status
Có thể cho tôi biết bản đồ campus mở ở đâu được không ạ,map_help
Co the cho toi biet ban do campus mo o dau duoc khong a,map_help
Làm ơn cho tôi biết tôi đã gửi minh chứng chưa giúp tôi với ạ,attendance_status
Lam on cho toi biet toi da gui minh chung chua giup toi voi a,attendance_status
Hoạt động nào gần nhất trong app,upcoming_activity
Hoat dong nao gan nhat trong app,upcoming_activity
Tôi muốn góp ý,feedback_help
Toi muon gop y,feedback_help
Cho mình hỏi tôi không thấy thông báo cho tôi,notification_help
Cho minh hoi toi khong thay thong bao cho toi,notification_help
Tôi muốn hỏi từ chối điểm danh có trừ điểm không trong app,absent_penalty
Toi muon hoi tu choi diem danh co tru diem khong trong app,absent_penalty
Bạn kiểm tra giúp tôi cần hỗ trợ được không bạn,greeting
Ban kiem tra giup toi can ho tro duoc khong ban,greeting
Bạn cho tôi biết quét QR để điểm danh như thế nào ở đâu,check_in_guide
Ban cho toi biet quet QR de diem danh nhu the nao o dau,check_in_guide
Có thể cho tôi biết tôi đã tham gia những hoạt động gì ở đâu,my_activities
Co the cho toi biet toi da tham gia nhung hoat dong gi o dau,my_activities
Tôi muốn hỏi game nào hay nhé,unknown
Toi muon hoi game nao hay nhe,unknown
Bạn kiểm tra giúp tôi muốn hỏi về ứng dụng ở đâu,greeting
Ban kiem tra giup toi muon hoi ve ung dung o dau,greeting
Hỏi chút là hello nha,greeting
Hoi chut la hello nha,greeting
Tư vấn mua điện thoại,unknown
Tu van mua dien thoai,unknown
Cho mình hỏi sắp tới trường có chương trình gì được không,upcoming_activity
Cho minh hoi sap toi truong co chuong trinh gi duoc khong,upcoming_activity
Bạn giải thích giúp bạn có biết bóng đá không vậy,unknown
Ban giai thich giup ban co biet bong da khong vay,unknown
Mình cần biết hoạt động tôi đã ghi danh được không,my_activities
Minh can biet hoat dong toi da ghi danh duoc khong,my_activities
Mình cần biết xem hoạt động theo học kỳ của tôi được không ạ,my_activities
Minh can biet xem hoat dong theo hoc ky cua toi duoc khong a,my_activities
Có thể cho tôi biết cài đặt thông báo như thế nào ở đâu,notification_help
Co the cho toi biet cai dat thong bao nhu the nao o dau,notification_help
Hỏi chút là làm sao xem vị trí hội trường nhé,map_help
Hoi chut la lam sao xem vi tri hoi truong nhe,map_help
Cho mình hỏi bạn có ở đó không được không ạ,greeting
Cho minh hoi ban co o do khong duoc khong a,greeting
Cho tôi hỏi xếp loại rèn luyện của tôi là gì vậy,training_score
Cho toi hoi xep loai ren luyen cua toi la gi vay,training_score
Làm ơn cho tôi biết điểm rèn luyện của tôi hiện đang là mấy được không ạ,training_score
Lam on cho toi biet diem ren luyen cua toi hien dang la may duoc khong a,training_score
Cho mình hỏi danh sách sự kiện sắp diễn ra nha,upcoming_activity
Cho minh hoi danh sach su kien sap dien ra nha,upcoming_activity
Làm ơn cho tôi biết minh chứng đã được chấp nhận chưa trong app,attendance_status
Lam on cho toi biet minh chung da duoc chap nhan chua trong app,attendance_status
Giúp tôi xem tôi được cộng bao nhiêu điểm trên ITConnect,training_score
Giup toi xem toi duoc cong bao nhieu diem tren ITConnect,training_score
Cho mình hỏi có workshop nào sắp diễn ra không,upcoming_activity
Cho minh hoi co workshop nao sap dien ra khong,upcoming_activity
Tôi muốn hỏi có hoạt động nào sắp tới không nhé,upcoming_activity
Toi muon hoi co hoat dong nao sap toi khong nhe,upcoming_activity
Mình cần biết sắp tới có sự kiện gì vậy,upcoming_activity
Minh can biet sap toi co su kien gi vay,upcoming_activity
Cho tôi xem tôi muốn gửi phản hồi nhanh giúp tôi bạn,feedback_help
Cho toi xem toi muon gui phan hoi nhanh giup toi ban,feedback_help
Tôi điểm danh bằng cách nào,check_in_guide
Toi diem danh bang cach nao,check_in_guide
Cho mình hỏi trạng thái chờ duyệt của tôi ở đâu,attendance_status
Cho minh hoi trang thai cho duyet cua toi o dau,attendance_status
Tôi muốn hỏi tôi điểm danh bằng cách nào hiện tại,check_in_guide
Toi muon hoi toi diem danh bang cach nao hien tai,check_in_guide
Bạn cho tôi biết tôi còn bao nhiêu điểm sau khi vắng được không ạ,training_score
Ban cho toi biet toi con bao nhieu diem sau khi vang duoc khong a,training_score
Mình muốn biết tìm vị trí phòng tổ chức trong app,map_help
Minh muon biet tim vi tri phong to chuc trong app,map_help
Mình cần biết tôi muốn chơi game vậy,unknown
Minh can biet toi muon choi game vay,unknown
Tôi cần xem điểm rèn luyện của học kỳ hiện tại với,training_score
Toi can xem diem ren luyen cua hoc ky hien tai voi,training_score
Cho tôi xem tôi không biết cách quét QR nha,check_in_guide
Cho toi xem toi khong biet cach quet QR nha,check_in_guide
Giúp tôi xem bị từ chối check in thì sao trên ITConnect,absent_penalty
Giup toi xem bi tu choi check in thi sao tren ITConnect,absent_penalty
Cho tôi xem chào hệ thống hiện tại,greeting
Cho toi xem chao he thong hien tai,greeting
Tôi muốn hỏi cách quét mã QR điểm danh giúp tôi,check_in_guide
Toi muon hoi cach quet ma QR diem danh giup toi,check_in_guide
Mình muốn biết cách quay video minh chứng ở đâu,check_in_guide
Minh muon biet cach quay video minh chung o dau,check_in_guide
Bạn kiểm tra giúp tôi bị từ chối điểm danh chưa cho tôi,attendance_status
Ban kiem tra giup toi bi tu choi diem danh chua cho toi,attendance_status
Bạn kiểm tra giúp chatbot ơi giúp tôi,greeting
Ban kiem tra giup chatbot oi giup toi,greeting
Bạn cho tôi biết sắp tới trường có chương trình gì nha,upcoming_activity
Ban cho toi biet sap toi truong co chuong trinh gi nha,upcoming_activity
Bạn giải thích giúp tôi muốn chơi game với,unknown
Ban giai thich giup toi muon choi game voi,unknown
Mình muốn biết tôi đã được duyệt check in chưa hiện tại,attendance_status
Minh muon biet toi da duoc duyet check in chua hien tai,attendance_status
Hỏi chút là bản đồ trường mở thế nào ở đâu,map_help
Hoi chut la ban do truong mo the nao o dau,map_help
Em muốn hỏi tôi muốn báo lỗi thông báo trong app,feedback_help
Em muon hoi toi muon bao loi thong bao trong app,feedback_help
Bạn kiểm tra giúp tôi phải chụp minh chứng như thế nào hiện tại,check_in_guide
Ban kiem tra giup toi phai chup minh chung nhu the nao hien tai,check_in_guide
Làm ơn cho tôi biết làm sao xem vị trí hội trường,map_help
Lam on cho toi biet lam sao xem vi tri hoi truong,map_help
Mình cần biết hoạt động tôi đã chọn vậy,my_activities
Minh can biet hoat dong toi da chon vay,my_activities
Hỏi chút là tôi được cộng bao nhiêu điểm ở đâu,training_score
Hoi chut la toi duoc cong bao nhieu diem o dau,training_score
Tôi muốn hỏi nếu không check in thì bị gì với,absent_penalty
Toi muon hoi neu khong check in thi bi gi voi,absent_penalty
Mình cần biết quy trình điểm danh hoạt động ở đâu,check_in_guide
Minh can biet quy trinh diem danh hoat dong o dau,check_in_guide
Tôi muốn hỏi tôi có đạt loại tốt không,training_score
Toi muon hoi toi co dat loai tot khong,training_score
Làm sao đến sân trường,map_help
Lam sao den san truong,map_help
Có thể cho tôi biết bitcoin hôm nay giá bao nhiêu trên ITConnect,unknown
Co the cho toi biet bitcoin hom nay gia bao nhieu tren ITConnect,unknown
Mình muốn biết có hoạt động nào sắp tới không được không ạ,upcoming_activity
Minh muon biet co hoat dong nao sap toi khong duoc khong a,upcoming_activity
Bạn cho tôi biết tôi đã gửi minh chứng chưa cho tôi bạn,attendance_status
Ban cho toi biet toi da gui minh chung chua cho toi ban,attendance_status
Cho tôi hỏi tôi cần gửi hỗ trợ trong hệ thống,feedback_help
Cho toi hoi toi can gui ho tro trong he thong,feedback_help
Làm ơn cho tôi biết minh chứng bị từ chối thì bị sao cho tôi ạ,absent_penalty
Lam on cho toi biet minh chung bi tu choi thi bi sao cho toi a,absent_penalty
Cho mình hỏi kể chuyện vui đi trên ITConnect,unknown
Cho minh hoi ke chuyen vui di tren ITConnect,unknown
Làm sao bật camera điểm danh giúp tôi,check_in_guide
Lam sao bat camera diem danh giup toi,check_in_guide
Tôi muốn hỏi tôi đã đăng ký hoạt động nào như thế nào,my_activities
Toi muon hoi toi da dang ky hoat dong nao nhu the nao,my_activities
Cho mình hỏi tìm sân trường trên bản đồ cho tôi,map_help
Cho minh hoi tim san truong tren ban do cho toi,map_help
Giúp tôi xem chatbot ơi trên ITConnect,greeting
Giup toi xem chatbot oi tren ITConnect,greeting
App bị lỗi thì báo ở đâu ở đâu,feedback_help
App bi loi thi bao o dau o dau,feedback_help
Tôi cần xem lịch sự kiện của tôi giúp tôi,my_activities
Toi can xem lich su kien cua toi giup toi,my_activities
Giúp tôi xem lịch hoạt động đã đăng ký hiện tại,my_activities
Giup toi xem lich hoat dong da dang ky hien tai,my_activities
Giúp tôi xem bài hát nào hay cho tôi,unknown
Giup toi xem bai hat nao hay cho toi,unknown
Làm ơn cho tôi biết chào trợ lý,greeting
Lam on cho toi biet chao tro ly,greeting
Tôi muốn hỏi có hoạt động trong tuần sau không trên ITConnect,upcoming_activity
Toi muon hoi co hoat dong trong tuan sau khong tren ITConnect,upcoming_activity
Bạn kiểm tra giúp tôi muốn góp ý giao diện nhé,feedback_help
Ban kiem tra giup toi muon gop y giao dien nhe,feedback_help
Trạng thái chờ duyệt của tôi giúp tôi,attendance_status
Trang thai cho duyet cua toi giup toi,attendance_status
Tôi cần xem bạn có ở đó không trên ITConnect,greeting
Toi can xem ban co o do khong tren ITConnect,greeting
Tìm đường đến hội trường,map_help
Tim duong den hoi truong,map_help
Cho tôi hỏi tôi muốn tắt thông báo được không ạ,notification_help
Cho toi hoi toi muon tat thong bao duoc khong a,notification_help
Có thể cho tôi biết tôi bị mất điểm không trên ITConnect,training_score
Co the cho toi biet toi bi mat diem khong tren ITConnect,training_score
Tôi muốn hỏi quét QR có cần gửi ảnh không trong hệ thống,check_in_guide
Toi muon hoi quet QR co can gui anh khong trong he thong,check_in_guide
Bạn giải thích giúp mình cần trợ giúp hiện tại,greeting
Ban giai thich giup minh can tro giup hien tai,greeting
Mục bản đồ trong app nằm đâu với,map_help
Muc ban do trong app nam dau voi,map_help
Bạn giải thích giúp có thể góp ý cho admin không nha,feedback_help
Ban giai thich giup co the gop y cho admin khong nha,feedback_help
Tôi muốn phản hồi về app,feedback_help
Toi muon phan hoi ve app,feedback_help
Hỏi chút là bị từ chối quét QR thì sao nha,absent_penalty
Hoi chut la bi tu choi quet QR thi sao nha,absent_penalty
Có hoạt động tháng này không,upcoming_activity
Co hoat dong thang nay khong,upcoming_activity
Thông báo nằm ở đâu,notification_help
Thong bao nam o dau,notification_help
Tôi cần xem vắng bị trừ 6 điểm phải không được không ạ,absent_penalty
Toi can xem vang bi tru 6 diem phai khong duoc khong a,absent_penalty
Có thể cho tôi biết chatbot ơi vậy,greeting
Co the cho toi biet chatbot oi vay,greeting
Hỏi chút là minh chứng đã được chấp nhận chưa hiện tại với ạ,attendance_status
Hoi chut la minh chung da duoc chap nhan chua hien tai voi a,attendance_status
Mình muốn biết mở bản đồ như thế nào được không nha,map_help
Minh muon biet mo ban do nhu the nao duoc khong nha,map_help
Tôi muốn hỏi điểm rèn luyện có tối đa bao nhiêu ở đâu,training_score
Toi muon hoi diem ren luyen co toi da bao nhieu o dau,training_score
Cho mình hỏi bạn là ai với,greeting
Cho minh hoi ban la ai voi,greeting
Cho tôi hỏi hoạt động đoàn nào sắp tới với,upcoming_activity
Cho toi hoi hoat dong doan nao sap toi voi,upcoming_activity
Mình cần biết làm sao kiếm tiền online trên ITConnect,unknown
Minh can biet lam sao kiem tien online tren ITConnect,unknown
Cách sử dụng mã QR để điểm danh,check_in_guide
Cach su dung ma QR de diem danh,check_in_guide
Tư vấn mua xe máy cho tôi nhé,unknown
Tu van mua xe may cho toi nhe,unknown
Cho mình hỏi tôi muốn báo lỗi đăng ký hoạt động như thế nào,feedback_help
Cho minh hoi toi muon bao loi dang ky hoat dong nhu the nao,feedback_help
Cho tôi xem điểm hiện tại của tôi là bao nhiêu cho tôi,training_score
Cho toi xem diem hien tai cua toi la bao nhieu cho toi,training_score
Mở bản đồ như thế nào ở đâu,map_help
Mo ban do nhu the nao o dau,map_help
Mình muốn biết mở bản đồ như thế nào được không,map_help
Minh muon biet mo ban do nhu the nao duoc khong,map_help
Bạn kiểm tra giúp điểm học kỳ này của tôi bao nhiêu trong app,training_score
Ban kiem tra giup diem hoc ky nay cua toi bao nhieu trong app,training_score
Mình muốn biết hoạt động tổ chức ở chỗ nào giúp tôi,map_help
Minh muon biet hoat dong to chuc o cho nao giup toi,map_help
Bạn giải thích giúp tôi đã đăng ký CLB nào nha,my_activities
Ban giai thich giup toi da dang ky CLB nao nha,my_activities
Hỏi chút là tôi bị vắng có ảnh hưởng điểm rèn luyện không nha,absent_penalty
Hoi chut la toi bi vang co anh huong diem ren luyen khong nha,absent_penalty
Bạn cho tôi biết bạn có yêu tôi không với giúp mình,unknown
Ban cho toi biet ban co yeu toi khong voi giup minh,unknown
Cho tôi xem vắng bị trừ 6 điểm phải không như thế nào ạ,absent_penalty
Cho toi xem vang bi tru 6 diem phai khong nhu the nao a,absent_penalty
Cho tôi xem điểm của tôi sau khi hoàn thành hoạt động được không bạn,training_score
Cho toi xem diem cua toi sau khi hoan thanh hoat dong duoc khong ban,training_score
Cho tôi hỏi điểm danh của tôi đang ở trạng thái nào với,attendance_status
Cho toi hoi diem danh cua toi dang o trang thai nao voi,attendance_status
Hỏi chút là xem vị trí tổ chức hoạt động vậy,map_help
Hoi chut la xem vi tri to chuc hoat dong vay,map_help
Làm ơn cho tôi biết hướng dẫn điểm danh nhé bạn,check_in_guide
Lam on cho toi biet huong dan diem danh nhe ban,check_in_guide
Giúp tôi xem hôm nay ăn gì,unknown
Giup toi xem hom nay an gi,unknown
Bạn kiểm tra giúp báo lỗi không hiện hoạt động trong app,feedback_help
Ban kiem tra giup bao loi khong hien hoat dong trong app,feedback_help
Mình cần biết tôi đã đăng ký những hoạt động nào với,my_activities
Minh can biet toi da dang ky nhung hoat dong nao voi,my_activities
Mình muốn biết xin được hỗ trợ vậy,greeting
Minh muon biet xin duoc ho tro vay,greeting
Có thể cho tôi biết tôi muốn đặt đồ ăn như thế nào,unknown
Co the cho toi biet toi muon dat do an nhu the nao,unknown
Cách nấu cơm,unknown
Cach nau com,unknown
Mình muốn biết kể chuyện ma đi được không ạ,unknown
Minh muon biet ke chuyen ma di duoc khong a,unknown
Mình cần biết game nào hay giúp tôi,unknown
Minh can biet game nao hay giup toi,unknown
Bạn giải thích giúp báo lỗi không hiện hoạt động nha,feedback_help
Ban giai thich giup bao loi khong hien hoat dong nha,feedback_help
Mình cần biết kể chuyện vui đi ở đâu,unknown
Minh can biet ke chuyen vui di o dau,unknown
Tôi bị từ chối hoạt động nào được không ạ,attendance_status
Toi bi tu choi hoat dong nao duoc khong a,attendance_status
Cho tôi hỏi cách xác nhận tham gia hoạt động ở đâu giúp mình,check_in_guide
Cho toi hoi cach xac nhan tham gia hoat dong o dau giup minh,check_in_guide
Bài hát nào hay,unknown
Bai hat nao hay,unknown
Minh chứng của tôi đã duyệt chưa trên ITConnect nha,attendance_status
Minh chung cua toi da duyet chua tren ITConnect nha,attendance_status
Cho tôi xem cách báo lỗi hệ thống nhé,feedback_help
Cho toi xem cach bao loi he thong nhe,feedback_help
Bạn kiểm tra giúp xem các hoạt động đã đăng ký nhé,my_activities
Ban kiem tra giup xem cac hoat dong da dang ky nhe,my_activities
Cho tôi xem cách nấu cơm được không bạn,unknown
Cho toi xem cach nau com duoc khong ban,unknown
Hỏi chút là chào chatbot nhé,greeting
Hoi chut la chao chatbot nhe,greeting
Bạn kiểm tra giúp xem điểm rèn luyện của tôi trên ITConnect,training_score
Ban kiem tra giup xem diem ren luyen cua toi tren ITConnect,training_score
Bạn giải thích giúp điểm rèn luyện bị trừ khi nào cho tôi,absent_penalty
Ban giai thich giup diem ren luyen bi tru khi nao cho toi,absent_penalty
Mình muốn biết bạn biết nấu ăn không như thế nào,unknown
Minh muon biet ban biet nau an khong nhu the nao,unknown
Bạn giải thích giúp xem địa điểm chương trình bằng bản đồ ở đâu,map_help
Ban giai thich giup xem dia diem chuong trinh bang ban do o dau,map_help
Cho mình hỏi tôi muốn nhận nhắc nhở hoạt động với,notification_help
Cho minh hoi toi muon nhan nhac nho hoat dong voi,notification_help
Cho tôi hỏi từ chối minh chứng mất mấy điểm trong app,absent_penalty
Cho toi hoi tu choi minh chung mat may diem trong app,absent_penalty
Có thể cho tôi biết liên hệ admin như thế nào giúp tôi,feedback_help
Co the cho toi biet lien he admin nhu the nao giup toi,feedback_help
Cho tôi xem cách gửi nội dung phản ánh vậy,feedback_help
Cho toi xem cach gui noi dung phan anh vay,feedback_help
Mình cần biết xếp loại rèn luyện của tôi là gì hiện tại,training_score
Minh can biet xep loai ren luyen cua toi la gi hien tai,training_score
Bạn cho tôi biết tôi muốn bật thông báo được không,notification_help
Ban cho toi biet toi muon bat thong bao duoc khong,notification_help
Giúp tôi xem có hoạt động nào phù hợp để tham gia được không ạ,upcoming_activity
Giup toi xem co hoat dong nao phu hop de tham gia duoc khong a,upcoming_activity
Mình muốn biết bị vắng có được cộng điểm không cho tôi,absent_penalty
Minh muon biet bi vang co duoc cong diem khong cho toi,absent_penalty
Bạn giải thích giúp tôi đang có bao nhiêu điểm được không ạ,training_score
Ban giai thich giup toi dang co bao nhieu diem duoc khong a,training_score
Bạn cho tôi biết tôi muốn gửi lời nhắn cho admin với,feedback_help
Ban cho toi biet toi muon gui loi nhan cho admin voi,feedback_help
Tôi cần xem tôi đã đăng ký CLB nào hiện tại,my_activities
Toi can xem toi da dang ky CLB nao hien tai,my_activities
Tôi muốn hỏi báo sự cố hoạt động như thế nào,feedback_help
Toi muon hoi bao su co hoat dong nhu the nao,feedback_help
Làm ơn cho tôi biết tôi đã ghi danh hoạt động gì cho tôi,my_activities
Lam on cho toi biet toi da ghi danh hoat dong gi cho toi,my_activities
Bạn kiểm tra giúp có thể phản ánh thông tin sai không cho tôi,feedback_help
Ban kiem tra giup co the phan anh thong tin sai khong cho toi,feedback_help
Cho tôi xem tìm đường đến hội trường ở đâu,map_help
Cho toi xem tim duong den hoi truong o dau,map_help
Mình muốn biết minh chứng của tôi đang chờ duyệt không như thế nào,attendance_status
Minh muon biet minh chung cua toi dang cho duyet khong nhu the nao,attendance_status
Cho tôi xem tôi muốn nghe nhạc nha,unknown
Cho toi xem toi muon nghe nhac nha,unknown
Hỏi chút là không điểm danh có bị trừ điểm không nhé,absent_penalty
Hoi chut la khong diem danh co bi tru diem khong nhe,absent_penalty
Cho tôi xem vị trí hội trường xem ở đâu,map_help
Cho toi xem vi tri hoi truong xem o dau,map_help
Cho mình hỏi điểm rèn luyện bị trừ khi nào được không ạ,absent_penalty
Cho minh hoi diem ren luyen bi tru khi nao duoc khong a,absent_penalty
Tôi muốn hỏi bitcoin hôm nay giá bao nhiêu hiện tại,unknown
Toi muon hoi bitcoin hom nay gia bao nhieu hien tai,unknown
Mình muốn biết danh sách hoạt động sắp tới trong hệ thống,upcoming_activity
Minh muon biet danh sach hoat dong sap toi trong he thong,upcoming_activity
Hỏi chút là hôm nay ăn gì ở đâu,unknown
Hoi chut la hom nay an gi o dau,unknown
Mình cần biết tôi đang chờ duyệt phải không cho tôi,attendance_status
Minh can biet toi dang cho duyet phai khong cho toi,attendance_status
Làm ơn cho tôi biết bạn có yêu tôi không với,unknown
Lam on cho toi biet ban co yeu toi khong voi,unknown
Giúp tôi xem điểm rèn luyện có bị trừ không nha,training_score
Giup toi xem diem ren luyen co bi tru khong nha,training_score
Mình cần biết tôi còn bao nhiêu điểm sau khi vắng ở đâu,training_score
Minh can biet toi con bao nhieu diem sau khi vang o dau,training_score
Làm ơn cho tôi biết bị vắng một hoạt động thì trừ bao nhiêu ở đâu giúp mình,absent_penalty
Lam on cho toi biet bi vang mot hoat dong thi tru bao nhieu o dau giup minh,absent_penalty
Bạn giải thích giúp cho tôi lịch bóng đá nha,unknown
Ban giai thich giup cho toi lich bong da nha,unknown
Tôi cần xem tôi đã đăng ký CLB nào được không,my_activities
Toi can xem toi da dang ky CLB nao duoc khong,my_activities
Tui muốn hỏi tư vấn mua điện thoại trên ITConnect,unknown
Tui muon hoi tu van mua dien thoai tren ITConnect,unknown
Tôi muốn hỏi chương trình gần đây có gì hiện tại,upcoming_activity
Toi muon hoi chuong trinh gan day co gi hien tai,upcoming_activity
Làm ơn cho tôi biết minh chứng sai thì có bị phạt không trên ITConnect,absent_penalty
Lam on cho toi biet minh chung sai thi co bi phat khong tren ITConnect,absent_penalty
Tôi cần xem làm sao nhận tin tức quan trọng được không,notification_help
Toi can xem lam sao nhan tin tuc quan trong duoc khong,notification_help
Làm ơn cho tôi biết tôi muốn xem kết quả điểm danh ở đâu với ạ,attendance_status
Lam on cho toi biet toi muon xem ket qua diem danh o dau voi a,attendance_status
Có thể cho tôi biết điểm sau khi bị từ chối minh chứng hiện tại,training_score
Co the cho toi biet diem sau khi bi tu choi minh chung hien tai,training_score
Cho tôi hỏi chào bạn trong app ạ,greeting
Cho toi hoi chao ban trong app a,greeting
Cho tôi hỏi có ai hỗ trợ không vậy,greeting
Cho toi hoi co ai ho tro khong vay,greeting
Tôi muốn biết loại rèn luyện,training_score
Toi muon biet loai ren luyen,training_score
Cho mình hỏi tôi muốn tìm hội trường C nha,map_help
Cho minh hoi toi muon tim hoi truong C nha,map_help
Bạn cho tôi biết tôi cần làm gì để check in được không bạn,check_in_guide
Ban cho toi biet toi can lam gi de check in duoc khong ban,check_in_guide
Tôi muốn hỏi tôi được duyệt hoạt động nào được không,attendance_status
Toi muon hoi toi duoc duyet hoat dong nao duoc khong,attendance_status
Có thể cho tôi biết xếp loại rèn luyện của tôi là gì như thế nào,training_score
Co the cho toi biet xep loai ren luyen cua toi la gi nhu the nao,training_score
Giúp tôi xem tôi không biết địa điểm hoạt động giúp tôi,map_help
Giup toi xem toi khong biet dia diem hoat dong giup toi,map_help
Map trong ITConnect ở đâu,map_help
Map trong ITConnect o dau,map_help
Tôi muốn hỏi bản đồ trường mở thế nào với ạ,map_help
Toi muon hoi ban do truong mo the nao voi a,map_help
Giúp tôi xem minh chứng không hợp lệ có bị trừ điểm không như thế nào với ạ,absent_penalty
Giup toi xem minh chung khong hop le co bi tru diem khong nhu the nao voi a,absent_penalty
Cho tôi hỏi trạng thái minh chứng của tôi,attendance_status
Cho toi hoi trang thai minh chung cua toi,attendance_status
Bạn cho tôi biết app có gửi thông báo không được không ạ,notification_help
Ban cho toi biet app co gui thong bao khong duoc khong a,notification_help
Mình cần biết hoạt động tôi đã chọn ở đâu,my_activities
Minh can biet hoat dong toi da chon o dau,my_activities
Tôi cần xem hoạt động cá nhân của tôi được không ạ,my_activities
Toi can xem hoat dong ca nhan cua toi duoc khong a,my_activities
Giúp tôi xem mục điểm danh nằm ở đâu trong hệ thống,check_in_guide
Giup toi xem muc diem danh nam o dau trong he thong,check_in_guide
Gửi ý kiến cho quản trị viên được không bạn,feedback_help
Gui y kien cho quan tri vien duoc khong ban,feedback_help
Hoạt động nào sắp bắt đầu,upcoming_activity
Hoat dong nao sap bat dau,upcoming_activity
Mình cần biết điểm rèn luyện có tối đa bao nhiêu trên ITConnect,training_score
Minh can biet diem ren luyen co toi da bao nhieu tren ITConnect,training_score
Mình muốn biết hello được không,greeting
Minh muon biet hello duoc khong,greeting
Tôi cần xem cách gửi góp ý nha,feedback_help
Toi can xem cach gui gop y nha,feedback_help
Bạn giải thích giúp tôi bị từ chối điểm danh chưa trong app,attendance_status
Ban giai thich giup toi bi tu choi diem danh chua trong app,attendance_status
Bạn giải thích giúp tôi cần hỏi nhanh được không ạ,greeting
Ban giai thich giup toi can hoi nhanh duoc khong a,greeting
Mình muốn biết gửi phản hồi về hoạt động giúp tôi,feedback_help
Minh muon biet gui phan hoi ve hoat dong giup toi,feedback_help
Bạn kiểm tra giúp bài hát nào hay được không ạ,unknown
Ban kiem tra giup bai hat nao hay duoc khong a,unknown
Bạn giải thích giúp cách xem thông báo trong app,notification_help
Ban giai thich giup cach xem thong bao trong app,notification_help
Mình muốn biết tôi muốn kiểm tra thông báo ở đâu,notification_help
Minh muon biet toi muon kiem tra thong bao o dau,notification_help
Hỏi chút là tại sao có chấm đỏ thông báo nha,notification_help
Hoi chut la tai sao co cham do thong bao nha,notification_help
Cho tôi xem gửi phản hồi cho admin được không ạ,feedback_help
Cho toi xem gui phan hoi cho admin duoc khong a,feedback_help
Cho tôi xem tôi có thể đăng ký hoạt động nào được không ạ,upcoming_activity
Cho toi xem toi co the dang ky hoat dong nao duoc khong a,upcoming_activity
Tôi muốn hỏi chào buổi chiều,greeting
Toi muon hoi chao buoi chieu,greeting
Tôi được cộng bao nhiêu điểm,training_score
Toi duoc cong bao nhieu diem,training_score
Có thể cho tôi biết tôi muốn báo lỗi check in hiện tại,feedback_help
Co the cho toi biet toi muon bao loi check in hien tai,feedback_help
Có seminar nào sắp tới không,upcoming_activity
Co seminar nao sap toi khong,upcoming_activity
Tôi cần xem tìm sân trường trên bản đồ được không,map_help
Toi can xem tim san truong tren ban do duoc khong,map_help
Từ chối minh chứng mất mấy điểm trên ITConnect,absent_penalty
Tu choi minh chung mat may diem tren ITConnect,absent_penalty
Giúp tôi xem chụp ảnh đẹp như thế nào như thế nào,unknown
Giup toi xem chup anh dep nhu the nao nhu the nao,unknown
Tôi cần xem tôi đăng ký workshop nào ở đâu,my_activities
Toi can xem toi dang ky workshop nao o dau,my_activities
Bạn giải thích giúp sắp tới có sự kiện gì nhé,upcoming_activity
Ban giai thich giup sap toi co su kien gi nhe,upcoming_activity
Cho tôi xem trạng thái chờ duyệt của tôi trong app,attendance_status
Cho toi xem trang thai cho duyet cua toi trong app,attendance_status
Cho mình hỏi chào trợ lý trong app,greeting
Cho minh hoi chao tro ly trong app,greeting
Cho tôi xem có hoạt động mới không giúp tôi,upcoming_activity
Cho toi xem co hoat dong moi khong giup toi,upcoming_activity
Mình muốn biết điểm rèn luyện có tối đa bao nhiêu giúp tôi,training_score
Minh muon biet diem ren luyen co toi da bao nhieu giup toi,training_score
Liên hệ admin như thế nào trong hệ thống,feedback_help
Lien he admin nhu the nao trong he thong,feedback_help
Tôi muốn hỏi vắng thì bị trừ bao nhiêu điểm trong app,absent_penalty
Toi muon hoi vang thi bi tru bao nhieu diem trong app,absent_penalty
Bạn cho tôi biết tôi muốn xem hoạt động mới nhất ở đâu bạn,upcoming_activity
Ban cho toi biet toi muon xem hoat dong moi nhat o dau ban,upcoming_activity
Cho tôi xem sắp tới có sự kiện gì hiện tại bạn,upcoming_activity
Cho toi xem sap toi co su kien gi hien tai ban,upcoming_activity
Tôi cần xem tôi muốn hỏi thông tin giúp tôi,greeting
Toi can xem toi muon hoi thong tin giup toi,greeting
Mình cần xem xem hoạt động theo học kỳ của tôi với,my_activities
Minh can xem xem hoat dong theo hoc ky cua toi voi,my_activities
Mình muốn biết điểm rèn luyện HK này thế nào trong hệ thống,training_score
Minh muon biet diem ren luyen HK nay the nao trong he thong,training_score
Làm ơn cho tôi biết tôi cần minh chứng gì khi check in nha,check_in_guide
Lam on cho toi biet toi can minh chung gi khi check in nha,check_in_guide
Cho tôi hỏi tôi muốn đặt vé máy bay trong hệ thống,unknown
Cho toi hoi toi muon dat ve may bay trong he thong,unknown
Cho mình hỏi tôi đã ghi danh hoạt động gì được không ạ,my_activities
Cho minh hoi toi da ghi danh hoat dong gi duoc khong a,my_activities
Bạn giải thích giúp làm sao gửi yêu cầu hỗ trợ giúp tôi,feedback_help
Ban giai thich giup lam sao gui yeu cau ho tro giup toi,feedback_help
Tui cần xem bạn có ở đó không vậy,greeting
Tui can xem ban co o do khong vay,greeting
Cho tôi xem tôi bị trừ bao nhiêu điểm cho tôi,training_score
Cho toi xem toi bi tru bao nhieu diem cho toi,training_score
Cho mình hỏi tôi check in bằng cách nào như thế nào,check_in_guide
Cho minh hoi toi check in bang cach nao nhu the nao,check_in_guide
Bị vắng có được cộng điểm không trong hệ thống,absent_penalty
Bi vang co duoc cong diem khong trong he thong,absent_penalty
Mình cần biết tìm địa điểm trong trường được không ạ,map_help
Minh can biet tim dia diem trong truong duoc khong a,map_help
Bạn giải thích giúp admin đã duyệt minh chứng chưa nhé,attendance_status
Ban giai thich giup admin da duyet minh chung chua nhe,attendance_status
Em muốn hỏi tôi có đạt loại tốt không trong app,training_score
Em muon hoi toi co dat loai tot khong trong app,training_score
Góp ý cho hệ thống ở đâu,feedback_help
Gop y cho he thong o dau,feedback_help
Giúp tôi xem tìm địa điểm trong trường được không ạ với ạ,map_help
Giup toi xem tim dia diem trong truong duoc khong a voi a,map_help
Làm ơn cho tôi biết tôi có hoạt động nào chưa xử lý không được không,attendance_status
Lam on cho toi biet toi co hoat dong nao chua xu ly khong duoc khong,attendance_status
Cho mình hỏi điểm rèn luyện của học kỳ hiện tại trong hệ thống,training_score
Cho minh hoi diem ren luyen cua hoc ky hien tai trong he thong,training_score
Bạn cho tôi biết sự kiện nào đang mở được không bạn,upcoming_activity
Ban cho toi biet su kien nao dang mo duoc khong ban,upcoming_activity
Mình muốn biết cách nấu cơm với,unknown
Minh muon biet cach nau com voi,unknown
Làm ơn cho tôi biết địa điểm workshop ở đâu giúp tôi nhé,map_help
Lam on cho toi biet dia diem workshop o dau giup toi nhe,map_help
Bạn kiểm tra giúp tôi muốn gửi phản hồi nhanh ở đâu,feedback_help
Ban kiem tra giup toi muon gui phan hoi nhanh o dau,feedback_help
Điểm rèn luyện bị trừ khi nào,absent_penalty
Diem ren luyen bi tru khi nao,absent_penalty
Bạn cho tôi biết cách báo lỗi hệ thống như thế nào,feedback_help
Ban cho toi biet cach bao loi he thong nhu the nao,feedback_help
Làm ơn cho tôi biết không tham gia sau khi đăng ký thì sao được không ạ,absent_penalty
Lam on cho toi biet khong tham gia sau khi dang ky thi sao duoc khong a,absent_penalty
Mình muốn biết tôi muốn xem tin quan trọng giúp tôi,notification_help
Minh muon biet toi muon xem tin quan trong giup toi,notification_help
Tôi muốn hỏi bản đồ có chỉ vị trí không được không bạn,map_help
Toi muon hoi ban do co chi vi tri khong duoc khong ban,map_help
Bạn cho tôi biết báo lỗi không hiện hoạt động được không ạ,feedback_help
Ban cho toi biet bao loi khong hien hoat dong duoc khong a,feedback_help
Mình muốn biết tôi muốn báo lỗi đăng ký hoạt động giúp tôi,feedback_help
Minh muon biet toi muon bao loi dang ky hoat dong giup toi,feedback_help
Giúp tôi xem minh chứng đã được chấp nhận chưa cho tôi,attendance_status
Giup toi xem minh chung da duoc chap nhan chua cho toi,attendance_status
Hỏi chút là mình cần trợ giúp vậy,greeting
Hoi chut la minh can tro giup vay,greeting
Mình cần biết tôi đã đăng ký CLB nào với,my_activities
Minh can biet toi da dang ky CLB nao voi,my_activities
Mục góp ý nằm ở đâu,feedback_help
Muc gop y nam o dau,feedback_help
Bạn cho tôi biết có thể phản ánh thông tin sai không với,feedback_help
Ban cho toi biet co the phan anh thong tin sai khong voi,feedback_help
Hỏi chút là có ai hỗ trợ không hiện tại,greeting
Hoi chut la co ai ho tro khong hien tai,greeting
Cho tôi xem không tham gia sau khi đăng ký thì sao trong app,absent_penalty
Cho toi xem khong tham gia sau khi dang ky thi sao trong app,absent_penalty
Bạn cho tôi biết tư vấn mua laptop trên ITConnect,unknown
Ban cho toi biet tu van mua laptop tren ITConnect,unknown
Cho mình hỏi tôi muốn tắt thông báo hiện tại,notification_help
Cho minh hoi toi muon tat thong bao hien tai,notification_help
Hỏi chút là chương trình học thuật sắp tới ở đâu,upcoming_activity
Hoi chut la chuong trinh hoc thuat sap toi o dau,upcoming_activity
Bạn cho tôi biết kiểm tra trạng thái điểm danh giúp tôi,attendance_status
Ban cho toi biet kiem tra trang thai diem danh giup toi,attendance_status
Giúp tôi xem mục thông báo trên trang chủ ở đâu trong app bạn,notification_help
Giup toi xem muc thong bao tren trang chu o dau trong app ban,notification_help
Bạn kiểm tra giúp mục góp ý nằm ở đâu giúp tôi,feedback_help
Ban kiem tra giup muc gop y nam o dau giup toi,feedback_help
Danh sách hoạt động đang nhận đăng ký,upcoming_activity
Danh sach hoat dong dang nhan dang ky,upcoming_activity
Mình muốn biết chào buổi tối được không,greeting
Minh muon biet chao buoi toi duoc khong,greeting
Tôi đã đăng ký CLB nào,my_activities
Toi da dang ky CLB nao,my_activities
Hỏi chút là tôi có đang chờ xử lý không trong app,attendance_status
Hoi chut la toi co dang cho xu ly khong trong app,attendance_status
Có thể cho tôi biết trạng thái điểm danh của tôi được không bạn,attendance_status
Co the cho toi biet trang thai diem danh cua toi duoc khong ban,attendance_status
Tôi muốn hỏi tìm hoạt động sắp diễn ra hiện tại,upcoming_activity
Toi muon hoi tim hoat dong sap dien ra hien tai,upcoming_activity
Mình muốn biết kiểm tra hoạt động đã đăng ký như thế nào,my_activities
Minh muon biet kiem tra hoat dong da dang ky nhu the nao,my_activities
Tôi muốn hỏi tôi không thấy thông báo được không ạ giúp tôi,notification_help
Toi muon hoi toi khong thay thong bao duoc khong a giup toi,notification_help
Giúp tôi xem xem điểm rèn luyện của tôi cho tôi,training_score
Giup toi xem xem diem ren luyen cua toi cho toi,training_score
Mình muốn biết check in có cần gửi ảnh không giúp tôi,check_in_guide
Minh muon biet check in co can gui anh khong giup toi,check_in_guide
Cho mình hỏi mở scanner ở đâu trong app,check_in_guide
Cho minh hoi mo scanner o dau trong app,check_in_guide
Giúp tôi xem danh sách đăng ký của tôi trong app,my_activities
Giup toi xem danh sach dang ky cua toi trong app,my_activities
Mình muốn biết tôi muốn xem phim được không,unknown
Minh muon biet toi muon xem phim duoc khong,unknown
Bạn kiểm tra giúp không tham gia sau khi đăng ký thì sao trên ITConnect nhé,absent_penalty
Ban kiem tra giup khong tham gia sau khi dang ky thi sao tren ITConnect nhe,absent_penalty
Cho tôi xem mở scanner ở đâu trong app,check_in_guide
Cho toi xem mo scanner o dau trong app,check_in_guide
Bạn kiểm tra giúp tôi muốn phản hồi về app với,feedback_help
Ban kiem tra giup toi muon phan hoi ve app voi,feedback_help
Có thể cho tôi biết nhắc nhở hoạt động ở đâu trong app,notification_help
Co the cho toi biet nhac nho hoat dong o dau trong app,notification_help
Làm ơn cho tôi biết tôi muốn báo lỗi điểm danh giúp tôi,feedback_help
Lam on cho toi biet toi muon bao loi diem danh giup toi,feedback_help
Cho tôi xem có hoạt động nào hôm nay không nha,upcoming_activity
Cho toi xem co hoat dong nao hom nay khong nha,upcoming_activity
Giúp tôi xem sau khi quét QR cần làm gì với,check_in_guide
Giup toi xem sau khi quet QR can lam gi voi,check_in_guide
Có thể cho tôi biết tôi đã đăng ký những hoạt động nào ở đâu,my_activities
Co the cho toi biet toi da dang ky nhung hoat dong nao o dau,my_activities
Em muốn hỏi làm sao đến sân trường với,map_help
Em muon hoi lam sao den san truong voi,map_help
Cho tôi xem cách gửi nội dung phản ánh vậy bạn,feedback_help
Cho toi xem cach gui noi dung phan anh vay ban,feedback_help
Giúp tôi xem địa điểm workshop ở đâu hiện tại,map_help
Giup toi xem dia diem workshop o dau hien tai,map_help
Có thể cho tôi biết không gửi minh chứng có bị vắng không giúp tôi,absent_penalty
Co the cho toi biet khong gui minh chung co bi vang khong giup toi,absent_penalty
Mình muốn biết kiểm tra lịch tham gia của tôi giúp tôi,my_activities
Minh muon biet kiem tra lich tham gia cua toi giup toi,my_activities
Gửi phản hồi về hoạt động,feedback_help
Gui phan hoi ve hoat dong,feedback_help
Alo bạn ơi,greeting
Alo ban oi,greeting
Bạn hỗ trợ sinh viên đúng không,greeting
Ban ho tro sinh vien dung khong,greeting
Tôi muốn hỏi hoạt động học thuật sắp tới trong app,upcoming_activity
Toi muon hoi hoat dong hoc thuat sap toi trong app,upcoming_activity
Cho tôi hỏi liên hệ admin như thế nào cho tôi,feedback_help
Cho toi hoi lien he admin nhu the nao cho toi,feedback_help
Mình muốn biết vắng hoạt động bị trừ mấy điểm với,absent_penalty
Minh muon biet vang hoat dong bi tru may diem voi,absent_penalty
Có thể cho tôi biết cách quét mã QR điểm danh giúp tôi,check_in_guide
Co the cho toi biet cach quet ma QR diem danh giup toi,check_in_guide
Hỏi chút là tôi muốn xem hoạt động mới nhất như thế nào,upcoming_activity
Hoi chut la toi muon xem hoat dong moi nhat nhu the nao,upcoming_activity
Bạn cho tôi biết tôi muốn xem hoạt động mới nhất,upcoming_activity
Ban cho toi biet toi muon xem hoat dong moi nhat,upcoming_activity
Tui cần xem tư vấn mua xe máy được không,unknown
Tui can xem tu van mua xe may duoc khong,unknown
Danh sách hoạt động sắp tới,upcoming_activity
Danh sach hoat dong sap toi,upcoming_activity
Làm ơn cho tôi biết chatbot ơi cho tôi,greeting
Lam on cho toi biet chatbot oi cho toi,greeting
Cho mình hỏi tôi muốn gửi ảnh minh chứng trên ITConnect,check_in_guide
Cho minh hoi toi muon gui anh minh chung tren ITConnect,check_in_guide
Mình cần biết điểm danh đã được chốt chưa trong hệ thống,attendance_status
Minh can biet diem danh da duoc chot chua trong he thong,attendance_status
Bạn cho tôi biết tôi đang chờ duyệt phải không trong app nhé,attendance_status
Ban cho toi biet toi dang cho duyet phai khong trong app nhe,attendance_status
Bạn cho tôi biết tôi bị từ chối điểm danh chưa với,attendance_status
Ban cho toi biet toi bi tu choi diem danh chua voi,attendance_status
Cho tôi xem hoạt động của tôi,my_activities
Cho toi xem hoat dong cua toi,my_activities
Mình muốn biết hoạt động tôi đã chọn được không ạ với ạ,my_activities
Minh muon biet hoat dong toi da chon duoc khong a voi a,my_activities
Cho mình hỏi xem địa điểm hoạt động bằng bản đồ trong hệ thống giúp tôi,map_help
Cho minh hoi xem dia diem hoat dong bang ban do trong he thong giup toi,map_help
Mình cần biết cần mở camera để điểm danh không trong hệ thống,check_in_guide
Minh can biet can mo camera de diem danh khong trong he thong,check_in_guide
Tôi muốn hỏi hướng dẫn điểm danh,check_in_guide
Toi muon hoi huong dan diem danh,check_in_guide
Mình cần biết tôi muốn xem hoạt động của mình ở đâu,my_activities
Minh can biet toi muon xem hoat dong cua minh o dau,my_activities
Hỏi chút là tôi không nhận được nhắc nhở hiện tại giúp tôi,notification_help
Hoi chut la toi khong nhan duoc nhac nho hien tai giup toi,notification_help
Mình muốn biết có thể góp ý cho admin không được không bạn,feedback_help
Minh muon biet co the gop y cho admin khong duoc khong ban,feedback_help
Cho tôi hỏi hoạt động nào gần nhất nha,upcoming_activity
Cho toi hoi hoat dong nao gan nhat nha,upcoming_activity
Bạn kiểm tra giúp tôi phải chụp minh chứng như thế nào được không giúp tôi,check_in_guide
Ban kiem tra giup toi phai chup minh chung nhu the nao duoc khong giup toi,check_in_guide
Làm ơn cho tôi biết hoạt động CLB gần nhất là gì trong app,upcoming_activity
Lam on cho toi biet hoat dong CLB gan nhat la gi trong app,upcoming_activity
Tôi muốn hỏi thông báo nằm ở đâu vậy,notification_help
Toi muon hoi thong bao nam o dau vay,notification_help
Cho mình hỏi có chương trình nào phù hợp để tham gia ở đâu,upcoming_activity
Cho minh hoi co chuong trinh nao phu hop de tham gia o dau,upcoming_activity
Giúp tôi xem tôi đăng ký workshop nào cho tôi,my_activities
Giup toi xem toi dang ky workshop nao cho toi,my_activities
Gửi phản hồi cho admin,feedback_help
Gui phan hoi cho admin,feedback_help
Mình muốn biết điểm danh đã được chốt chưa ở đâu,attendance_status
Minh muon biet diem danh da duoc chot chua o dau,attendance_status
Điểm rèn luyện có bị trừ không vậy bạn,training_score
Diem ren luyen co bi tru khong vay ban,training_score
Mình cần xem tôi đã đăng ký CLB nào nhé,my_activities
Minh can xem toi da dang ky CLB nao nhe,my_activities
Tôi muốn hỏi những hoạt động còn mở đăng ký giúp tôi,upcoming_activity
Toi muon hoi nhung hoat dong con mo dang ky giup toi,upcoming_activity
Làm ơn cho tôi biết bạn có thể làm thơ không trong app,unknown
Lam on cho toi biet ban co the lam tho khong trong app,unknown
Bạn giải thích giúp cách xác nhận tham gia hoạt động nha,check_in_guide
Ban giai thich giup cach xac nhan tham gia hoat dong nha,check_in_guide
Cho mình hỏi xem vị trí tổ chức hoạt động như thế nào,map_help
Cho minh hoi xem vi tri to chuc hoat dong nhu the nao,map_help
Cho tôi xem bạn hỗ trợ gì được cho tôi ở đâu,greeting
Cho toi xem ban ho tro gi duoc cho toi o dau,greeting
Làm ơn cho tôi biết vắng bị trừ 6 điểm phải không nha,absent_penalty
Lam on cho toi biet vang bi tru 6 diem phai khong nha,absent_penalty
Làm ơn cho tôi biết tôi cần hỗ trợ được không bạn,greeting
Lam on cho toi biet toi can ho tro duoc khong ban,greeting
Giúp tôi xem tôi muốn xem hoạt động mới nhất ở đâu,upcoming_activity
Giup toi xem toi muon xem hoat dong moi nhat o dau,upcoming_activity
Tui cần xem từ chối điểm danh có trừ điểm không được không ạ,absent_penalty
Tui can xem tu choi diem danh co tru diem khong duoc khong a,absent_penalty
Bạn kiểm tra giúp tư vấn mua xe máy trên ITConnect,unknown
Ban kiem tra giup tu van mua xe may tren ITConnect,unknown
Làm ơn cho tôi biết hoạt động nào đang mở đăng ký vậy giúp tôi,upcoming_activity
Lam on cho toi biet hoat dong nao dang mo dang ky vay giup toi,upcoming_activity
Hỏi chút là làm sao biết có hoạt động mới giúp tôi,notification_help
Hoi chut la lam sao biet co hoat dong moi giup toi,notification_help
Tôi cần xem tôi được xếp loại gì,training_score
Toi can xem toi duoc xep loai gi,training_score
Tôi muốn hỏi tôi muốn dùng chatbot được không ạ,greeting
Toi muon hoi toi muon dung chatbot duoc khong a,greeting
Bạn kiểm tra giúp điểm rèn luyện của tôi bao nhiêu nha,training_score
Ban kiem tra giup diem ren luyen cua toi bao nhieu nha,training_score
Cho mình hỏi mục hoạt động của tôi ở đâu vậy,my_activities
Cho minh hoi muc hoat dong cua toi o dau vay,my_activities
Cách hoàn tất điểm danh,check_in_guide
Cach hoan tat diem danh,check_in_guide
Giúp tôi xem không quét QR có bị trừ điểm không vậy nhé,absent_penalty
Giup toi xem khong quet QR co bi tru diem khong vay nhe,absent_penalty
Có thể cho tôi biết điểm rèn luyện có bị trừ không trong app,training_score
Co the cho toi biet diem ren luyen co bi tru khong trong app,training_score
Hỏi chút là hoạt động học thuật sắp tới vậy,upcoming_activity
Hoi chut la hoat dong hoc thuat sap toi vay,upcoming_activity
Giúp tôi xem chào buổi tối trong app,greeting
Giup toi xem chao buoi toi trong app,greeting
Trạng thái minh chứng của tôi,attendance_status
Trang thai minh chung cua toi,attendance_status
Làm ơn cho tôi biết hôm nay thời tiết thế nào trong hệ thống,unknown
Lam on cho toi biet hom nay thoi tiet the nao trong he thong,unknown
Cho mình hỏi điểm danh QR ở đâu trên ITConnect,check_in_guide
Cho minh hoi diem danh QR o dau tren ITConnect,check_in_guide
Bạn giải thích giúp bạn có thể làm thơ không vậy,unknown
Ban giai thich giup ban co the lam tho khong vay,unknown
Cho tôi hỏi bitcoin hôm nay giá bao nhiêu được không,unknown
Cho toi hoi bitcoin hom nay gia bao nhieu duoc khong,unknown
Hỏi chút là có seminar nào sắp tới không được không bạn,upcoming_activity
Hoi chut la co seminar nao sap toi khong duoc khong ban,upcoming_activity
Cho tôi hỏi tôi muốn nghe nhạc vậy giúp tôi,unknown
Cho toi hoi toi muon nghe nhac vay giup toi,unknown
Bạn giải thích giúp minh chứng đã được chấp nhận chưa ở đâu,attendance_status
Ban giai thich giup minh chung da duoc chap nhan chua o dau,attendance_status
Có thể cho tôi biết không điểm danh có bị trừ điểm không ở đâu,absent_penalty
Co the cho toi biet khong diem danh co bi tru diem khong o dau,absent_penalty
Làm ơn cho tôi biết lịch hoạt động đã đăng ký được không ạ,my_activities
Lam on cho toi biet lich hoat dong da dang ky duoc khong a,my_activities
Có thể cho tôi biết tôi muốn đặt vé máy bay cho tôi,unknown
Co the cho toi biet toi muon dat ve may bay cho toi,unknown
Bạn cho tôi biết tại sao có chấm đỏ thông báo với,notification_help
Ban cho toi biet tai sao co cham do thong bao voi,notification_help
Giúp tôi xem mục góp ý nằm ở đâu trong app,feedback_help
Giup toi xem muc gop y nam o dau trong app,feedback_help
Mình muốn biết tìm đường đến hội trường giúp tôi,map_help
Minh muon biet tim duong den hoi truong giup toi,map_help
Cho tôi xem cách gửi minh chứng quét QR,check_in_guide
Cho toi xem cach gui minh chung quet QR,check_in_guide
Mình muốn biết tôi muốn gửi phản hồi nhanh,feedback_help
Minh muon biet toi muon gui phan hoi nhanh,feedback_help
Tôi muốn hỏi hoạt động cá nhân của tôi trong hệ thống,my_activities
Toi muon hoi hoat dong ca nhan cua toi trong he thong,my_activities
Cách gửi nội dung phản ánh,feedback_help
Cach gui noi dung phan anh,feedback_help
Làm ơn cho tôi biết điểm hiện tại của tôi là bao nhiêu giúp tôi,training_score
Lam on cho toi biet diem hien tai cua toi la bao nhieu giup toi,training_score
Tôi không biết địa điểm hoạt động,map_help
Toi khong biet dia diem hoat dong,map_help
Bạn kiểm tra giúp điểm rèn luyện bị trừ khi nào ở đâu,absent_penalty
Ban kiem tra giup diem ren luyen bi tru khi nao o dau,absent_penalty
Cho mình hỏi bản đồ có chỉ vị trí không giúp tôi,map_help
Cho minh hoi ban do co chi vi tri khong giup toi,map_help
Có thể cho tôi biết danh sách sự kiện sắp diễn ra hiện tại,upcoming_activity
Co the cho toi biet danh sach su kien sap dien ra hien tai,upcoming_activity
Cho tôi hỏi điểm danh thất bại có bị trừ điểm không vậy,absent_penalty
Cho toi hoi diem danh that bai co bi tru diem khong vay,absent_penalty
Mình cần xem điểm rèn luyện của học kỳ hiện tại được không bạn,training_score
Minh can xem diem ren luyen cua hoc ky hien tai duoc khong ban,training_score
Cho mình hỏi tôi muốn kiểm tra kết quả check in trong hệ thống,attendance_status
Cho minh hoi toi muon kiem tra ket qua check in trong he thong,attendance_status
Bạn giải thích giúp cho tôi xem hoạt động của tôi trong app,my_activities
Ban giai thich giup cho toi xem hoat dong cua toi trong app,my_activities
Mình muốn biết thông báo hoạt động sắp diễn ra ở đâu giúp tôi ạ,notification_help
Minh muon biet thong bao hoat dong sap dien ra o dau giup toi a,notification_help
Cho tôi xem thông báo hoạt động mới xem ở đâu giúp tôi,notification_help
Cho toi xem thong bao hoat dong moi xem o dau giup toi,notification_help
Làm ơn cho tôi biết tư vấn mua điện thoại với,unknown
Lam on cho toi biet tu van mua dien thoai voi,unknown
Làm ơn cho tôi biết xếp loại rèn luyện của tôi là gì như thế nào,training_score
Lam on cho toi biet xep loai ren luyen cua toi la gi nhu the nao,training_score
Cho mình hỏi hôm nay thời tiết thế nào hiện tại,unknown
Cho minh hoi hom nay thoi tiet the nao hien tai,unknown
Cho mình hỏi tôi muốn xem bản đồ trường nhé,map_help
Cho minh hoi toi muon xem ban do truong nhe,map_help
Cho tôi xem tôi muốn hỏi về ứng dụng nhé,greeting
Cho toi xem toi muon hoi ve ung dung nhe,greeting
Làm ơn cho tôi biết sự kiện nào đang mở hiện tại,upcoming_activity
Lam on cho toi biet su kien nao dang mo hien tai,upcoming_activity
Xem minh chứng đã duyệt,attendance_status
Xem minh chung da duyet,attendance_status
Giúp tôi xem mục thông báo trên trang chủ ở đâu,notification_help
Giup toi xem muc thong bao tren trang chu o dau,notification_help
Cho tôi xem chào buổi chiều hiện tại,greeting
Cho toi xem chao buoi chieu hien tai,greeting
Tôi cần xem hoạt động nào gần nhất vậy,upcoming_activity
Toi can xem hoat dong nao gan nhat vay,upcoming_activity
Cho tôi xem tôi cần bấm nút nào để check in,check_in_guide
Cho toi xem toi can bam nut nao de check in,check_in_guide
Mình cần biết dự báo thời tiết ngày mai nhé,unknown
Minh can biet du bao thoi tiet ngay mai nhe,unknown
Có thể cho tôi biết bạn có thể làm thơ không giúp tôi,unknown
Co the cho toi biet ban co the lam tho khong giup toi,unknown
Tôi cần xem cách tìm phòng học nha,map_help
Toi can xem cach tim phong hoc nha,map_help
App bị lỗi thì báo ở đâu,feedback_help
App bi loi thi bao o dau,feedback_help
Làm ơn cho tôi biết ngày mai có hoạt động nào không được không,upcoming_activity
Lam on cho toi biet ngay mai co hoat dong nao khong duoc khong,upcoming_activity
Bạn giải thích giúp tìm đường đến hội trường ở đâu,map_help
Ban giai thich giup tim duong den hoi truong o dau,map_help
Cho tôi hỏi tôi muốn nghe tin tức được không ạ giúp tôi,unknown
Cho toi hoi toi muon nghe tin tuc duoc khong a giup toi,unknown
Điểm sau khi bị từ chối minh chứng vậy,training_score
Diem sau khi bi tu choi minh chung vay,training_score
Tôi cần xem hoạt động tổ chức ở chỗ nào trên ITConnect,map_help
Toi can xem hoat dong to chuc o cho nao tren ITConnect,map_help
Tôi muốn hỏi điểm danh có cần gửi ảnh không,check_in_guide
Toi muon hoi diem danh co can gui anh khong,check_in_guide
Tôi muốn hỏi địa điểm hoạt động nằm ở đâu giúp tôi,map_help
Toi muon hoi dia diem hoat dong nam o dau giup toi,map_help
Có thể chọn ảnh QR để điểm danh không,check_in_guide
Co the chon anh QR de diem danh khong,check_in_guide
Cho tôi xem lịch hoạt động của tôi,my_activities
Cho toi xem lich hoat dong cua toi,my_activities
Cho mình hỏi vắng hoạt động đã đăng ký có sao không nhé,absent_penalty
Cho minh hoi vang hoat dong da dang ky co sao khong nhe,absent_penalty
Điểm rèn luyện bị trừ khi nào trong app,absent_penalty
Diem ren luyen bi tru khi nao trong app,absent_penalty
Bạn giải thích giúp có bản đồ khuôn viên không trong app,map_help
Ban giai thich giup co ban do khuon vien khong trong app,map_help
Cho mình hỏi chào buổi sáng nhé,greeting
Cho minh hoi chao buoi sang nhe,greeting
Cho tôi xem cho xem sự kiện trong học kỳ này như thế nào,my_activities
Cho toi xem cho xem su kien trong hoc ky nay nhu the nao,my_activities
Bạn giải thích giúp tôi muốn nhận nhắc nhở hoạt động nhé nha,notification_help
Ban giai thich giup toi muon nhan nhac nho hoat dong nhe nha,notification_help
Mình cần biết làm sao xem tin nhắn thông báo vậy với ạ,notification_help
Minh can biet lam sao xem tin nhan thong bao vay voi a,notification_help
Tôi muốn hỏi admin đã duyệt minh chứng chưa được không ạ,attendance_status
Toi muon hoi admin da duyet minh chung chua duoc khong a,attendance_status
Bạn cho tôi biết vắng bị trừ 6 điểm phải không ở đâu,absent_penalty
Ban cho toi biet vang bi tru 6 diem phai khong o dau,absent_penalty
Tôi muốn hỏi lịch hoạt động của tôi được không ạ,my_activities
Toi muon hoi lich hoat dong cua toi duoc khong a,my_activities
Báo lỗi không hiện hoạt động,feedback_help
Bao loi khong hien hoat dong,feedback_help
Cho mình hỏi minh chứng của tôi đã duyệt chưa như thế nào,attendance_status
Cho minh hoi minh chung cua toi da duyet chua nhu the nao,attendance_status
Giúp tôi xem bạn hỗ trợ gì được cho tôi trong hệ thống giúp tôi,greeting
Giup toi xem ban ho tro gi duoc cho toi trong he thong giup toi,greeting
Bạn cho tôi biết hoạt động tôi đã ghi danh,my_activities
Ban cho toi biet hoat dong toi da ghi danh,my_activities
Tôi cần xem bạn có biết bóng đá không như thế nào,unknown
Toi can xem ban co biet bong da khong nhu the nao,unknown
Giúp tôi xem tôi muốn nghe nhạc nha,unknown
Giup toi xem toi muon nghe nhac nha,unknown
Bạn cho tôi biết bạn có ở đó không giúp tôi,greeting
Ban cho toi biet ban co o do khong giup toi,greeting
Cho tôi xem thông báo nằm ở đâu vậy,notification_help
Cho toi xem thong bao nam o dau vay,notification_help
Tôi muốn xem hoạt động mới nhất,upcoming_activity
Toi muon xem hoat dong moi nhat,upcoming_activity
Bạn giải thích giúp có thể chọn ảnh QR để điểm danh không nha,check_in_guide
Ban giai thich giup co the chon anh QR de diem danh khong nha,check_in_guide
Bạn có thể làm toán không,unknown
Ban co the lam toan khong,unknown
Cho tôi xem hoạt động gần nhất là gì trong hệ thống,upcoming_activity
Cho toi xem hoat dong gan nhat la gi trong he thong,upcoming_activity
Bạn kiểm tra giúp kiểm tra điểm rèn luyện giúp tôi với,training_score
Ban kiem tra giup kiem tra diem ren luyen giup toi voi,training_score
Giúp tôi xem tôi được bao nhiêu điểm rèn luyện như thế nào,training_score
Giup toi xem toi duoc bao nhieu diem ren luyen nhu the nao,training_score
Mình cần biết hoạt động nào đang mở đăng ký được không bạn,upcoming_activity
Minh can biet hoat dong nao dang mo dang ky duoc khong ban,upcoming_activity
Bạn kiểm tra giúp tôi muốn xem vị trí hoạt động nha ạ,map_help
Ban kiem tra giup toi muon xem vi tri hoat dong nha a,map_help
Bản đồ có chỉ vị trí không,map_help
Ban do co chi vi tri khong,map_help
Giúp tôi xem hoạt động nào đang mở đăng ký như thế nào,upcoming_activity
Giup toi xem hoat dong nao dang mo dang ky nhu the nao,upcoming_activity
Cho mình hỏi mấy giờ rồi được không,unknown
Cho minh hoi may gio roi duoc khong,unknown
Tôi muốn xem bản đồ trường,map_help
Toi muon xem ban do truong,map_help
Điểm danh thất bại có bị trừ điểm không được không bạn,absent_penalty
Diem danh that bai co bi tru diem khong duoc khong ban,absent_penalty
Tôi cần xem cách gửi nội dung phản ánh nhé bạn,feedback_help
Toi can xem cach gui noi dung phan anh nhe ban,feedback_help
Hỏi chút là minh chứng của tôi đang chờ duyệt không được không,attendance_status
Hoi chut la minh chung cua toi dang cho duyet khong duoc khong,attendance_status
Tôi muốn hỏi tôi bị mất điểm không như thế nào với ạ,training_score
Toi muon hoi toi bi mat diem khong nhu the nao voi a,training_score
Tôi có bị vắng không,attendance_status
Toi co bi vang khong,attendance_status
Cho tôi xem không tham gia có bị trừ 6 điểm không được không bạn,absent_penalty
Cho toi xem khong tham gia co bi tru 6 diem khong duoc khong ban,absent_penalty
Tôi có đạt loại tốt không,training_score
Toi co dat loai tot khong,training_score
Có thể cho tôi biết có hoạt động trong tuần sau không vậy,upcoming_activity
Co the cho toi biet co hoat dong trong tuan sau khong vay,upcoming_activity
Giúp tôi xem minh chứng của tôi đã duyệt chưa được không ạ,attendance_status
Giup toi xem minh chung cua toi da duyet chua duoc khong a,attendance_status
Bạn giải thích giúp tư vấn mua điện thoại trong hệ thống,unknown
Ban giai thich giup tu van mua dien thoai trong he thong,unknown
Hello,greeting
Bạn giải thích giúp alo bạn ơi giúp tôi,greeting
Ban giai thich giup alo ban oi giup toi,greeting
Tui cần xem danh sách hoạt động sắp tới trên ITConnect,upcoming_activity
Tui can xem danh sach hoat dong sap toi tren ITConnect,upcoming_activity
Cho tôi hỏi danh sách hoạt động sắp tới được không bạn ạ,upcoming_activity
Cho toi hoi danh sach hoat dong sap toi duoc khong ban a,upcoming_activity
Cho tôi hỏi vắng hoạt động đã đăng ký có sao không vậy,absent_penalty
Cho toi hoi vang hoat dong da dang ky co sao khong vay,absent_penalty
Vắng chương trình đã đăng ký có sao không cho tôi,absent_penalty
Vang chuong trinh da dang ky co sao khong cho toi,absent_penalty
Mình cần biết cần mở camera để điểm danh không như thế nào,check_in_guide
Minh can biet can mo camera de diem danh khong nhu the nao,check_in_guide
Xem hoạt động theo học kỳ của tôi,my_activities
Xem hoat dong theo hoc ky cua toi,my_activities
Không tham gia hoạt động đã đăng ký thì sao với,absent_penalty
Khong tham gia hoat dong da dang ky thi sao voi,absent_penalty
Mình muốn hỏi bạn giúp tôi được không nhé,greeting
Minh muon hoi ban giup toi duoc khong nhe,greeting
Mở bản đồ như thế nào nhé,map_help
Mo ban do nhu the nao nhe,map_help
Làm ơn cho tôi biết có hoạt động nào sắp tới không trong app,upcoming_activity
Lam on cho toi biet co hoat dong nao sap toi khong trong app,upcoming_activity
Có thể cho tôi biết bạn có ở đó không trong app,greeting
Co the cho toi biet ban co o do khong trong app,greeting
Có thể cho tôi biết tìm sân trường trên bản đồ với,map_help
Co the cho toi biet tim san truong tren ban do voi,map_help
Cho tôi xem có seminar nào sắp tới không nhé,upcoming_activity
Cho toi xem co seminar nao sap toi khong nhe,upcoming_activity
Có thể cho tôi biết tôi muốn gửi lời nhắn cho admin trong hệ thống giúp tôi,feedback_help
Co the cho toi biet toi muon gui loi nhan cho admin trong he thong giup toi,feedback_help
Cho tôi hỏi tôi có đăng ký hoạt động nào chưa được không bạn,my_activities
Cho toi hoi toi co dang ky hoat dong nao chua duoc khong ban,my_activities
Bạn giải thích giúp mình cần trợ giúp cho tôi,greeting
Ban giai thich giup minh can tro giup cho toi,greeting
Hỏi chút là điểm của tôi sau khi hoàn thành hoạt động được không,training_score
Hoi chut la diem cua toi sau khi hoan thanh hoat dong duoc khong,training_score
Cho tôi xem cài đặt thông báo như thế nào hiện tại,notification_help
Cho toi xem cai dat thong bao nhu the nao hien tai,notification_help
Làm ơn cho tôi biết cho tôi lịch bóng đá vậy,unknown
Lam on cho toi biet cho toi lich bong da vay,unknown
Cho mình hỏi làm sao nhận tin tức quan trọng,notification_help
Cho minh hoi lam sao nhan tin tuc quan trong,notification_help
Tôi muốn mở thông báo,notification_help
Toi muon mo thong bao,notification_help
Tôi đăng ký workshop nào,my_activities
Toi dang ky workshop nao,my_activities
Minh chứng đang ở đâu,attendance_status
Minh chung dang o dau,attendance_status
Có thể cho tôi biết xem minh chứng đã duyệt trên ITConnect,attendance_status
Co the cho toi biet xem minh chung da duyet tren ITConnect,attendance_status
Hội trường C ở đâu,map_help
Hoi truong C o dau,map_help
Làm ơn cho tôi biết tôi muốn báo lỗi đăng ký hoạt động với,feedback_help
Lam on cho toi biet toi muon bao loi dang ky hoat dong voi,feedback_help
Bạn cho tôi biết điểm sau khi bị từ chối minh chứng hiện tại,training_score
Ban cho toi biet diem sau khi bi tu choi minh chung hien tai,training_score
Tôi muốn xem phim,unknown
Toi muon xem phim,unknown
Cách xem thông báo với,notification_help
Cach xem thong bao voi,notification_help
Bạn giải thích giúp làm sao quét mã điểm danh trên ITConnect,check_in_guide
Ban giai thich giup lam sao quet ma diem danh tren ITConnect,check_in_guide
Tình trạng điểm danh của tôi là gì,attendance_status
Tinh trang diem danh cua toi la gi,attendance_status
Cho tôi hỏi tôi muốn nghe nhạc vậy,unknown
Cho toi hoi toi muon nghe nhac vay,unknown
Giúp tôi xem cách hoàn tất điểm danh được không bạn,check_in_guide
Giup toi xem cach hoan tat diem danh duoc khong ban,check_in_guide
Làm ơn cho tôi biết alo bạn ơi được không bạn,greeting
Lam on cho toi biet alo ban oi duoc khong ban,greeting
Có thể cho tôi biết bạn biết nấu ăn không vậy,unknown
Co the cho toi biet ban biet nau an khong vay,unknown
Cho mình hỏi có chương trình nào hôm nay không được không ạ,upcoming_activity
Cho minh hoi co chuong trinh nao hom nay khong duoc khong a,upcoming_activity
Bạn kiểm tra giúp tôi muốn xem bản đồ trường nha,map_help
Ban kiem tra giup toi muon xem ban do truong nha,map_help
Bạn giải thích giúp có thể chọn ảnh QR để điểm danh không như thế nào với ạ,check_in_guide
Ban giai thich giup co the chon anh QR de diem danh khong nhu the nao voi a,check_in_guide
Cho tôi hỏi tôi muốn xem vị trí hoạt động nha,map_help
Cho toi hoi toi muon xem vi tri hoat dong nha,map_help
Tôi cần xem minh chứng của tôi đang chờ duyệt không được không bạn,attendance_status
Toi can xem minh chung cua toi dang cho duyet khong duoc khong ban,attendance_status
Bạn giải thích giúp tôi muốn nhận nhắc nhở hoạt động ở đâu,notification_help
Ban giai thich giup toi muon nhan nhac nho hoat dong o dau,notification_help
Tôi muốn hỏi có thể chọn ảnh QR để điểm danh không trong hệ thống bạn,check_in_guide
Toi muon hoi co the chon anh QR de diem danh khong trong he thong ban,check_in_guide
Hỏi chút là tôi cần hỏi nhanh nhé,greeting
Hoi chut la toi can hoi nhanh nhe,greeting
Cho mình hỏi tôi muốn gửi lời nhắn cho admin giúp tôi,feedback_help
Cho minh hoi toi muon gui loi nhan cho admin giup toi,feedback_help
Ngày mai có hoạt động nào không,upcoming_activity
Ngay mai co hoat dong nao khong,upcoming_activity
Cho mình hỏi các hoạt động trong tài khoản của tôi trên ITConnect,my_activities
Cho minh hoi cac hoat dong trong tai khoan cua toi tren ITConnect,my_activities
Bạn giải thích giúp tôi cần hỗ trợ tài khoản trong app,feedback_help
Ban giai thich giup toi can ho tro tai khoan trong app,feedback_help
Cho tôi xem có hoạt động trong tuần sau không trong app,upcoming_activity
Cho toi xem co hoat dong trong tuan sau khong trong app,upcoming_activity
Mình muốn biết tôi bị mất điểm không với,training_score
Minh muon biet toi bi mat diem khong voi,training_score
Báo lỗi minh chứng ở đâu,feedback_help
Bao loi minh chung o dau,feedback_help
Bạn kiểm tra giúp tôi không biết địa điểm hoạt động ở đâu,map_help
Ban kiem tra giup toi khong biet dia diem hoat dong o dau,map_help
Giúp tôi xem tôi đang có bao nhiêu điểm giúp tôi,training_score
Giup toi xem toi dang co bao nhieu diem giup toi,training_score
Tôi muốn hỏi điểm rèn luyện có tối đa bao nhiêu được không bạn,training_score
Toi muon hoi diem ren luyen co toi da bao nhieu duoc khong ban,training_score
Tôi muốn hỏi trạng thái check in của tôi như thế nào,attendance_status
Toi muon hoi trang thai check in cua toi nhu the nao,attendance_status
Hỏi chút là tôi muốn tắt thông báo giúp tôi nhé,notification_help
Hoi chut la toi muon tat thong bao giup toi nhe,notification_help
Tôi bị vắng có ảnh hưởng điểm rèn luyện không,absent_penalty
Toi bi vang co anh huong diem ren luyen khong,absent_penalty
Cho tôi xem bạn có thể dịch tiếng Anh không được không,unknown
Cho toi xem ban co the dich tieng Anh khong duoc khong,unknown
Tôi muốn xem vị trí hoạt động,map_help
Toi muon xem vi tri hoat dong,map_help
Tôi muốn hỏi tôi có thể chọn mã QR từ thư viện không hiện tại,check_in_guide
Toi muon hoi toi co the chon ma QR tu thu vien khong hien tai,check_in_guide
Cho tôi xem tôi có bị vắng không được không ạ,attendance_status
Cho toi xem toi co bi vang khong duoc khong a,attendance_status
Hỏi chút là tôi muốn gửi phản hồi nhanh cho tôi,feedback_help
Hoi chut la toi muon gui phan hoi nhanh cho toi,feedback_help
Làm ơn cho tôi biết kiểm tra chương trình đã đăng ký ở đâu,my_activities
Lam on cho toi biet kiem tra chuong trinh da dang ky o dau,my_activities
Bản đồ campus mở ở đâu,map_help
Ban do campus mo o dau,map_help
Cho tôi xem điểm của tôi sau khi hoàn thành hoạt động,training_score
Cho toi xem diem cua toi sau khi hoan thanh hoat dong,training_score
Có hoạt động nào hôm nay không,upcoming_activity
Co hoat dong nao hom nay khong,upcoming_activity
Tôi muốn hỏi xem sự kiện theo học kỳ của tôi trong app,my_activities
Toi muon hoi xem su kien theo hoc ky cua toi trong app,my_activities
Bạn giải thích giúp admin từ chối minh chứng thì mất điểm à được không bạn,absent_penalty
Ban giai thich giup admin tu choi minh chung thi mat diem a duoc khong ban,absent_penalty
Sau khi quét QR cần làm gì nhé,check_in_guide
Sau khi quet QR can lam gi nhe,check_in_guide
Có thể cho tôi biết tìm thư viện trong app hiện tại,map_help
Co the cho toi biet tim thu vien trong app hien tai,map_help
Mình muốn biết tôi muốn kiểm tra kết quả check in nhé,attendance_status
Minh muon biet toi muon kiem tra ket qua check in nhe,attendance_status
Bạn kiểm tra giúp tôi bị từ chối hoạt động nào ở đâu,attendance_status
Ban kiem tra giup toi bi tu choi hoat dong nao o dau,attendance_status
Mình cần biết không quét QR có bị trừ điểm không với,absent_penalty
Minh can biet khong quet QR co bi tru diem khong voi,absent_penalty
Bản đồ ở đâu trên ITConnect,map_help
Ban do o dau tren ITConnect,map_help
Mình cần biết tôi bị từ chối hoạt động nào được không bạn,attendance_status
Minh can biet toi bi tu choi hoat dong nao duoc khong ban,attendance_status
Có thể cho tôi biết tắt nhắc nhở hoạt động như thế nào được không ạ,notification_help
Co the cho toi biet tat nhac nho hoat dong nhu the nao duoc khong a,notification_help
Cho tôi hỏi cách xác nhận tham gia chương trình cho tôi,check_in_guide
Cho toi hoi cach xac nhan tham gia chuong trinh cho toi,check_in_guide
Có thể cho tôi biết tôi muốn dùng chatbot,greeting
Co the cho toi biet toi muon dung chatbot,greeting
Cho mình hỏi sắp tới có sự kiện gì vậy,upcoming_activity
Cho minh hoi sap toi co su kien gi vay,upcoming_activity
Có thể cho tôi biết hello hiện tại,greeting
Co the cho toi biet hello hien tai,greeting
Bạn giải thích giúp tôi có những hoạt động nào được không,my_activities
Ban giai thich giup toi co nhung hoat dong nao duoc khong,my_activities
Cho tôi xem điểm rèn luyện có tối đa bao nhiêu được không,training_score
Cho toi xem diem ren luyen co toi da bao nhieu duoc khong,training_score
Làm ơn cho tôi biết tôi muốn nghe nhạc,unknown
Lam on cho toi biet toi muon nghe nhac,unknown
Hỏi chút là sắp tới có sự kiện gì trong app,upcoming_activity
Hoi chut la sap toi co su kien gi trong app,upcoming_activity
Bạn giải thích giúp tôi muốn góp ý như thế nào,feedback_help
Ban giai thich giup toi muon gop y nhu the nao,feedback_help
Tôi muốn hỏi điểm danh QR ở đâu ở đâu,check_in_guide
Toi muon hoi diem danh QR o dau o dau,check_in_guide
Cho tôi xem tôi muốn báo lỗi đăng ký hoạt động trong hệ thống,feedback_help
Cho toi xem toi muon bao loi dang ky hoat dong trong he thong,feedback_help
Em muốn hỏi tôi cần hỏi nhanh được không ạ,greeting
Em muon hoi toi can hoi nhanh duoc khong a,greeting
Không tham gia có bị trừ 6 điểm không,absent_penalty
Khong tham gia co bi tru 6 diem khong,absent_penalty
Cho tôi hỏi lịch hoạt động đã đăng ký với giúp mình,my_activities
Cho toi hoi lich hoat dong da dang ky voi giup minh,my_activities
Cho tôi xem tôi có đạt loại khá không trong app,training_score
Cho toi xem toi co dat loai kha khong trong app,training_score
Mình muốn biết mục thông báo trên trang chủ ở đâu trên ITConnect,notification_help
Minh muon biet muc thong bao tren trang chu o dau tren ITConnect,notification_help
Trạng thái điểm danh của tôi,attendance_status
Trang thai diem danh cua toi,attendance_status
Tôi muốn hỏi trạng thái chờ duyệt của tôi được không,attendance_status
Toi muon hoi trang thai cho duyet cua toi duoc khong,attendance_status
Tui muốn hỏi không điểm danh có bị trừ điểm không trong hệ thống,absent_penalty
Tui muon hoi khong diem danh co bi tru diem khong trong he thong,absent_penalty
Bạn cho tôi biết góp ý cho hệ thống ở đâu trong hệ thống,feedback_help
Ban cho toi biet gop y cho he thong o dau trong he thong,feedback_help
Cho mình hỏi kể chuyện vui đi được không,unknown
Cho minh hoi ke chuyen vui di duoc khong,unknown
Làm ơn cho tôi biết minh chứng không hợp lệ có bị trừ điểm không nha,absent_penalty
Lam on cho toi biet minh chung khong hop le co bi tru diem khong nha,absent_penalty
Tôi cần xem cách tìm phòng học với,map_help
Toi can xem cach tim phong hoc voi,map_help
Tui cần xem tôi cần gửi hỗ trợ cho tôi,feedback_help
Tui can xem toi can gui ho tro cho toi,feedback_help
Có thể cho tôi biết điểm rèn luyện có bị trừ không trong hệ thống,training_score
Co the cho toi biet diem ren luyen co bi tru khong trong he thong,training_score
Có thể cho tôi biết bạn là ai được không bạn,greeting
Co the cho toi biet ban la ai duoc khong ban,greeting
Hỏi chút là tôi có hoạt động nào sắp diễn ra không trên ITConnect,upcoming_activity
Hoi chut la toi co hoat dong nao sap dien ra khong tren ITConnect,upcoming_activity
Bạn giải thích giúp tôi được bao nhiêu điểm rèn luyện với,training_score
Ban giai thich giup toi duoc bao nhieu diem ren luyen voi,training_score
Có thể cho tôi biết điểm rèn luyện hiện tại thế nào,training_score
Co the cho toi biet diem ren luyen hien tai the nao,training_score
Làm ơn cho tôi biết báo lỗi minh chứng ở đâu hiện tại,feedback_help
Lam on cho toi biet bao loi minh chung o dau hien tai,feedback_help
Em cần xem cách xác nhận tham gia hoạt động được không ạ,check_in_guide
Em can xem cach xac nhan tham gia hoat dong duoc khong a,check_in_guide
Hỏi chút là tôi muốn gửi phản hồi nhanh được không,feedback_help
Hoi chut la toi muon gui phan hoi nhanh duoc khong,feedback_help
Giúp tôi xem có seminar nào sắp tới không được không ạ bạn,upcoming_activity
Giup toi xem co seminar nao sap toi khong duoc khong a ban,upcoming_activity
Cho tôi xem minh chứng không hợp lệ có bị trừ điểm không nhé,absent_penalty
Cho toi xem minh chung khong hop le co bi tru diem khong nhe,absent_penalty
Mình cần biết tôi muốn xem vị trí hoạt động trên ITConnect,map_help
Minh can biet toi muon xem vi tri hoat dong tren ITConnect,map_help
Hỏi chút là tôi đã ghi danh hoạt động gì vậy,my_activities
Hoi chut la toi da ghi danh hoat dong gi vay,my_activities
Tôi cần xem bạn là ai ở đâu,greeting
Toi can xem ban la ai o dau,greeting
Cho tôi xem vắng thì bị trừ bao nhiêu điểm trên ITConnect,absent_penalty
Cho toi xem vang thi bi tru bao nhieu diem tren ITConnect,absent_penalty
Em không nhận được nhắc nhở trên ITConnect giúp mình,notification_help
Em khong nhan duoc nhac nho tren ITConnect giup minh,notification_help
Tôi muốn hỏi thông tin,greeting
Toi muon hoi thong tin,greeting
Cho tôi hỏi tôi muốn kiểm tra kết quả check in ở đâu,attendance_status
Cho toi hoi toi muon kiem tra ket qua check in o dau,attendance_status
Hỏi chút là tôi muốn xem điểm và xếp loại trong app,training_score
Hoi chut la toi muon xem diem va xep loai trong app,training_score
Cho tôi xem thông báo đã đọc xem lại ở đâu hiện tại,notification_help
Cho toi xem thong bao da doc xem lai o dau hien tai,notification_help
Bạn cho tôi biết tìm đường đến hội trường trong hệ thống với ạ,map_help
Ban cho toi biet tim duong den hoi truong trong he thong voi a,map_help
Tôi muốn hỏi quy trình điểm danh hoạt động giúp tôi,check_in_guide
Toi muon hoi quy trinh diem danh hoat dong giup toi,check_in_guide
Hỏi chút là tôi đã tham gia những hoạt động gì ở đâu,my_activities
Hoi chut la toi da tham gia nhung hoat dong gi o dau,my_activities
Giúp tôi xem bạn có thể làm toán không nha,unknown
Giup toi xem ban co the lam toan khong nha,unknown
Tôi muốn góp ý giao diện,feedback_help
Toi muon gop y giao dien,feedback_help
Tôi muốn hỏi về ứng dụng,greeting
Toi muon hoi ve ung dung,greeting
Tìm sân trường trên bản đồ,map_help
Tim san truong tren ban do,map_help
Tôi muốn dùng chatbot,greeting
Toi muon dung chatbot,greeting
Tôi cần xem bạn hỗ trợ gì được cho tôi cho tôi,greeting
Toi can xem ban ho tro gi duoc cho toi cho toi,greeting
Giúp tôi xem hướng dẫn check in hoạt động hiện tại,check_in_guide
Giup toi xem huong dan check in hoat dong hien tai,check_in_guide
Cho tôi xem tôi muốn hỏi về ứng dụng nha,greeting
Cho toi xem toi muon hoi ve ung dung nha,greeting
Tôi cần xem tôi muốn kiểm tra thông báo trong app,notification_help
Toi can xem toi muon kiem tra thong bao trong app,notification_help
Mình cần biết tôi bị từ chối hoạt động nào nha,attendance_status
Minh can biet toi bi tu choi hoat dong nao nha,attendance_status
Chào buổi chiều như thế nào,greeting
Chao buoi chieu nhu the nao,greeting
Xem các hoạt động đã đăng ký,my_activities
Xem cac hoat dong da dang ky,my_activities
Bạn cho tôi biết tôi muốn tìm hội trường C nha,map_help
Ban cho toi biet toi muon tim hoi truong C nha,map_help
Cách quay video minh chứng được không,check_in_guide
Cach quay video minh chung duoc khong,check_in_guide
Mình muốn biết bạn có thể trả lời tôi không với nha,greeting
Minh muon biet ban co the tra loi toi khong voi nha,greeting
Mình muốn biết kể chuyện cười đi cho tôi,unknown
Minh muon biet ke chuyen cuoi di cho toi,unknown
Cho mình hỏi có thể chọn ảnh QR để điểm danh không được không,check_in_guide
Cho minh hoi co the chon anh QR de diem danh khong duoc khong,check_in_guide
Cho mình hỏi tôi có bị tụt xếp loại không nha,training_score
Cho minh hoi toi co bi tut xep loai khong nha,training_score
Bạn giải thích giúp tôi bị mất điểm không,training_score
Ban giai thich giup toi bi mat diem khong,training_score
Tôi muốn hỏi tôi cần liên hệ khoa,feedback_help
Toi muon hoi toi can lien he khoa,feedback_help
Cho mình hỏi điểm phạt vắng là bao nhiêu vậy,absent_penalty
Cho minh hoi diem phat vang la bao nhieu vay,absent_penalty
Cho tôi hỏi admin đã duyệt minh chứng chưa như thế nào,attendance_status
Cho toi hoi admin da duyet minh chung chua nhu the nao,attendance_status
Mình muốn biết cho tôi xem hoạt động của tôi hiện tại,my_activities
Minh muon biet cho toi xem hoat dong cua toi hien tai,my_activities
Tìm vị trí phòng tổ chức,map_help
Tim vi tri phong to chuc,map_help
Tôi không biết cách điểm danh,check_in_guide
Toi khong biet cach diem danh,check_in_guide
Mình muốn biết tôi có thể đăng ký hoạt động nào như thế nào,upcoming_activity
Minh muon biet toi co the dang ky hoat dong nao nhu the nao,upcoming_activity
Bạn kiểm tra giúp tôi muốn góp ý vậy,feedback_help
Ban kiem tra giup toi muon gop y vay,feedback_help
Bạn kiểm tra giúp tôi muốn hỏi thông tin nhé,greeting
Ban kiem tra giup toi muon hoi thong tin nhe,greeting
Bạn cho tôi biết bản đồ trường mở thế nào cho tôi,map_help
Ban cho toi biet ban do truong mo the nao cho toi,map_help
Bạn cho tôi biết bạn hỗ trợ sinh viên đúng không ở đâu,greeting
Ban cho toi biet ban ho tro sinh vien dung khong o dau,greeting
Làm ơn cho tôi biết tôi muốn hỏi về ứng dụng được không bạn nhé,greeting
Lam on cho toi biet toi muon hoi ve ung dung duoc khong ban nhe,greeting
Hỏi chút là bitcoin hôm nay giá bao nhiêu ở đâu,unknown
Hoi chut la bitcoin hom nay gia bao nhieu o dau,unknown
Bạn kiểm tra giúp bạn hỗ trợ sinh viên đúng không được không nhé,greeting
Ban kiem tra giup ban ho tro sinh vien dung khong duoc khong nhe,greeting
Cho tôi hỏi tôi đã đăng ký hoạt động nào vậy với ạ,my_activities
Cho toi hoi toi da dang ky hoat dong nao vay voi a,my_activities
Tôi bị từ chối điểm danh chưa,attendance_status
Toi bi tu choi diem danh chua,attendance_status
Cho mình hỏi kể chuyện vui đi,unknown
Cho minh hoi ke chuyen vui di,unknown
Bạn giải thích giúp danh sách hoạt động tôi đăng ký cho tôi,my_activities
Ban giai thich giup danh sach hoat dong toi dang ky cho toi,my_activities
Cho tôi xem hoạt động CLB gần nhất là gì trong hệ thống,upcoming_activity
Cho toi xem hoat dong CLB gan nhat la gi trong he thong,upcoming_activity
Tôi muốn đặt vé máy bay,unknown
Toi muon dat ve may bay,unknown
Bạn giải thích giúp xem điểm rèn luyện của tôi được không,training_score
Ban giai thich giup xem diem ren luyen cua toi duoc khong,training_score
Giúp tôi xem cho xem hoạt động trong học kỳ này được không,my_activities
Giup toi xem cho xem hoat dong trong hoc ky nay duoc khong,my_activities
Mình muốn biết bản đồ ở đâu nha,map_help
Minh muon biet ban do o dau nha,map_help
Tôi muốn hỏi liên hệ admin như thế nào nhé,feedback_help
Toi muon hoi lien he admin nhu the nao nhe,feedback_help
Có thể cho tôi biết chào buổi chiều trên ITConnect,greeting
Co the cho toi biet chao buoi chieu tren ITConnect,greeting
Quét QR để điểm danh như thế nào,check_in_guide
Quet QR de diem danh nhu the nao,check_in_guide
Cài đặt thông báo như thế nào,notification_help
Cai dat thong bao nhu the nao,notification_help
Bạn giải thích giúp tôi muốn bật thông báo được không,notification_help
Ban giai thich giup toi muon bat thong bao duoc khong,notification_help
Cho mình hỏi hoạt động tôi đã ghi danh như thế nào,my_activities
Cho minh hoi hoat dong toi da ghi danh nhu the nao,my_activities
Bạn kiểm tra giúp tuần này có hoạt động nào không được không,upcoming_activity
Ban kiem tra giup tuan nay co hoat dong nao khong duoc khong,upcoming_activity
Cho tôi xem cách tìm phòng học nhé,map_help
Cho toi xem cach tim phong hoc nhe,map_help
Cho tôi xem tôi có bị vắng không trong app,attendance_status
Cho toi xem toi co bi vang khong trong app,attendance_status
Điểm rèn luyện HK này thế nào được không,training_score
Diem ren luyen HK nay the nao duoc khong,training_score
Bạn cho tôi biết tôi có đang chờ xử lý không được không ạ nha,attendance_status
Ban cho toi biet toi co dang cho xu ly khong duoc khong a nha,attendance_status
Bạn giải thích giúp hướng dẫn check in sự kiện như thế nào,check_in_guide
Ban giai thich giup huong dan check in su kien nhu the nao,check_in_guide
Giúp tôi xem tìm đường đến hội trường trên ITConnect,map_help
Giup toi xem tim duong den hoi truong tren ITConnect,map_help
Bạn cho tôi biết minh chứng đã được chấp nhận chưa vậy,attendance_status
Ban cho toi biet minh chung da duoc chap nhan chua vay,attendance_status
Sắp tới có sự kiện gì,upcoming_activity
Sap toi co su kien gi,upcoming_activity
Hỏi chút là báo lỗi không hiện hoạt động được không,feedback_help
Hoi chut la bao loi khong hien hoat dong duoc khong,feedback_help
Bị từ chối điểm danh thì sao,absent_penalty
Bi tu choi diem danh thi sao,absent_penalty
Tôi cần xem xem hoạt động theo học kỳ của tôi được không,my_activities
Toi can xem xem hoat dong theo hoc ky cua toi duoc khong,my_activities
Làm sao để điểm danh với,check_in_guide
Lam sao de diem danh voi,check_in_guide
Cho tôi xem map trong ITConnect ở đâu hiện tại,map_help
Cho toi xem map trong ITConnect o dau hien tai,map_help
Giúp tôi xem điểm danh của tôi đang ở trạng thái nào với,attendance_status
Giup toi xem diem danh cua toi dang o trang thai nao voi,attendance_status
Làm ơn cho tôi biết tìm hoạt động sắp diễn ra được không bạn,upcoming_activity
Lam on cho toi biet tim hoat dong sap dien ra duoc khong ban,upcoming_activity
Tôi bị từ chối sự kiện nào trên ITConnect nha,attendance_status
Toi bi tu choi su kien nao tren ITConnect nha,attendance_status
Mình cần biết tôi bị vắng có ảnh hưởng điểm rèn luyện không được không ạ,absent_penalty
Minh can biet toi bi vang co anh huong diem ren luyen khong duoc khong a,absent_penalty
Có thể cho tôi biết bạn hỗ trợ sinh viên đúng không trên ITConnect nhé,greeting
Co the cho toi biet ban ho tro sinh vien dung khong tren ITConnect nhe,greeting
Có thể cho tôi biết tôi có lịch hoạt động không trên ITConnect,my_activities
Co the cho toi biet toi co lich hoat dong khong tren ITConnect,my_activities
Tôi cần làm gì để check in,check_in_guide
Toi can lam gi de check in,check_in_guide
Cho tôi xem cách đọc tất cả thông báo,notification_help
Cho toi xem cach doc tat ca thong bao,notification_help
Có thể cho tôi biết chào trợ lý,greeting
Co the cho toi biet chao tro ly,greeting
Cho mình hỏi minh chứng bị từ chối thì bị sao hiện tại,absent_penalty
Cho minh hoi minh chung bi tu choi thi bi sao hien tai,absent_penalty
Tôi cần xem bị đánh dấu vắng thì xử lý sao với,absent_penalty
Toi can xem bi danh dau vang thi xu ly sao voi,absent_penalty
Cho tôi hỏi tôi đã ghi danh hoạt động gì nha,my_activities
Cho toi hoi toi da ghi danh hoat dong gi nha,my_activities
Cho tôi hỏi xem các sự kiện đã đăng ký trên ITConnect,my_activities
Cho toi hoi xem cac su kien da dang ky tren ITConnect,my_activities
Tôi cần xem minh chứng đang ở đâu cho tôi nhé,attendance_status
Toi can xem minh chung dang o dau cho toi nhe,attendance_status
Bạn cho tôi biết game nào hay ở đâu,unknown
Ban cho toi biet game nao hay o dau,unknown
Tổng điểm rèn luyện của tôi là mấy,training_score
Tong diem ren luyen cua toi la may,training_score
Không điểm danh có bị trừ điểm không,absent_penalty
Khong diem danh co bi tru diem khong,absent_penalty
Bạn cho tôi biết cho tôi xem hoạt động của tôi cho tôi,my_activities
Ban cho toi biet cho toi xem hoat dong cua toi cho toi,my_activities
Tôi cần xem làm sao đến sân trường nhé,map_help
Toi can xem lam sao den san truong nhe,map_help
Kiểm tra lịch tham gia của tôi hiện tại,my_activities
Kiem tra lich tham gia cua toi hien tai,my_activities
Cho tôi hỏi tôi muốn xem kết quả check in vậy giúp tôi,attendance_status
Cho toi hoi toi muon xem ket qua check in vay giup toi,attendance_status
Bạn kiểm tra giúp bạn có ở đó không được không,greeting
Ban kiem tra giup ban co o do khong duoc khong,greeting
Tôi muốn hỏi chatbot ơi được không ạ,greeting
Toi muon hoi chatbot oi duoc khong a,greeting
Mình cần biết tôi có được cộng điểm hoạt động chưa như thế nào,attendance_status
Minh can biet toi co duoc cong diem hoat dong chua nhu the nao,attendance_status
Chào bạn,greeting
Chao ban,greeting
Cho tôi xem tôi đang chờ duyệt phải không nhé nhé,attendance_status
Cho toi xem toi dang cho duyet phai khong nhe nhe,attendance_status
Cho mình hỏi điểm học kỳ này của tôi bao nhiêu trên ITConnect,training_score
Cho minh hoi diem hoc ky nay cua toi bao nhieu tren ITConnect,training_score
Cho tôi hỏi sau khi quét QR cần làm gì được không bạn,check_in_guide
Cho toi hoi sau khi quet QR can lam gi duoc khong ban,check_in_guide
Làm ơn cho tôi biết minh chứng bị từ chối thì bị sao được không ạ,absent_penalty
Lam on cho toi biet minh chung bi tu choi thi bi sao duoc khong a,absent_penalty
Cho mình hỏi tôi muốn chơi game cho tôi,unknown
Cho minh hoi toi muon choi game cho toi,unknown
Mình cần biết có workshop nào sắp diễn ra không với,upcoming_activity
Minh can biet co workshop nao sap dien ra khong voi,upcoming_activity
Cho tôi xem chào hệ thống được không,greeting
Cho toi xem chao he thong duoc khong,greeting
Hỏi chút là cách bật nhắc nhở trước hoạt động như thế nào,notification_help
Hoi chut la cach bat nhac nho truoc hoat dong nhu the nao,notification_help
Cho tôi hỏi cách gửi nội dung phản ánh được không,feedback_help
Cho toi hoi cach gui noi dung phan anh duoc khong,feedback_help
Mình muốn biết tôi muốn hỏi về ứng dụng trong hệ thống,greeting
Minh muon biet toi muon hoi ve ung dung trong he thong,greeting
Cho mình hỏi hoạt động gần nhất là gì giúp tôi,upcoming_activity
Cho minh hoi hoat dong gan nhat la gi giup toi,upcoming_activity
Lịch hoạt động của tôi,my_activities
Lich hoat dong cua toi,my_activities
Mình muốn biết cần mở camera để điểm danh không cho tôi,check_in_guide
Minh muon biet can mo camera de diem danh khong cho toi,check_in_guide
Có thể cho tôi biết mục bản đồ trong app nằm đâu trên ITConnect nhé,map_help
Co the cho toi biet muc ban do trong app nam dau tren ITConnect nhe,map_help
Hỏi chút là tôi đang có bao nhiêu điểm ở đâu,training_score
Hoi chut la toi dang co bao nhieu diem o dau,training_score
Cho tôi hỏi làm sao xem vị trí hội trường trên ITConnect,map_help
Cho toi hoi lam sao xem vi tri hoi truong tren ITConnect,map_help
Tui muốn hỏi chào buổi chiều,greeting
Tui muon hoi chao buoi chieu,greeting
Tôi cần xem thông báo của tôi ở đâu hiện tại,notification_help
Toi can xem thong bao cua toi o dau hien tai,notification_help
Bạn giải thích giúp làm sao biết có hoạt động mới hiện tại,notification_help
Ban giai thich giup lam sao biet co hoat dong moi hien tai,notification_help
Cho mình hỏi tôi muốn xem vị trí hoạt động trên ITConnect,map_help
Cho minh hoi toi muon xem vi tri hoat dong tren ITConnect,map_help
Giúp tôi xem tôi có bị vắng không như thế nào,attendance_status
Giup toi xem toi co bi vang khong nhu the nao,attendance_status
Cho mình hỏi làm sao để điểm danh được không bạn,check_in_guide
Cho minh hoi lam sao de diem danh duoc khong ban,check_in_guide
Mình cần biết hoạt động cá nhân của tôi giúp tôi,my_activities
Minh can biet hoat dong ca nhan cua toi giup toi,my_activities
Bạn cho tôi biết có hoạt động mới không trên ITConnect,upcoming_activity
Ban cho toi biet co hoat dong moi khong tren ITConnect,upcoming_activity
Cho tôi xem tôi bị từ chối điểm danh chưa như thế nào,attendance_status
Cho toi xem toi bi tu choi diem danh chua nhu the nao,attendance_status
Giúp tôi xem ngày mai có hoạt động nào không được không ạ,upcoming_activity
Giup toi xem ngay mai co hoat dong nao khong duoc khong a,upcoming_activity
Tôi cần xem chào buổi tối trên ITConnect,greeting
Toi can xem chao buoi toi tren ITConnect,greeting
Giúp tôi xem tôi điểm danh bằng cách nào nhé,check_in_guide
Giup toi xem toi diem danh bang cach nao nhe,check_in_guide
Cho tôi xem kể chuyện cười đi,unknown
Cho toi xem ke chuyen cuoi di,unknown
Mình cần biết xem vị trí tổ chức hoạt động trong hệ thống,map_help
Minh can biet xem vi tri to chuc hoat dong trong he thong,map_help
Mình cần biết có ai hỗ trợ không được không,greeting
Minh can biet co ai ho tro khong duoc khong,greeting
Bạn kiểm tra giúp mục bản đồ trong app nằm đâu được không bạn,map_help
Ban kiem tra giup muc ban do trong app nam dau duoc khong ban,map_help
Cho tôi xem tìm khu nhà trong trường trong app ạ,map_help
Cho toi xem tim khu nha trong truong trong app a,map_help
Tôi cần xem các hoạt động trong tài khoản của tôi,my_activities
Toi can xem cac hoat dong trong tai khoan cua toi,my_activities
Cho mình hỏi tôi muốn đề xuất cải thiện app nha,feedback_help
Cho minh hoi toi muon de xuat cai thien app nha,feedback_help
Bạn giải thích giúp tôi cần chỉ đường trong trường trên ITConnect,map_help
Ban giai thich giup toi can chi duong trong truong tren ITConnect,map_help
Không tham gia hoạt động đã đăng ký thì sao nhé,absent_penalty
Khong tham gia hoat dong da dang ky thi sao nhe,absent_penalty
Cho tôi xem điểm hiện tại của tôi là bao nhiêu trên ITConnect,training_score
Cho toi xem diem hien tai cua toi la bao nhieu tren ITConnect,training_score
Hỏi chút là điểm rèn luyện của học kỳ hiện tại trong app,training_score
Hoi chut la diem ren luyen cua hoc ky hien tai trong app,training_score
Chào buổi tối,greeting
Chao buoi toi,greeting
Mình muốn hỏi tôi có hoạt động nào chưa xử lý không trong app,attendance_status
Minh muon hoi toi co hoat dong nao chua xu ly khong trong app,attendance_status
Mình muốn biết nhắc nhở hoạt động ở đâu giúp tôi,notification_help
Minh muon biet nhac nho hoat dong o dau giup toi,notification_help
Bạn cho tôi biết các hoạt động trong tài khoản của tôi ở đâu giúp mình,my_activities
Ban cho toi biet cac hoat dong trong tai khoan cua toi o dau giup minh,my_activities
Bạn giải thích giúp hoạt động học thuật sắp tới trong app,upcoming_activity
Ban giai thich giup hoat dong hoc thuat sap toi trong app,upcoming_activity
Giúp tôi xem sau khi quét QR cần làm gì nhé,check_in_guide
Giup toi xem sau khi quet QR can lam gi nhe,check_in_guide
Tôi cần xem tư vấn mua laptop được không ạ,unknown
Toi can xem tu van mua laptop duoc khong a,unknown
Giúp tôi xem minh chứng đã được chấp nhận chưa được không ạ,attendance_status
Giup toi xem minh chung da duoc chap nhan chua duoc khong a,attendance_status
Tôi muốn hỏi điểm của tôi sau khi hoàn thành hoạt động giúp tôi,training_score
Toi muon hoi diem cua toi sau khi hoan thanh hoat dong giup toi,training_score
Làm ơn cho tôi biết cách xem thông báo chưa đọc với,notification_help
Lam on cho toi biet cach xem thong bao chua doc voi,notification_help
Mình cần biết tình trạng điểm danh của tôi là gì hiện tại,attendance_status
Minh can biet tinh trang diem danh cua toi la gi hien tai,attendance_status
Mình muốn hỏi làm sao nhận tin tức quan trọng giúp tôi,notification_help
Minh muon hoi lam sao nhan tin tuc quan trong giup toi,notification_help
Mình cần biết tôi có đang chờ xử lý không được không,attendance_status
Minh can biet toi co dang cho xu ly khong duoc khong,attendance_status
Tôi muốn gửi lời nhắn cho admin,feedback_help
Toi muon gui loi nhan cho admin,feedback_help
Làm ơn cho tôi biết có hoạt động trong tuần sau không,upcoming_activity
Lam on cho toi biet co hoat dong trong tuan sau khong,upcoming_activity
Hỏi chút là tôi có đạt loại xuất sắc không được không ạ,training_score
Hoi chut la toi co dat loai xuat sac khong duoc khong a,training_score
Tôi cần xem vắng thì bị trừ bao nhiêu điểm giúp tôi,absent_penalty
Toi can xem vang thi bi tru bao nhieu diem giup toi,absent_penalty
Cho mình hỏi lịch hoạt động đã đăng ký với,my_activities
Cho minh hoi lich hoat dong da dang ky voi,my_activities
Cho mình hỏi tôi có được cộng điểm chương trình chưa nhé,attendance_status
Cho minh hoi toi co duoc cong diem chuong trinh chua nhe,attendance_status
Bị vắng một hoạt động thì trừ bao nhiêu,absent_penalty
Bi vang mot hoat dong thi tru bao nhieu,absent_penalty
Giúp tôi xem tôi muốn nghe nhạc,unknown
Giup toi xem toi muon nghe nhac,unknown
Minh chứng bị từ chối thì bị sao,absent_penalty
Minh chung bi tu choi thi bi sao,absent_penalty
Cho tôi hỏi xem hoạt động theo học kỳ của tôi nhé,my_activities
Cho toi hoi xem hoat dong theo hoc ky cua toi nhe,my_activities
Bạn giải thích giúp cách tìm phòng học giúp tôi,map_help
Ban giai thich giup cach tim phong hoc giup toi,map_help
Có thể cho tôi biết hôm nay ăn gì cho tôi,unknown
Co the cho toi biet hom nay an gi cho toi,unknown
Mình cần biết tôi cần chỉ đường trong trường trong app,map_help
Minh can biet toi can chi duong trong truong trong app,map_help
Bạn cho tôi biết cách gửi góp ý trên ITConnect ạ,feedback_help
Ban cho toi biet cach gui gop y tren ITConnect a,feedback_help
Bật tắt thông báo ở đâu,notification_help
Bat tat thong bao o dau,notification_help
Cho tôi xem danh sách hoạt động tôi đăng ký được không,my_activities
Cho toi xem danh sach hoat dong toi dang ky duoc khong,my_activities
Cho tôi hỏi tôi muốn xem điểm và xếp loại nha,training_score
Cho toi hoi toi muon xem diem va xep loai nha,training_score
Hỏi chút là mở bản đồ như thế nào ở đâu,map_help
Hoi chut la mo ban do nhu the nao o dau,map_help
Tôi muốn hỏi tôi muốn biết loại rèn luyện nha,training_score
Toi muon hoi toi muon biet loai ren luyen nha,training_score
Bạn kiểm tra giúp minh chứng của tôi đang chờ duyệt không với,attendance_status
Ban kiem tra giup minh chung cua toi dang cho duyet khong voi,attendance_status
Cho mình hỏi góp ý cho hệ thống ở đâu nhé,feedback_help
Cho minh hoi gop y cho he thong o dau nhe,feedback_help
Cho tôi xem tôi có đạt loại khá không vậy,training_score
Cho toi xem toi co dat loai kha khong vay,training_score
Hỏi chút là tôi có bị vắng không trên ITConnect,attendance_status
Hoi chut la toi co bi vang khong tren ITConnect,attendance_status
Mình muốn hỏi danh sách sự kiện sắp diễn ra cho tôi bạn,upcoming_activity
Minh muon hoi danh sach su kien sap dien ra cho toi ban,upcoming_activity
Hỏi chút là chatbot ơi vậy,greeting
Hoi chut la chatbot oi vay,greeting
Bạn cho tôi biết có hoạt động tình nguyện nào không trong hệ thống,upcoming_activity
Ban cho toi biet co hoat dong tinh nguyen nao khong trong he thong,upcoming_activity
Giúp tôi xem có hoạt động tình nguyện nào không giúp tôi,upcoming_activity
Giup toi xem co hoat dong tinh nguyen nao khong giup toi,upcoming_activity
Tôi đã ghi danh hoạt động gì,my_activities
Toi da ghi danh hoat dong gi,my_activities
Mình cần biết tôi không biết cách điểm danh nhé,check_in_guide
Minh can biet toi khong biet cach diem danh nhe,check_in_guide
Tôi muốn hỏi hoạt động tổ chức ở chỗ nào nhé,map_help
Toi muon hoi hoat dong to chuc o cho nao nhe,map_help
Mình cần biết alo chatbot ở đâu,greeting
Minh can biet alo chatbot o dau,greeting
Có thể cho tôi biết tôi còn bao nhiêu điểm sau khi vắng được không ạ,training_score
Co the cho toi biet toi con bao nhieu diem sau khi vang duoc khong a,training_score
Giúp tôi xem game nào hay,unknown
Giup toi xem game nao hay,unknown
Cho mình hỏi có hoạt động tháng này không với,upcoming_activity
Cho minh hoi co hoat dong thang nay khong voi,upcoming_activity
Tôi muốn hỏi tôi đăng ký seminar nào được không,my_activities
Toi muon hoi toi dang ky seminar nao duoc khong,my_activities
Có thể cho tôi biết tôi muốn nghe nhạc ở đâu,unknown
Co the cho toi biet toi muon nghe nhac o dau,unknown
Tôi cần xem tôi đã ghi danh hoạt động gì nha,my_activities
Toi can xem toi da ghi danh hoat dong gi nha,my_activities
Bạn giải thích giúp tôi đã check in chưa trong hệ thống,attendance_status
Ban giai thich giup toi da check in chua trong he thong,attendance_status
Cho tôi xem có thể chọn ảnh QR để điểm danh không được không ạ,check_in_guide
Cho toi xem co the chon anh QR de diem danh khong duoc khong a,check_in_guide
Bạn kiểm tra giúp phản hồi thông tin sai ở đâu như thế nào,feedback_help
Ban kiem tra giup phan hoi thong tin sai o dau nhu the nao,feedback_help
Mình cần biết chào bạn trong hệ thống,greeting
Minh can biet chao ban trong he thong,greeting
Tôi muốn hỏi danh sách sự kiện sắp diễn ra trong app,upcoming_activity
Toi muon hoi danh sach su kien sap dien ra trong app,upcoming_activity
Cho tôi hỏi cho tôi hỏi chút như thế nào,greeting
Cho toi hoi cho toi hoi chut nhu the nao,greeting
Cho tôi xem bị vắng thì mất bao nhiêu điểm nha,absent_penalty
Cho toi xem bi vang thi mat bao nhieu diem nha,absent_penalty
Giúp tôi xem tôi bị từ chối có được cộng điểm không trong hệ thống,absent_penalty
Giup toi xem toi bi tu choi co duoc cong diem khong trong he thong,absent_penalty
Làm ơn cho tôi biết địa điểm workshop ở đâu như thế nào,map_help
Lam on cho toi biet dia diem workshop o dau nhu the nao,map_help
Có thể cho tôi biết bạn có thể làm thơ không trong hệ thống,unknown
Co the cho toi biet ban co the lam tho khong trong he thong,unknown
Làm ơn cho tôi biết bản đồ có chỉ vị trí không giúp tôi,map_help
Lam on cho toi biet ban do co chi vi tri khong giup toi,map_help
Bạn kiểm tra giúp thông báo hoạt động mới xem ở đâu trên ITConnect,notification_help
Ban kiem tra giup thong bao hoat dong moi xem o dau tren ITConnect,notification_help
Bạn kiểm tra giúp tôi cần làm gì để check in ở đâu,check_in_guide
Ban kiem tra giup toi can lam gi de check in o dau,check_in_guide
Tôi cần xem tôi đã ghi danh hoạt động gì hiện tại,my_activities
Toi can xem toi da ghi danh hoat dong gi hien tai,my_activities
Xem địa điểm hoạt động bằng bản đồ,map_help
Xem dia diem hoat dong bang ban do,map_help
Vị trí hội trường xem ở đâu,map_help
Vi tri hoi truong xem o dau,map_help
Bạn giải thích giúp vắng hoạt động bị trừ mấy điểm cho tôi,absent_penalty
Ban giai thich giup vang hoat dong bi tru may diem cho toi,absent_penalty
Giúp tôi xem tôi muốn xem tin quan trọng nha,notification_help
Giup toi xem toi muon xem tin quan trong nha,notification_help
Bạn kiểm tra giúp tôi phải check in như thế nào được không ạ,check_in_guide
Ban kiem tra giup toi phai check in nhu the nao duoc khong a,check_in_guide
Giúp tôi xem hoạt động đoàn nào sắp tới như thế nào,upcoming_activity
Giup toi xem hoat dong doan nao sap toi nhu the nao,upcoming_activity
Giúp tôi xem cách quét mã QR điểm danh được không,check_in_guide
Giup toi xem cach quet ma QR diem danh duoc khong,check_in_guide
Cho mình hỏi từ chối check in có trừ điểm không nhé,absent_penalty
Cho minh hoi tu choi check in co tru diem khong nhe,absent_penalty
Hỏi chút là danh sách hoạt động đang nhận đăng ký hiện tại,upcoming_activity
Hoi chut la danh sach hoat dong dang nhan dang ky hien tai,upcoming_activity
Điểm học kỳ này của tôi bao nhiêu,training_score
Diem hoc ky nay cua toi bao nhieu,training_score
Mình cần biết bị vắng thì mất bao nhiêu điểm trong app,absent_penalty
Minh can biet bi vang thi mat bao nhieu diem trong app,absent_penalty
Bạn kiểm tra giúp sự kiện nào đang mở hiện tại,upcoming_activity
Ban kiem tra giup su kien nao dang mo hien tai,upcoming_activity
Cho tôi xem tôi muốn hỏi thông tin trên ITConnect,greeting
Cho toi xem toi muon hoi thong tin tren ITConnect,greeting
Bạn cho tôi biết bạn có thể dịch tiếng Anh không trong hệ thống,unknown
Ban cho toi biet ban co the dich tieng Anh khong trong he thong,unknown
Có thể cho tôi biết tôi đang chờ duyệt phải không trên ITConnect,attendance_status
Co the cho toi biet toi dang cho duyet phai khong tren ITConnect,attendance_status
Bạn cho tôi biết thông báo của tôi ở đâu ở đâu,notification_help
Ban cho toi biet thong bao cua toi o dau o dau,notification_help
Bạn giải thích giúp tôi được cộng bao nhiêu điểm với ạ,training_score
Ban giai thich giup toi duoc cong bao nhieu diem voi a,training_score
Điểm rèn luyện bị trừ khi nào ở đâu,absent_penalty
Diem ren luyen bi tru khi nao o dau,absent_penalty
Mình muốn biết tắt nhắc nhở hoạt động như thế nào trên ITConnect,notification_help
Minh muon biet tat nhac nho hoat dong nhu the nao tren ITConnect,notification_help
Mình cần biết tôi đã đăng ký CLB nào được không,my_activities
Minh can biet toi da dang ky CLB nao duoc khong,my_activities
Giúp tôi xem điểm phạt vắng là bao nhiêu,absent_penalty
Giup toi xem diem phat vang la bao nhieu,absent_penalty
Tôi muốn hỏi cách báo lỗi hệ thống vậy,feedback_help
Toi muon hoi cach bao loi he thong vay,feedback_help
Bạn kiểm tra giúp tôi muốn xem điểm và xếp loại được không ạ,training_score
Ban kiem tra giup toi muon xem diem va xep loai duoc khong a,training_score
Cho tôi hỏi tôi có hoạt động nào chưa xử lý không trong hệ thống,attendance_status
Cho toi hoi toi co hoat dong nao chua xu ly khong trong he thong,attendance_status
Kiểm tra trạng thái điểm danh,attendance_status
Kiem tra trang thai diem danh,attendance_status
Nhắc nhở hoạt động ở đâu,notification_help
Nhac nho hoat dong o dau,notification_help
Tôi buồn quá,unknown
Toi buon qua,unknown
Giúp tôi xem chào trợ lý trong hệ thống,greeting
Giup toi xem chao tro ly trong he thong,greeting
Hỏi chút là bạn có thể trả lời tôi không ở đâu,greeting
Hoi chut la ban co the tra loi toi khong o dau,greeting
Cho tôi xem tôi có lịch hoạt động không được không bạn nha,my_activities
Cho toi xem toi co lich hoat dong khong duoc khong ban nha,my_activities
Chào trợ lý cho tôi,greeting
Chao tro ly cho toi,greeting
Cho tôi hỏi hướng dẫn điểm danh với,check_in_guide
Cho toi hoi huong dan diem danh voi,check_in_guide
Cho tôi hỏi tôi muốn góp ý được không,feedback_help
Cho toi hoi toi muon gop y duoc khong,feedback_help
Cho mình hỏi tôi không biết cách điểm danh trong hệ thống,check_in_guide
Cho minh hoi toi khong biet cach diem danh trong he thong,check_in_guide
Tôi muốn hỏi chào bạn nhé,greeting
Toi muon hoi chao ban nhe,greeting
Cho mình hỏi làm sao quét mã điểm danh nha,check_in_guide
Cho minh hoi lam sao quet ma diem danh nha,check_in_guide
Tôi muốn hỏi tình trạng điểm danh của tôi là gì được không ạ,attendance_status
Toi muon hoi tinh trang diem danh cua toi la gi duoc khong a,attendance_status
Làm ơn cho tôi biết cách xem thông báo chưa đọc được không bạn,notification_help
Lam on cho toi biet cach xem thong bao chua doc duoc khong ban,notification_help
Có thể cho tôi biết tôi có đăng ký hoạt động nào chưa với,my_activities
Co the cho toi biet toi co dang ky hoat dong nao chua voi,my_activities
Cho mình hỏi tư vấn mua xe máy được không ạ,unknown
Cho minh hoi tu van mua xe may duoc khong a,unknown
Tôi muốn hỏi gửi phản hồi về hoạt động được không ạ,feedback_help
Toi muon hoi gui phan hoi ve hoat dong duoc khong a,feedback_help
Bạn cho tôi biết tôi bị từ chối có được cộng điểm không vậy,absent_penalty
Ban cho toi biet toi bi tu choi co duoc cong diem khong vay,absent_penalty
Cho mình hỏi cần mở camera để quét QR không với,check_in_guide
Cho minh hoi can mo camera de quet QR khong voi,check_in_guide
Cho tôi xem làm sao xem vị trí hội trường được không bạn,map_help
Cho toi xem lam sao xem vi tri hoi truong duoc khong ban,map_help
Bạn kiểm tra giúp điểm phạt vắng là bao nhiêu như thế nào,absent_penalty
Ban kiem tra giup diem phat vang la bao nhieu nhu the nao,absent_penalty
Làm ơn cho tôi biết không tham gia hoạt động đã đăng ký thì sao ở đâu,absent_penalty
Lam on cho toi biet khong tham gia hoat dong da dang ky thi sao o dau,absent_penalty
Bạn cho tôi biết bạn có thể trả lời tôi không với giúp tôi,greeting
Ban cho toi biet ban co the tra loi toi khong voi giup toi,greeting
Làm ơn cho tôi biết tôi muốn xem vị trí hoạt động trong hệ thống nha,map_help
Lam on cho toi biet toi muon xem vi tri hoat dong trong he thong nha,map_help
Cho mình hỏi tôi không biết cách điểm danh nhé,check_in_guide
Cho minh hoi toi khong biet cach diem danh nhe,check_in_guide
Mình cần biết xin chào ITConnect trong app,greeting
Minh can biet xin chao ITConnect trong app,greeting
Cho tôi hỏi quét QR để điểm danh như thế nào được không ạ,check_in_guide
Cho toi hoi quet QR de diem danh nhu the nao duoc khong a,check_in_guide
Cho tôi hỏi làm sao xem vị trí hội trường trong hệ thống,map_help
Cho toi hoi lam sao xem vi tri hoi truong trong he thong,map_help
Bạn cho tôi biết điểm danh đã được chốt chưa được không,attendance_status
Ban cho toi biet diem danh da duoc chot chua duoc khong,attendance_status
Mình muốn biết điểm sau khi bị từ chối minh chứng được không,training_score
Minh muon biet diem sau khi bi tu choi minh chung duoc khong,training_score
Bạn giải thích giúp tôi cần hỗ trợ tài khoản,feedback_help
Ban giai thich giup toi can ho tro tai khoan,feedback_help
Có thể cho tôi biết thông báo đã đọc xem lại ở đâu trên ITConnect,notification_help
Co the cho toi biet thong bao da doc xem lai o dau tren ITConnect,notification_help
Tui muốn hỏi có seminar nào sắp tới không nha,upcoming_activity
Tui muon hoi co seminar nao sap toi khong nha,upcoming_activity
Tôi cần xem tôi đã được duyệt điểm danh chưa như thế nào,attendance_status
Toi can xem toi da duoc duyet diem danh chua nhu the nao,attendance_status
Bạn giải thích giúp tôi được xếp loại gì hiện tại,training_score
Ban giai thich giup toi duoc xep loai gi hien tai,training_score
Cho tôi hỏi danh sách đăng ký của tôi ở đâu nhé,my_activities
Cho toi hoi danh sach dang ky cua toi o dau nhe,my_activities
Bạn giải thích giúp điểm rèn luyện bị trừ khi nào với,absent_penalty
Ban giai thich giup diem ren luyen bi tru khi nao voi,absent_penalty
Mình muốn biết cách gửi minh chứng điểm danh giúp tôi,check_in_guide
Minh muon biet cach gui minh chung diem danh giup toi,check_in_guide
Cho tôi hỏi không gửi minh chứng có bị vắng không như thế nào,absent_penalty
Cho toi hoi khong gui minh chung co bi vang khong nhu the nao,absent_penalty
Cho mình hỏi điểm hiện tại của tôi là bao nhiêu trên ITConnect,training_score
Cho minh hoi diem hien tai cua toi la bao nhieu tren ITConnect,training_score
Cho mình hỏi tôi muốn gửi ảnh minh chứng trong app,check_in_guide
Cho minh hoi toi muon gui anh minh chung trong app,check_in_guide
Hỏi chút là bạn có thể làm thơ không trên ITConnect,unknown
Hoi chut la ban co the lam tho khong tren ITConnect,unknown
Tôi có những hoạt động nào như thế nào,my_activities
Toi co nhung hoat dong nao nhu the nao,my_activities
Cho tôi hỏi tôi muốn mở thông báo hiện tại,notification_help
Cho toi hoi toi muon mo thong bao hien tai,notification_help
Bạn cho tôi biết hội trường C ở đâu được không ạ,map_help
Ban cho toi biet hoi truong C o dau duoc khong a,map_help
Có thể cho tôi biết vắng bị trừ 6 điểm phải không trên ITConnect,absent_penalty
Co the cho toi biet vang bi tru 6 diem phai khong tren ITConnect,absent_penalty
Có thể cho tôi biết xin chào được không,greeting
Co the cho toi biet xin chao duoc khong,greeting
Tôi cần xem bạn có yêu tôi không được không ạ,unknown
Toi can xem ban co yeu toi khong duoc khong a,unknown
Hỏi chút là tôi phải chụp minh chứng như thế nào trong app,check_in_guide
Hoi chut la toi phai chup minh chung nhu the nao trong app,check_in_guide
Giúp tôi xem chương trình nào sắp bắt đầu hiện tại,upcoming_activity
Giup toi xem chuong trinh nao sap bat dau hien tai,upcoming_activity
Giúp tôi xem kiểm tra điểm rèn luyện giúp tôi được không,training_score
Giup toi xem kiem tra diem ren luyen giup toi duoc khong,training_score
Giúp tôi xem điểm hiện tại của tôi là bao nhiêu giúp mình,training_score
Giup toi xem diem hien tai cua toi la bao nhieu giup minh,training_score
Mình muốn biết cách gửi minh chứng điểm danh được không bạn,check_in_guide
Minh muon biet cach gui minh chung diem danh duoc khong ban,check_in_guide
Cho tôi xem có thể phản ánh thông tin sai không được không,feedback_help
Cho toi xem co the phan anh thong tin sai khong duoc khong,feedback_help
Hỏi chút là bản đồ ở đâu nha,map_help
Hoi chut la ban do o dau nha,map_help
Làm ơn cho tôi biết địa điểm workshop ở đâu trên ITConnect,map_help
Lam on cho toi biet dia diem workshop o dau tren ITConnect,map_help
Mình muốn biết làm sao gửi yêu cầu hỗ trợ vậy,feedback_help
Minh muon biet lam sao gui yeu cau ho tro vay,feedback_help
Có thể cho tôi biết xem địa điểm hoạt động bằng bản đồ trên ITConnect,map_help
Co the cho toi biet xem dia diem hoat dong bang ban do tren ITConnect,map_help
Bạn giải thích giúp hướng dẫn quét QR nhé,check_in_guide
Ban giai thich giup huong dan quet QR nhe,check_in_guide
Cho tôi xem mục hoạt động của tôi ở đâu nhé,my_activities
Cho toi xem muc hoat dong cua toi o dau nhe,my_activities
Giúp tôi xem thông báo nằm ở đâu trong hệ thống nha,notification_help
Giup toi xem thong bao nam o dau trong he thong nha,notification_help
Làm ơn cho tôi biết góp ý cho hệ thống ở đâu như thế nào,feedback_help
Lam on cho toi biet gop y cho he thong o dau nhu the nao,feedback_help
Mình cần biết xem hoạt động theo học kỳ của tôi trên ITConnect,my_activities
Minh can biet xem hoat dong theo hoc ky cua toi tren ITConnect,my_activities
Lịch hoạt động sắp tới của tôi,my_activities
Lich hoat dong sap toi cua toi,my_activities
Giúp tôi xem tôi không nhận được nhắc nhở giúp tôi,notification_help
Giup toi xem toi khong nhan duoc nhac nho giup toi,notification_help
Tôi muốn kiểm tra kết quả check in,attendance_status
Toi muon kiem tra ket qua check in,attendance_status
Bạn cho tôi biết điểm hiện tại của tôi là bao nhiêu trong app,training_score
Ban cho toi biet diem hien tai cua toi la bao nhieu trong app,training_score
Admin đã duyệt minh chứng chưa,attendance_status
Admin da duyet minh chung chua,attendance_status
Bạn kiểm tra giúp tôi phải check in như thế nào được không bạn,check_in_guide
Ban kiem tra giup toi phai check in nhu the nao duoc khong ban,check_in_guide
Cho tôi xem xin chào ITConnect như thế nào,greeting
Cho toi xem xin chao ITConnect nhu the nao,greeting
Làm ơn cho tôi biết tôi muốn gửi ảnh minh chứng trong app,check_in_guide
Lam on cho toi biet toi muon gui anh minh chung trong app,check_in_guide
Bạn giải thích giúp làm sao xem tin nhắn thông báo với bạn,notification_help
Ban giai thich giup lam sao xem tin nhan thong bao voi ban,notification_help
Tôi cần xem tôi muốn nhận nhắc nhở hoạt động được không ạ,notification_help
Toi can xem toi muon nhan nhac nho hoat dong duoc khong a,notification_help
Bạn cho tôi biết tôi có hoạt động nào chưa xử lý không được không bạn,attendance_status
Ban cho toi biet toi co hoat dong nao chua xu ly khong duoc khong ban,attendance_status
Hỏi chút là cách gửi minh chứng điểm danh vậy,check_in_guide
Hoi chut la cach gui minh chung diem danh vay,check_in_guide
Hỏi chút là tôi đăng ký seminar nào giúp tôi,my_activities
Hoi chut la toi dang ky seminar nao giup toi,my_activities
Làm ơn cho tôi biết bitcoin hôm nay giá bao nhiêu trong hệ thống,unknown
Lam on cho toi biet bitcoin hom nay gia bao nhieu trong he thong,unknown
Mình muốn biết chào bạn được không ạ,greeting
Minh muon biet chao ban duoc khong a,greeting
Cho tôi lịch bóng đá,unknown
Cho toi lich bong da,unknown
Địa điểm hoạt động nằm ở đâu,map_help
Dia diem hoat dong nam o dau,map_help
Điểm hiện tại của tôi là bao nhiêu,training_score
Diem hien tai cua toi la bao nhieu,training_score
Có thể cho tôi biết bạn có thể làm toán không được không ạ,unknown
Co the cho toi biet ban co the lam toan khong duoc khong a,unknown
Hỏi chút là tôi muốn xem điểm và xếp loại,training_score
Hoi chut la toi muon xem diem va xep loai,training_score
Hỏi chút là chào buổi chiều trên ITConnect,greeting
Hoi chut la chao buoi chieu tren ITConnect,greeting
Làm sao gửi yêu cầu hỗ trợ,feedback_help
Lam sao gui yeu cau ho tro,feedback_help
Bạn kiểm tra giúp tôi cần hỏi nhanh giúp tôi,greeting
Ban kiem tra giup toi can hoi nhanh giup toi,greeting
Mình cần xem tôi cần minh chứng gì khi điểm danh giúp tôi,check_in_guide
Minh can xem toi can minh chung gi khi diem danh giup toi,check_in_guide
Có hoạt động tháng này không giúp tôi,upcoming_activity
Co hoat dong thang nay khong giup toi,upcoming_activity
Bạn kiểm tra giúp xin được hỗ trợ trong app,greeting
Ban kiem tra giup xin duoc ho tro trong app,greeting
Mình cần biết tôi muốn báo lỗi đăng ký hoạt động với ạ,feedback_help
Minh can biet toi muon bao loi dang ky hoat dong voi a,feedback_help
Tôi muốn hỏi xin chào ở đâu,greeting
Toi muon hoi xin chao o dau,greeting
Có thể cho tôi biết tôi muốn hỏi thông tin giúp tôi,greeting
Co the cho toi biet toi muon hoi thong tin giup toi,greeting
Bạn kiểm tra giúp không tham gia sau khi đăng ký thì sao ở đâu,absent_penalty
Ban kiem tra giup khong tham gia sau khi dang ky thi sao o dau,absent_penalty
Bạn giải thích giúp điểm rèn luyện có bị trừ không được không,training_score
Ban giai thich giup diem ren luyen co bi tru khong duoc khong,training_score
Mình cần biết hôm nay ăn gì với,unknown
Minh can biet hom nay an gi voi,unknown
Tôi muốn hỏi có hoạt động nào sắp tới không trên ITConnect,upcoming_activity
Toi muon hoi co hoat dong nao sap toi khong tren ITConnect,upcoming_activity
Bạn cho tôi biết tôi muốn chơi game nha,unknown
Ban cho toi biet toi muon choi game nha,unknown
Giúp tôi xem xem điểm rèn luyện của tôi ở đâu,training_score
Giup toi xem xem diem ren luyen cua toi o dau,training_score
Mình muốn biết tôi muốn gửi ảnh minh chứng nhé với ạ,check_in_guide
Minh muon biet toi muon gui anh minh chung nhe voi a,check_in_guide
Sự kiện nào đang mở,upcoming_activity
Su kien nao dang mo,upcoming_activity
Tôi muốn hỏi tôi có đang chờ xử lý không trên ITConnect,attendance_status
Toi muon hoi toi co dang cho xu ly khong tren ITConnect,attendance_status
Cho tôi hỏi tôi muốn hỏi thông tin hiện tại,greeting
Cho toi hoi toi muon hoi thong tin hien tai,greeting
Tôi cần xem tôi muốn báo lỗi điểm danh nha,feedback_help
Toi can xem toi muon bao loi diem danh nha,feedback_help
Hỏi chút là xem điểm rèn luyện của tôi vậy,training_score
Hoi chut la xem diem ren luyen cua toi vay,training_score
Cho mình hỏi danh sách hoạt động tôi đăng ký hiện tại,my_activities
Cho minh hoi danh sach hoat dong toi dang ky hien tai,my_activities
Tui cần xem tôi cần liên hệ khoa trong hệ thống,feedback_help
Tui can xem toi can lien he khoa trong he thong,feedback_help
Cho mình hỏi không quét QR có bị trừ điểm không nha,absent_penalty
Cho minh hoi khong quet QR co bi tru diem khong nha,absent_penalty
Tôi cần xem check in thất bại có bị trừ điểm không với,absent_penalty
Toi can xem check in that bai co bi tru diem khong voi,absent_penalty
Hỏi chút là cách xác nhận tham gia hoạt động cho tôi với ạ,check_in_guide
Hoi chut la cach xac nhan tham gia hoat dong cho toi voi a,check_in_guide
Hỏi chút là hoạt động gần nhất là gì nha,upcoming_activity
Hoi chut la hoat dong gan nhat la gi nha,upcoming_activity
Hỏi chút là bạn hỗ trợ sinh viên đúng không ở đâu,greeting
Hoi chut la ban ho tro sinh vien dung khong o dau,greeting
Tôi cần xem tôi muốn gửi phản hồi nhanh như thế nào,feedback_help
Toi can xem toi muon gui phan hoi nhanh nhu the nao,feedback_help
Hỏi chút là tôi muốn kiểm tra kết quả check in hiện tại,attendance_status
Hoi chut la toi muon kiem tra ket qua check in hien tai,attendance_status
Tôi bị trừ bao nhiêu điểm,training_score
Toi bi tru bao nhieu diem,training_score
Bạn giải thích giúp có hoạt động nào hôm nay không trong hệ thống,upcoming_activity
Ban giai thich giup co hoat dong nao hom nay khong trong he thong,upcoming_activity
Mình cần biết từ chối điểm danh có trừ điểm không trong app,absent_penalty
Minh can biet tu choi diem danh co tru diem khong trong app,absent_penalty
Cho tôi hỏi tôi bị trừ bao nhiêu điểm vậy,training_score
Cho toi hoi toi bi tru bao nhieu diem vay,training_score
Mình cần biết gửi phản hồi về hoạt động nhé,feedback_help
Minh can biet gui phan hoi ve hoat dong nhe,feedback_help
Mình cần xem hoạt động CLB gần nhất là gì vậy,upcoming_activity
Minh can xem hoat dong CLB gan nhat la gi vay,upcoming_activity
Cho tôi hỏi tôi muốn xem tin quan trọng giúp tôi,notification_help
Cho toi hoi toi muon xem tin quan trong giup toi,notification_help
Bạn cho tôi biết tư vấn mua xe máy vậy,unknown
Ban cho toi biet tu van mua xe may vay,unknown
Cho tôi hỏi tôi không thấy thông báo cho tôi,notification_help
Cho toi hoi toi khong thay thong bao cho toi,notification_help
Bạn kiểm tra giúp bạn có thể làm thơ không trong hệ thống,unknown
Ban kiem tra giup ban co the lam tho khong trong he thong,unknown
Hỏi chút là alo bạn ơi giúp tôi,greeting
Hoi chut la alo ban oi giup toi,greeting
Cho tôi hỏi chatbot ơi trong app,greeting
Cho toi hoi chatbot oi trong app,greeting
Bạn giải thích giúp minh chứng không hợp lệ có bị trừ điểm không ở đâu,absent_penalty
Ban giai thich giup minh chung khong hop le co bi tru diem khong o dau,absent_penalty
Tôi muốn hỏi cách hoàn tất check in nha,check_in_guide
Toi muon hoi cach hoan tat check in nha,check_in_guide
Điểm danh thất bại có bị trừ điểm không trong hệ thống,absent_penalty
Diem danh that bai co bi tru diem khong trong he thong,absent_penalty
Cho tôi hỏi làm sao biết có hoạt động mới trong hệ thống ạ,notification_help
Cho toi hoi lam sao biet co hoat dong moi trong he thong a,notification_help
Cho mình hỏi mục hoạt động của tôi ở đâu hiện tại,my_activities
Cho minh hoi muc hoat dong cua toi o dau hien tai,my_activities
Vắng thì bị trừ bao nhiêu điểm,absent_penalty
Vang thi bi tru bao nhieu diem,absent_penalty
Góp ý cho hệ thống ở đâu giúp tôi,feedback_help
Gop y cho he thong o dau giup toi,feedback_help
Mình muốn biết bị đánh dấu vắng thì xử lý sao cho tôi,absent_penalty
Minh muon biet bi danh dau vang thi xu ly sao cho toi,absent_penalty
Tôi muốn hỏi tôi tham gia hoạt động nào trên ITConnect,my_activities
Toi muon hoi toi tham gia hoat dong nao tren ITConnect,my_activities
Hoạt động nào đang mở đăng ký,upcoming_activity
Hoat dong nao dang mo dang ky,upcoming_activity
Hoạt động đoàn nào sắp tới,upcoming_activity
Hoat dong doan nao sap toi,upcoming_activity
Hỏi chút là hello được không bạn,greeting
Hoi chut la hello duoc khong ban,greeting
Làm ơn cho tôi biết hoạt động này tôi đã check in chưa trong hệ thống,attendance_status
Lam on cho toi biet hoat dong nay toi da check in chua trong he thong,attendance_status
Hoạt động cá nhân của tôi,my_activities
Hoat dong ca nhan cua toi,my_activities
Cho tôi hỏi tôi muốn phản hồi về app được không ạ giúp mình,feedback_help
Cho toi hoi toi muon phan hoi ve app duoc khong a giup minh,feedback_help
Cho tôi hỏi chụp ảnh đẹp như thế nào ở đâu,unknown
Cho toi hoi chup anh dep nhu the nao o dau,unknown
Làm ơn cho tôi biết tôi muốn xem phim nhé,unknown
Lam on cho toi biet toi muon xem phim nhe,unknown
Bạn cho tôi biết tôi điểm danh bằng cách nào nha,check_in_guide
Ban cho toi biet toi diem danh bang cach nao nha,check_in_guide
Mình muốn biết tôi muốn xem bản đồ trường ạ,map_help
Minh muon biet toi muon xem ban do truong a,map_help
Bạn cho tôi biết có workshop nào sắp diễn ra không trên ITConnect,upcoming_activity
Ban cho toi biet co workshop nao sap dien ra khong tren ITConnect,upcoming_activity
Tôi muốn hỏi xem điểm rèn luyện của tôi giúp tôi,training_score
Toi muon hoi xem diem ren luyen cua toi giup toi,training_score
Cho mình hỏi cách bật nhắc nhở trước hoạt động ở đâu,notification_help
Cho minh hoi cach bat nhac nho truoc hoat dong o dau,notification_help
Có thể cho tôi biết tôi đã điểm danh chưa trên ITConnect,attendance_status
Co the cho toi biet toi da diem danh chua tren ITConnect,attendance_status
Mình muốn biết tôi muốn hỏi thông tin ở đâu,greeting
Minh muon biet toi muon hoi thong tin o dau,greeting
Có thể cho tôi biết đường đi đến địa điểm hoạt động nhé,map_help
Co the cho toi biet duong di den dia diem hoat dong nhe,map_help
Bạn giải thích giúp tôi cần liên hệ khoa hiện tại,feedback_help
Ban giai thich giup toi can lien he khoa hien tai,feedback_help
Cho tôi xem xin chào ITConnect trên ITConnect,greeting
Cho toi xem xin chao ITConnect tren ITConnect,greeting
Cho tôi hỏi các hoạt động trong tài khoản của tôi,my_activities
Cho toi hoi cac hoat dong trong tai khoan cua toi,my_activities
Có thể cho tôi biết thông báo hoạt động mới xem ở đâu hiện tại,notification_help
Co the cho toi biet thong bao hoat dong moi xem o dau hien tai,notification_help
Cho tôi xem sắp tới có sự kiện gì trong app,upcoming_activity
Cho toi xem sap toi co su kien gi trong app,upcoming_activity
Tôi cần xem minh chứng của tôi đã duyệt chưa vậy,attendance_status
Toi can xem minh chung cua toi da duyet chua vay,attendance_status
Cho mình hỏi chào buổi chiều được không bạn,greeting
Cho minh hoi chao buoi chieu duoc khong ban,greeting
Hoạt động tôi đã ghi danh,my_activities
Hoat dong toi da ghi danh,my_activities
Hỏi chút là tôi có đăng ký hoạt động nào chưa trên ITConnect,my_activities
Hoi chut la toi co dang ky hoat dong nao chua tren ITConnect,my_activities
Bạn kiểm tra giúp tôi bị trừ bao nhiêu điểm nhé,training_score
Ban kiem tra giup toi bi tru bao nhieu diem nhe,training_score
Cho mình hỏi tôi muốn mở thông báo được không,notification_help
Cho minh hoi toi muon mo thong bao duoc khong,notification_help
Có thể cho tôi biết cách đọc tất cả thông báo nha,notification_help
Co the cho toi biet cach doc tat ca thong bao nha,notification_help
Tôi muốn hỏi cách xem thông báo trong hệ thống,notification_help
Toi muon hoi cach xem thong bao trong he thong,notification_help
Tôi cần xem tôi phải check in như thế nào hiện tại,check_in_guide
Toi can xem toi phai check in nhu the nao hien tai,check_in_guide
Mình muốn hỏi bị vắng một hoạt động thì trừ bao nhiêu cho tôi,absent_penalty
Minh muon hoi bi vang mot hoat dong thi tru bao nhieu cho toi,absent_penalty
Tìm khu nhà trong trường giúp tôi,map_help
Tim khu nha trong truong giup toi,map_help
Cho tôi hỏi tôi bị từ chối có được cộng điểm không trên ITConnect,absent_penalty
Cho toi hoi toi bi tu choi co duoc cong diem khong tren ITConnect,absent_penalty
Làm ơn cho tôi biết điểm của tôi sau khi hoàn thành hoạt động được không ạ,training_score
Lam on cho toi biet diem cua toi sau khi hoan thanh hoat dong duoc khong a,training_score
Tôi cần xem bản đồ ở đâu trong app,map_help
Toi can xem ban do o dau trong app,map_help
Bạn kiểm tra giúp các hoạt động trong tài khoản của tôi trong hệ thống,my_activities
Ban kiem tra giup cac hoat dong trong tai khoan cua toi trong he thong,my_activities
Cho tôi xem khi nào bị trừ điểm hoạt động,absent_penalty
Cho toi xem khi nao bi tru diem hoat dong,absent_penalty
Mình muốn biết cách gửi minh chứng điểm danh được không,check_in_guide
Minh muon biet cach gui minh chung diem danh duoc khong,check_in_guide
Mở scanner ở đâu,check_in_guide
Mo scanner o dau,check_in_guide
Điểm rèn luyện của tôi bao nhiêu,training_score
Diem ren luyen cua toi bao nhieu,training_score
Mình cần biết dự báo thời tiết ngày mai trên ITConnect,unknown
Minh can biet du bao thoi tiet ngay mai tren ITConnect,unknown
Cho tôi xem tôi không nhận được nhắc nhở như thế nào,notification_help
Cho toi xem toi khong nhan duoc nhac nho nhu the nao,notification_help
Cho tôi xem hôm nay ăn gì được không với ạ,unknown
Cho toi xem hom nay an gi duoc khong voi a,unknown
Bạn kiểm tra giúp thông báo hoạt động sắp diễn ra ở đâu ở đâu,notification_help
Ban kiem tra giup thong bao hoat dong sap dien ra o dau o dau,notification_help
Bạn giải thích giúp xem minh chứng đã duyệt được không bạn,attendance_status
Ban giai thich giup xem minh chung da duyet duoc khong ban,attendance_status
Cho tôi xem quên điểm danh có bị trừ không được không giúp mình,absent_penalty
Cho toi xem quen diem danh co bi tru khong duoc khong giup minh,absent_penalty
Mình muốn biết thông báo nằm ở đâu với,notification_help
Minh muon biet thong bao nam o dau voi,notification_help
Làm sao bật camera điểm danh,check_in_guide
Lam sao bat camera diem danh,check_in_guide
Tôi cần xem tôi còn bao nhiêu điểm sau khi vắng như thế nào giúp tôi,training_score
Toi can xem toi con bao nhieu diem sau khi vang nhu the nao giup toi,training_score
Tui muốn hỏi kiểm tra điểm rèn luyện giúp tôi giúp tôi,training_score
Tui muon hoi kiem tra diem ren luyen giup toi giup toi,training_score
Mình cần biết tôi bị mất điểm không như thế nào,training_score
Minh can biet toi bi mat diem khong nhu the nao,training_score
Tôi muốn hỏi tôi không nhận được nhắc nhở trong app ạ,notification_help
Toi muon hoi toi khong nhan duoc nhac nho trong app a,notification_help
Giúp tôi xem lịch hoạt động sắp tới của tôi trên ITConnect,my_activities
Giup toi xem lich hoat dong sap toi cua toi tren ITConnect,my_activities
Cho tôi hỏi kiểm tra trạng thái check in nha,attendance_status
Cho toi hoi kiem tra trang thai check in nha,attendance_status
Cho tôi xem tình trạng điểm danh của tôi là gì như thế nào,attendance_status
Cho toi xem tinh trang diem danh cua toi la gi nhu the nao,attendance_status
Mình muốn biết làm sao nhận tin tức quan trọng được không bạn,notification_help
Minh muon biet lam sao nhan tin tuc quan trong duoc khong ban,notification_help
Cho tôi xem hi được không,greeting
Cho toi xem hi duoc khong,greeting
Tôi muốn hỏi có seminar nào sắp tới không được không bạn,upcoming_activity
Toi muon hoi co seminar nao sap toi khong duoc khong ban,upcoming_activity
Có thể cho tôi biết điểm danh bằng điện thoại ra sao được không ạ,check_in_guide
Co the cho toi biet diem danh bang dien thoai ra sao duoc khong a,check_in_guide
Làm ơn cho tôi biết minh chứng bị từ chối thì bị sao,absent_penalty
Lam on cho toi biet minh chung bi tu choi thi bi sao,absent_penalty
Tôi có hoạt động nào sắp diễn ra không,upcoming_activity
Toi co hoat dong nao sap dien ra khong,upcoming_activity
Bạn giải thích giúp tôi được duyệt hoạt động nào giúp tôi,attendance_status
Ban giai thich giup toi duoc duyet hoat dong nao giup toi,attendance_status
Liên hệ admin như thế nào,feedback_help
Lien he admin nhu the nao,feedback_help
Cho mình hỏi bạn hỗ trợ gì được cho tôi,greeting
Cho minh hoi ban ho tro gi duoc cho toi,greeting
Bạn kiểm tra giúp admin đã duyệt minh chứng chưa trên ITConnect,attendance_status
Ban kiem tra giup admin da duyet minh chung chua tren ITConnect,attendance_status
Tôi muốn hỏi hoạt động tôi đã chọn được không bạn bạn,my_activities
Toi muon hoi hoat dong toi da chon duoc khong ban ban,my_activities
Tôi muốn hỏi alo bạn ơi như thế nào,greeting
Toi muon hoi alo ban oi nhu the nao,greeting
Cho mình hỏi cách quay video minh chứng vậy,check_in_guide
Cho minh hoi cach quay video minh chung vay,check_in_guide
Làm ơn cho tôi biết tôi muốn phản hồi về app vậy,feedback_help
Lam on cho toi biet toi muon phan hoi ve app vay,feedback_help
Tôi muốn hỏi minh chứng đang ở đâu như thế nào,attendance_status
Toi muon hoi minh chung dang o dau nhu the nao,attendance_status
Hỏi chút là tôi có được cộng điểm hoạt động chưa được không,attendance_status
Hoi chut la toi co duoc cong diem hoat dong chua duoc khong,attendance_status
Cho tôi hỏi bitcoin hôm nay giá bao nhiêu nha,unknown
Cho toi hoi bitcoin hom nay gia bao nhieu nha,unknown
Tôi muốn hỏi hoạt động CLB gần nhất là gì trên ITConnect,upcoming_activity
Toi muon hoi hoat dong CLB gan nhat la gi tren ITConnect,upcoming_activity
Bạn kiểm tra giúp chào bạn nhé,greeting
Ban kiem tra giup chao ban nhe,greeting
Tôi muốn hỏi cách gửi nội dung phản ánh trong hệ thống,feedback_help
Toi muon hoi cach gui noi dung phan anh trong he thong,feedback_help
Bị từ chối điểm danh thì sao với,absent_penalty
Bi tu choi diem danh thi sao voi,absent_penalty
Tôi cần xem minh chứng bị từ chối thì bị sao được không ạ giúp tôi,absent_penalty
Toi can xem minh chung bi tu choi thi bi sao duoc khong a giup toi,absent_penalty
Cho tôi xem tìm khu nhà trong trường được không ạ,map_help
Cho toi xem tim khu nha trong truong duoc khong a,map_help
Vắng hoạt động bị trừ mấy điểm trong app,absent_penalty
Vang hoat dong bi tru may diem trong app,absent_penalty
Cho tôi hỏi bitcoin hôm nay giá bao nhiêu với,unknown
Cho toi hoi bitcoin hom nay gia bao nhieu voi,unknown
Mình muốn biết bị vắng một hoạt động thì trừ bao nhiêu ở đâu,absent_penalty
Minh muon biet bi vang mot hoat dong thi tru bao nhieu o dau,absent_penalty
Cho tôi xem điểm rèn luyện hiện tại thế nào được không bạn,training_score
Cho toi xem diem ren luyen hien tai the nao duoc khong ban,training_score
Tôi cần xem tại sao có chấm đỏ thông báo với,notification_help
Toi can xem tai sao co cham do thong bao voi,notification_help
Tôi cần xem cách nấu cơm được không bạn,unknown
Toi can xem cach nau com duoc khong ban,unknown
Cho tôi hỏi kiểm tra điểm rèn luyện giúp tôi nha giúp mình,training_score
Cho toi hoi kiem tra diem ren luyen giup toi nha giup minh,training_score
Trạng thái minh chứng của tôi như thế nào,attendance_status
Trang thai minh chung cua toi nhu the nao,attendance_status
Có thể cho tôi biết tôi không thấy thông báo ở đâu,notification_help
Co the cho toi biet toi khong thay thong bao o dau,notification_help
Bạn giải thích giúp tìm đường đến hội trường nhé nhé,map_help
Ban giai thich giup tim duong den hoi truong nhe nhe,map_help
Mình cần biết không tham gia có bị trừ 6 điểm không cho tôi,absent_penalty
Minh can biet khong tham gia co bi tru 6 diem khong cho toi,absent_penalty
Cho tôi hỏi bài hát nào hay ở đâu,unknown
Cho toi hoi bai hat nao hay o dau,unknown
Cách đọc tất cả thông báo được không,notification_help
Cach doc tat ca thong bao duoc khong,notification_help
Có thể cho tôi biết tôi có đang chờ xử lý không cho tôi,attendance_status
Co the cho toi biet toi co dang cho xu ly khong cho toi,attendance_status
Mình cần biết bị vắng có được cộng điểm không ở đâu,absent_penalty
Minh can biet bi vang co duoc cong diem khong o dau,absent_penalty
Tôi cần xem tôi đã điểm danh chưa được không bạn giúp tôi,attendance_status
Toi can xem toi da diem danh chua duoc khong ban giup toi,attendance_status
Mình cần biết danh sách đăng ký của tôi ở đâu,my_activities
Minh can biet danh sach dang ky cua toi o dau,my_activities
Bạn cho tôi biết tôi đã đăng ký CLB nào trong hệ thống,my_activities
Ban cho toi biet toi da dang ky CLB nao trong he thong,my_activities
Cho tôi xem hôm nay ăn gì giúp tôi,unknown
Cho toi xem hom nay an gi giup toi,unknown
Chào buổi tối vậy,greeting
Chao buoi toi vay,greeting
Làm ơn cho tôi biết làm sao xem tin nhắn thông báo được không ạ,notification_help
Lam on cho toi biet lam sao xem tin nhan thong bao duoc khong a,notification_help
Cho tôi xem tôi cần chỉ đường trong trường,map_help
Cho toi xem toi can chi duong trong truong,map_help
Có thể cho tôi biết gửi ý kiến cho quản trị viên trong app,feedback_help
Co the cho toi biet gui y kien cho quan tri vien trong app,feedback_help
Có bản đồ khuôn viên không được không,map_help
Co ban do khuon vien khong duoc khong,map_help
Cho tôi xem app bị lỗi thì báo ở đâu ở đâu,feedback_help
Cho toi xem app bi loi thi bao o dau o dau,feedback_help
Mình muốn biết minh chứng của tôi đang chờ duyệt không được không bạn,attendance_status
Minh muon biet minh chung cua toi dang cho duyet khong duoc khong ban,attendance_status
Bạn cho tôi biết thông báo đã đọc xem lại ở đâu cho tôi,notification_help
Ban cho toi biet thong bao da doc xem lai o dau cho toi,notification_help
Cách tìm phòng học,map_help
Cach tim phong hoc,map_help
Bạn cho tôi biết có hoạt động tháng này không nha,upcoming_activity
Ban cho toi biet co hoat dong thang nay khong nha,upcoming_activity
Mình cần biết các hoạt động tôi đang tham gia trong hệ thống với ạ,my_activities
Minh can biet cac hoat dong toi dang tham gia trong he thong voi a,my_activities
Tôi bị từ chối hoạt động nào được không,attendance_status
Toi bi tu choi hoat dong nao duoc khong,attendance_status
Mình muốn biết bản đồ ở đâu cho tôi,map_help
Minh muon biet ban do o dau cho toi,map_help
Giúp tôi xem hoạt động CLB gần nhất là gì được không bạn,upcoming_activity
Giup toi xem hoat dong CLB gan nhat la gi duoc khong ban,upcoming_activity
Vắng có bị ghi nhận trong hệ thống không,absent_penalty
Vang co bi ghi nhan trong he thong khong,absent_penalty
Có thể cho tôi biết tôi muốn đề xuất cải thiện app được không ạ,feedback_help
Co the cho toi biet toi muon de xuat cai thien app duoc khong a,feedback_help
Bạn giải thích giúp quét QR để điểm danh như thế nào nha,check_in_guide
Ban giai thich giup quet QR de diem danh nhu the nao nha,check_in_guide
Bạn cho tôi biết điểm rèn luyện của học kỳ hiện tại ở đâu với ạ,training_score
Ban cho toi biet diem ren luyen cua hoc ky hien tai o dau voi a,training_score
Cho mình hỏi bạn có thể trả lời tôi không vậy,greeting
Cho minh hoi ban co the tra loi toi khong vay,greeting
Tôi muốn gửi phản hồi nhanh trong app,feedback_help
Toi muon gui phan hoi nhanh trong app,feedback_help
Cho tôi xem trạng thái minh chứng của tôi giúp tôi,attendance_status
Cho toi xem trang thai minh chung cua toi giup toi,attendance_status
Có thể cho tôi biết làm sao xem vị trí hội trường nha nha,map_help
Co the cho toi biet lam sao xem vi tri hoi truong nha nha,map_help
Cho mình hỏi tôi phải check in như thế nào trong app bạn,check_in_guide
Cho minh hoi toi phai check in nhu the nao trong app ban,check_in_guide
Tôi cần xem mở scanner ở đâu với giúp tôi,check_in_guide
Toi can xem mo scanner o dau voi giup toi,check_in_guide
Có thể cho tôi biết xem điểm hoạt động của tôi được không,training_score
Co the cho toi biet xem diem hoat dong cua toi duoc khong,training_score
Tôi muốn hỏi lịch hoạt động sắp tới của tôi được không,my_activities
Toi muon hoi lich hoat dong sap toi cua toi duoc khong,my_activities
Cho tôi xem mở scanner ở đâu được không bạn,check_in_guide
Cho toi xem mo scanner o dau duoc khong ban,check_in_guide
Kiểm tra điểm rèn luyện giúp tôi,training_score
Kiem tra diem ren luyen giup toi,training_score
Admin từ chối minh chứng thì mất điểm à được không bạn,absent_penalty
Admin tu choi minh chung thi mat diem a duoc khong ban,absent_penalty
Cho tôi xem tìm hoạt động sắp diễn ra trên ITConnect,upcoming_activity
Cho toi xem tim hoat dong sap dien ra tren ITConnect,upcoming_activity
Có thể cho tôi biết cần mở camera để điểm danh không giúp tôi,check_in_guide
Co the cho toi biet can mo camera de diem danh khong giup toi,check_in_guide
Cho mình hỏi kiểm tra trạng thái quét QR được không bạn,attendance_status
Cho minh hoi kiem tra trang thai quet QR duoc khong ban,attendance_status
Làm ơn cho tôi biết cách sử dụng mã QR để điểm danh trong hệ thống,check_in_guide
Lam on cho toi biet cach su dung ma QR de diem danh trong he thong,check_in_guide
Giúp tôi xem tôi muốn xem hoạt động của mình với ạ,my_activities
Giup toi xem toi muon xem hoat dong cua minh voi a,my_activities
Bạn cho tôi biết app có gửi thông báo không được không bạn,notification_help
Ban cho toi biet app co gui thong bao khong duoc khong ban,notification_help
Cho tôi hỏi điểm phạt vắng là bao nhiêu với,absent_penalty
Cho toi hoi diem phat vang la bao nhieu voi,absent_penalty
Mình cần biết báo lỗi không hiện hoạt động nha,feedback_help
Minh can biet bao loi khong hien hoat dong nha,feedback_help
Tôi cần chỉ đường trong trường vậy,map_help
Toi can chi duong trong truong vay,map_help
Hỏi chút là app bị lỗi thì báo ở đâu hiện tại,feedback_help
Hoi chut la app bi loi thi bao o dau hien tai,feedback_help
Bạn cho tôi biết bạn có ở đó không được không bạn,greeting
Ban cho toi biet ban co o do khong duoc khong ban,greeting
Em muốn hỏi tôi muốn gửi lời nhắn cho admin nhé,feedback_help
Em muon hoi toi muon gui loi nhan cho admin nhe,feedback_help
Xem địa điểm sự kiện bằng bản đồ,map_help
Xem dia diem su kien bang ban do,map_help
Mình muốn biết bitcoin hôm nay giá bao nhiêu nha,unknown
Minh muon biet bitcoin hom nay gia bao nhieu nha,unknown
Mình cần biết có hoạt động nào sắp tới không nhé,upcoming_activity
Minh can biet co hoat dong nao sap toi khong nhe,upcoming_activity
Cho mình hỏi minh chứng không hợp lệ có bị trừ điểm không vậy nha,absent_penalty
Cho minh hoi minh chung khong hop le co bi tru diem khong vay nha,absent_penalty
Mình muốn biết điểm danh đã được chốt chưa được không bạn,attendance_status
Minh muon biet diem danh da duoc chot chua duoc khong ban,attendance_status
Làm ơn cho tôi biết danh sách sự kiện sắp diễn ra giúp mình,upcoming_activity
Lam on cho toi biet danh sach su kien sap dien ra giup minh,upcoming_activity
Bạn kiểm tra giúp tôi có bị tụt xếp loại không giúp tôi,training_score
Ban kiem tra giup toi co bi tut xep loai khong giup toi,training_score
Bạn cho tôi biết làm sao đến sân trường vậy,map_help
Ban cho toi biet lam sao den san truong vay,map_help
Cho tôi hỏi làm sao gửi yêu cầu hỗ trợ hiện tại,feedback_help
Cho toi hoi lam sao gui yeu cau ho tro hien tai,feedback_help
Chào buổi sáng,greeting
Chao buoi sang,greeting
Giúp tôi xem bị đánh dấu vắng thì xử lý sao được không ạ,absent_penalty
Giup toi xem bi danh dau vang thi xu ly sao duoc khong a,absent_penalty
Tôi điểm danh bằng cách nào trong hệ thống,check_in_guide
Toi diem danh bang cach nao trong he thong,check_in_guide
Giúp tôi xem cho tôi lịch bóng đá được không với ạ,unknown
Giup toi xem cho toi lich bong da duoc khong voi a,unknown
Làm ơn cho tôi biết tôi muốn hỏi thông tin vậy,greeting
Lam on cho toi biet toi muon hoi thong tin vay,greeting
Tôi muốn hỏi không tham gia hoạt động đã đăng ký thì sao được không,absent_penalty
Toi muon hoi khong tham gia hoat dong da dang ky thi sao duoc khong,absent_penalty
Giúp tôi xem tôi đăng ký seminar nào nha,my_activities
Giup toi xem toi dang ky seminar nao nha,my_activities
Mình cần biết bản đồ campus mở ở đâu vậy,map_help
Minh can biet ban do campus mo o dau vay,map_help
Bạn biết nấu ăn không,unknown
Ban biet nau an khong,unknown
Tôi muốn hỏi cách bật nhắc nhở trước hoạt động được không,notification_help
Toi muon hoi cach bat nhac nho truoc hoat dong duoc khong,notification_help
Cho mình hỏi tôi muốn bật thông báo được không bạn,notification_help
Cho minh hoi toi muon bat thong bao duoc khong ban,notification_help
Minh chứng không hợp lệ có bị trừ điểm không,absent_penalty
Minh chung khong hop le co bi tru diem khong,absent_penalty
Tôi cần xem tìm hoạt động sắp diễn ra được không ạ,upcoming_activity
Toi can xem tim hoat dong sap dien ra duoc khong a,upcoming_activity
Cách quét mã QR điểm danh,check_in_guide
Cach quet ma QR diem danh,check_in_guide
Giúp tôi xem minh chứng bị từ chối thì bị sao,absent_penalty
Giup toi xem minh chung bi tu choi thi bi sao,absent_penalty
Mình cần biết tôi muốn tìm hội trường C được không ạ giúp tôi,map_help
Minh can biet toi muon tim hoi truong C duoc khong a giup toi,map_help
Mình muốn biết làm sao biết có sự kiện mới nha,notification_help
Minh muon biet lam sao biet co su kien moi nha,notification_help
Làm ơn cho tôi biết ngày mai có hoạt động nào không nha,upcoming_activity
Lam on cho toi biet ngay mai co hoat dong nao khong nha,upcoming_activity
Mình muốn biết kết quả điểm danh đã có chưa như thế nào giúp mình,attendance_status
Minh muon biet ket qua diem danh da co chua nhu the nao giup minh,attendance_status
Mình cần biết kể chuyện vui đi trong hệ thống,unknown
Minh can biet ke chuyen vui di trong he thong,unknown
Không quét QR có bị trừ điểm không,absent_penalty
Khong quet QR co bi tru diem khong,absent_penalty
Làm ơn cho tôi biết bị vắng một chương trình thì trừ bao nhiêu hiện tại,absent_penalty
Lam on cho toi biet bi vang mot chuong trinh thi tru bao nhieu hien tai,absent_penalty
Cho mình hỏi hướng dẫn quét QR nhé,check_in_guide
Cho minh hoi huong dan quet QR nhe,check_in_guide
Hỏi chút là có hoạt động nào phù hợp để tham gia được không ạ,upcoming_activity
Hoi chut la co hoat dong nao phu hop de tham gia duoc khong a,upcoming_activity
Bạn cho tôi biết xem điểm hoạt động của tôi nha,training_score
Ban cho toi biet xem diem hoat dong cua toi nha,training_score
Mình cần biết xem minh chứng đã duyệt nha,attendance_status
Minh can biet xem minh chung da duyet nha,attendance_status
Tôi cần xem có chương trình mới không như thế nào,upcoming_activity
Toi can xem co chuong trinh moi khong nhu the nao,upcoming_activity
Cho tôi xem trạng thái điểm danh của tôi được không ạ,attendance_status
Cho toi xem trang thai diem danh cua toi duoc khong a,attendance_status
Cho mình hỏi tìm đường đến hội trường trong hệ thống,map_help
Cho minh hoi tim duong den hoi truong trong he thong,map_help
Cho mình hỏi tư vấn mua xe máy giúp tôi,unknown
Cho minh hoi tu van mua xe may giup toi,unknown
Làm ơn cho tôi biết tìm sân trường trên bản đồ vậy,map_help
Lam on cho toi biet tim san truong tren ban do vay,map_help
Tôi muốn tắt thông báo,notification_help
Toi muon tat thong bao,notification_help
Hỏi chút là chào trợ lý ITConnect nha,greeting
Hoi chut la chao tro ly ITConnect nha,greeting
Giúp tôi xem điểm danh thất bại có bị trừ điểm không trong hệ thống,absent_penalty
Giup toi xem diem danh that bai co bi tru diem khong trong he thong,absent_penalty
Cho tôi xem cho xem hoạt động trong học kỳ này,my_activities
Cho toi xem cho xem hoat dong trong hoc ky nay,my_activities
Bạn kiểm tra giúp tôi không biết địa điểm hoạt động hiện tại,map_help
Ban kiem tra giup toi khong biet dia diem hoat dong hien tai,map_help
Giúp tôi xem tôi đã đăng ký hoạt động nào hiện tại nhé,my_activities
Giup toi xem toi da dang ky hoat dong nao hien tai nhe,my_activities
Cho mình hỏi có ai hỗ trợ không vậy nhé,greeting
Cho minh hoi co ai ho tro khong vay nhe,greeting
Hỏi chút là làm sao xem vị trí hội trường cho tôi giúp tôi,map_help
Hoi chut la lam sao xem vi tri hoi truong cho toi giup toi,map_help
Bạn giải thích giúp phản hồi thông tin sai ở đâu nha,feedback_help
Ban giai thich giup phan hoi thong tin sai o dau nha,feedback_help
Làm ơn cho tôi biết tư vấn mua laptop giúp tôi giúp tôi,unknown
Lam on cho toi biet tu van mua laptop giup toi giup toi,unknown
Giúp tôi xem tôi cần gửi hỗ trợ ở đâu giúp tôi,feedback_help
Giup toi xem toi can gui ho tro o dau giup toi,feedback_help
Mình cần biết có hoạt động tháng này không với nhé,upcoming_activity
Minh can biet co hoat dong thang nay khong voi nhe,upcoming_activity
Bạn cho tôi biết bạn có thể làm thơ không nhé,unknown
Ban cho toi biet ban co the lam tho khong nhe,unknown
Tôi cần xem tôi có sự kiện nào sắp diễn ra không ở đâu,upcoming_activity
Toi can xem toi co su kien nao sap dien ra khong o dau,upcoming_activity
Kể chuyện cười đi,unknown
Ke chuyen cuoi di,unknown
Tôi cần xem cần mở camera để điểm danh không được không bạn,check_in_guide
Toi can xem can mo camera de diem danh khong duoc khong ban,check_in_guide
Cho tôi xem hoạt động nào sắp bắt đầu với,upcoming_activity
Cho toi xem hoat dong nao sap bat dau voi,upcoming_activity
Cho tôi xem cách hoàn tất điểm danh cho tôi,check_in_guide
Cho toi xem cach hoan tat diem danh cho toi,check_in_guide
Bạn kiểm tra giúp bản đồ ở đâu trong hệ thống,map_help
Ban kiem tra giup ban do o dau trong he thong,map_help
Cho tôi xem tôi đã đăng ký hoạt động nào với,my_activities
Cho toi xem toi da dang ky hoat dong nao voi,my_activities
Hỏi chút là cho tôi xem sự kiện của tôi cho tôi,my_activities
Hoi chut la cho toi xem su kien cua toi cho toi,my_activities
Quy trình điểm danh hoạt động,check_in_guide
Quy trinh diem danh hoat dong,check_in_guide
Làm ơn cho tôi biết lịch hoạt động sắp tới của tôi trong app,my_activities
Lam on cho toi biet lich hoat dong sap toi cua toi trong app,my_activities
Cho mình hỏi cách gửi minh chứng điểm danh ở đâu,check_in_guide
Cho minh hoi cach gui minh chung diem danh o dau,check_in_guide
Giúp tôi xem tôi muốn nhận nhắc nhở sự kiện như thế nào,notification_help
Giup toi xem toi muon nhan nhac nho su kien nhu the nao,notification_help
Hỏi chút là tôi đăng ký seminar nào trong hệ thống,my_activities
Hoi chut la toi dang ky seminar nao trong he thong,my_activities
Tôi cần bấm nút nào để điểm danh,check_in_guide
Toi can bam nut nao de diem danh,check_in_guide
Hỏi chút là hôm nay thời tiết thế nào với,unknown
Hoi chut la hom nay thoi tiet the nao voi,unknown
Cho tôi hỏi có ai hỗ trợ không được không bạn,greeting
Cho toi hoi co ai ho tro khong duoc khong ban,greeting
Tôi có đang chờ xử lý không,attendance_status
Toi co dang cho xu ly khong,attendance_status
Có thể cho tôi biết tôi muốn báo lỗi đăng ký hoạt động cho tôi,feedback_help
Co the cho toi biet toi muon bao loi dang ky hoat dong cho toi,feedback_help
Bạn kiểm tra giúp game nào hay được không bạn,unknown
Ban kiem tra giup game nao hay duoc khong ban,unknown
Cho tôi xem làm sao xem vị trí hội trường giúp tôi,map_help
Cho toi xem lam sao xem vi tri hoi truong giup toi,map_help
Bạn cho tôi biết tôi muốn nghe tin tức,unknown
Ban cho toi biet toi muon nghe tin tuc,unknown
Quy trình điểm danh hoạt động nhé,check_in_guide
Quy trinh diem danh hoat dong nhe,check_in_guide
Bạn giải thích giúp tôi có hoạt động nào chưa xử lý không trong app,attendance_status
Ban giai thich giup toi co hoat dong nao chua xu ly khong trong app,attendance_status
Bạn kiểm tra giúp tôi có những hoạt động nào với,my_activities
Ban kiem tra giup toi co nhung hoat dong nao voi,my_activities
Mình muốn biết game nào hay được không,unknown
Minh muon biet game nao hay duoc khong,unknown
Giúp tôi xem tôi muốn hỏi về ứng dụng hiện tại,greeting
Giup toi xem toi muon hoi ve ung dung hien tai,greeting
Mình cần biết minh chứng của tôi đã duyệt chưa được không bạn,attendance_status
Minh can biet minh chung cua toi da duyet chua duoc khong ban,attendance_status
Bạn cho tôi biết bản đồ có chỉ vị trí không được không bạn,map_help
Ban cho toi biet ban do co chi vi tri khong duoc khong ban,map_help
Bị đánh dấu vắng thì xử lý sao vậy với ạ,absent_penalty
Bi danh dau vang thi xu ly sao vay voi a,absent_penalty
Bạn giải thích giúp bạn có yêu tôi không vậy,unknown
Ban giai thich giup ban co yeu toi khong vay,unknown
Bạn giải thích giúp tôi muốn biết loại rèn luyện được không ạ,training_score
Ban giai thich giup toi muon biet loai ren luyen duoc khong a,training_score
Mình muốn biết tôi có đạt loại tốt không được không ạ,training_score
Minh muon biet toi co dat loai tot khong duoc khong a,training_score
Tôi cần xem làm sao gửi yêu cầu hỗ trợ được không ạ,feedback_help
Toi can xem lam sao gui yeu cau ho tro duoc khong a,feedback_help
Tôi cần hỗ trợ được không bạn,greeting
Toi can ho tro duoc khong ban,greeting
Cho tôi hỏi mục bản đồ trong app nằm đâu với,map_help
Cho toi hoi muc ban do trong app nam dau voi,map_help
Giúp tôi xem hôm nay thời tiết thế nào với,unknown
Giup toi xem hom nay thoi tiet the nao voi,unknown
Có thể cho tôi biết xem hoạt động theo học kỳ của tôi,my_activities
Co the cho toi biet xem hoat dong theo hoc ky cua toi,my_activities
Tôi cần xem hội trường C ở đâu nha,map_help
Toi can xem hoi truong C o dau nha,map_help
Bạn giải thích giúp đường đi đến địa điểm hoạt động được không giúp mình,map_help
Ban giai thich giup duong di den dia diem hoat dong duoc khong giup minh,map_help
Bạn kiểm tra giúp điểm danh thất bại có bị trừ điểm không như thế nào,absent_penalty
Ban kiem tra giup diem danh that bai co bi tru diem khong nhu the nao,absent_penalty
Giúp tôi xem tôi không biết địa điểm hoạt động được không,map_help
Giup toi xem toi khong biet dia diem hoat dong duoc khong,map_help
Chào trợ lý ITConnect,greeting
Chao tro ly ITConnect,greeting
Cho tôi hỏi tôi cần làm gì để check in nha bạn,check_in_guide
Cho toi hoi toi can lam gi de check in nha ban,check_in_guide
Danh sách sự kiện sắp diễn ra,upcoming_activity
Danh sach su kien sap dien ra,upcoming_activity
Mình muốn biết kể chuyện ma đi như thế nào,unknown
Minh muon biet ke chuyen ma di nhu the nao,unknown
Hỏi chút là thông báo hoạt động mới xem ở đâu giúp tôi,notification_help
Hoi chut la thong bao hoat dong moi xem o dau giup toi,notification_help
Tôi muốn hỏi tôi muốn hỏi về ứng dụng nhé,greeting
Toi muon hoi toi muon hoi ve ung dung nhe,greeting
Mình cần biết tôi cần hỗ trợ giúp tôi,greeting
Minh can biet toi can ho tro giup toi,greeting
Tôi phải check in như thế nào,check_in_guide
Toi phai check in nhu the nao,check_in_guide
Bạn cho tôi biết tôi đang chờ duyệt phải không,attendance_status
Ban cho toi biet toi dang cho duyet phai khong,attendance_status
Tôi cần xem sự kiện nào đang mở trong app,upcoming_activity
Toi can xem su kien nao dang mo trong app,upcoming_activity
Cho tôi hỏi quét QR để điểm danh như thế nào trên ITConnect giúp tôi,check_in_guide
Cho toi hoi quet QR de diem danh nhu the nao tren ITConnect giup toi,check_in_guide
Bạn kiểm tra giúp phản hồi thông tin sai ở đâu nha,feedback_help
Ban kiem tra giup phan hoi thong tin sai o dau nha,feedback_help
Tôi muốn hỏi tôi đăng ký workshop nào,my_activities
Toi muon hoi toi dang ky workshop nao,my_activities
Cho tôi hỏi điểm rèn luyện tính như thế nào với,training_score
Cho toi hoi diem ren luyen tinh nhu the nao voi,training_score
Cách hoàn tất điểm danh giúp tôi,check_in_guide
Cach hoan tat diem danh giup toi,check_in_guide
Cho tôi xem tôi muốn báo lỗi điểm danh như thế nào,feedback_help
Cho toi xem toi muon bao loi diem danh nhu the nao,feedback_help
Hỏi chút là làm sao bật camera điểm danh với giúp tôi,check_in_guide
Hoi chut la lam sao bat camera diem danh voi giup toi,check_in_guide
Em cần xem tổng điểm rèn luyện của tôi là mấy trên ITConnect,training_score
Em can xem tong diem ren luyen cua toi la may tren ITConnect,training_score
Cho mình hỏi tôi có những hoạt động nào được không ạ,my_activities
Cho minh hoi toi co nhung hoat dong nao duoc khong a,my_activities
Tôi muốn hỏi tìm hoạt động sắp diễn ra trên ITConnect,upcoming_activity
Toi muon hoi tim hoat dong sap dien ra tren ITConnect,upcoming_activity
Mình muốn biết vắng bị trừ 6 điểm phải không vậy,absent_penalty
Minh muon biet vang bi tru 6 diem phai khong vay,absent_penalty
Bạn cho tôi biết có hoạt động mới không được không giúp mình,upcoming_activity
Ban cho toi biet co hoat dong moi khong duoc khong giup minh,upcoming_activity
Tôi muốn hỏi cách bật nhắc nhở trước hoạt động vậy,notification_help
Toi muon hoi cach bat nhac nho truoc hoat dong vay,notification_help
Mình muốn biết tôi có thể chọn mã QR từ thư viện không nhé,check_in_guide
Minh muon biet toi co the chon ma QR tu thu vien khong nhe,check_in_guide
Hỏi chút là kiểm tra lịch tham gia của tôi trong app,my_activities
Hoi chut la kiem tra lich tham gia cua toi trong app,my_activities
Cho tôi hỏi cách quay video minh chứng được không,check_in_guide
Cho toi hoi cach quay video minh chung duoc khong,check_in_guide
Bạn kiểm tra giúp minh chứng của tôi đã duyệt chưa trong app bạn,attendance_status
Ban kiem tra giup minh chung cua toi da duyet chua trong app ban,attendance_status
Mình cần biết nếu không check in thì bị gì cho tôi,absent_penalty
Minh can biet neu khong check in thi bi gi cho toi,absent_penalty
Cho tôi xem gửi ý kiến cho quản trị viên được không ạ,feedback_help
Cho toi xem gui y kien cho quan tri vien duoc khong a,feedback_help
Giúp tôi xem tôi đã điểm danh chưa trong app,attendance_status
Giup toi xem toi da diem danh chua trong app,attendance_status
Bạn kiểm tra giúp làm sao kiếm tiền online,unknown
Ban kiem tra giup lam sao kiem tien online,unknown
Mình cần biết trạng thái minh chứng của tôi được không,attendance_status
Minh can biet trang thai minh chung cua toi duoc khong,attendance_status
Tôi muốn hỏi bạn hỗ trợ sinh viên đúng không được không,greeting
Toi muon hoi ban ho tro sinh vien dung khong duoc khong,greeting
Hoạt động tôi đã ghi danh được không ạ,my_activities
Hoat dong toi da ghi danh duoc khong a,my_activities
Mình muốn biết bạn có yêu tôi không trên ITConnect,unknown
Minh muon biet ban co yeu toi khong tren ITConnect,unknown
Hoạt động gần nhất là gì,upcoming_activity
Hoat dong gan nhat la gi,upcoming_activity
Bạn kiểm tra giúp bị vắng có được cộng điểm không với,absent_penalty
Ban kiem tra giup bi vang co duoc cong diem khong voi,absent_penalty
Tôi muốn hỏi tôi đã hoàn thành điểm danh chưa như thế nào,attendance_status
Toi muon hoi toi da hoan thanh diem danh chua nhu the nao,attendance_status
Bạn kiểm tra giúp tôi muốn xem kết quả điểm danh như thế nào,attendance_status
Ban kiem tra giup toi muon xem ket qua diem danh nhu the nao,attendance_status
Minh chứng đã được chấp nhận chưa,attendance_status
Minh chung da duoc chap nhan chua,attendance_status
Bạn cho tôi biết quét QR để điểm danh như thế nào trong app nhé,check_in_guide
Ban cho toi biet quet QR de diem danh nhu the nao trong app nhe,check_in_guide
Phản hồi thông tin sai ở đâu,feedback_help
Phan hoi thong tin sai o dau,feedback_help
Chụp ảnh đẹp như thế nào,unknown
Chup anh dep nhu the nao,unknown
Bạn giải thích giúp tôi buồn quá được không ạ,unknown
Ban giai thich giup toi buon qua duoc khong a,unknown
Tôi cần xem vắng bị trừ 6 điểm phải không như thế nào ạ,absent_penalty
Toi can xem vang bi tru 6 diem phai khong nhu the nao a,absent_penalty
Bạn cho tôi biết cách xác nhận tham gia chương trình,check_in_guide
Ban cho toi biet cach xac nhan tham gia chuong trinh,check_in_guide
Giúp tôi xem tôi muốn đề xuất cải thiện app như thế nào,feedback_help
Giup toi xem toi muon de xuat cai thien app nhu the nao,feedback_help
Bạn có thể làm thơ không,unknown
Ban co the lam tho khong,unknown
Bạn giải thích giúp sự kiện nào đang mở nhé,upcoming_activity
Ban giai thich giup su kien nao dang mo nhe,upcoming_activity
Giúp tôi xem ngày mai có hoạt động nào không trong app,upcoming_activity
Giup toi xem ngay mai co hoat dong nao khong trong app,upcoming_activity
Giúp tôi xem cách đọc tất cả thông báo hiện tại,notification_help
Giup toi xem cach doc tat ca thong bao hien tai,notification_help
Bạn cho tôi biết tìm địa điểm trong trường trong hệ thống,map_help
Ban cho toi biet tim dia diem trong truong trong he thong,map_help
Bạn cho tôi biết điểm của tôi sau khi hoàn thành hoạt động vậy,training_score
Ban cho toi biet diem cua toi sau khi hoan thanh hoat dong vay,training_score
Cho tôi xem hoạt động tôi đã ghi danh như thế nào,my_activities
Cho toi xem hoat dong toi da ghi danh nhu the nao,my_activities
Tôi muốn hỏi xem điểm rèn luyện của tôi trong hệ thống,training_score
Toi muon hoi xem diem ren luyen cua toi trong he thong,training_score
Mình muốn biết tôi tham gia hoạt động nào nhé,my_activities
Minh muon biet toi tham gia hoat dong nao nhe,my_activities
Cho tôi hỏi có hoạt động mới không hiện tại,upcoming_activity
Cho toi hoi co hoat dong moi khong hien tai,upcoming_activity
Bạn cho tôi biết lịch hoạt động của tôi nha,my_activities
Ban cho toi biet lich hoat dong cua toi nha,my_activities
Mình cần biết trạng thái chờ duyệt của tôi giúp tôi,attendance_status
Minh can biet trang thai cho duyet cua toi giup toi,attendance_status
Bạn kiểm tra giúp các hoạt động trong tài khoản của tôi nha,my_activities
Ban kiem tra giup cac hoat dong trong tai khoan cua toi nha,my_activities
Giúp tôi xem danh sách hoạt động đang nhận đăng ký được không,upcoming_activity
Giup toi xem danh sach hoat dong dang nhan dang ky duoc khong,upcoming_activity
Mình cần biết bản đồ campus mở ở đâu được không ạ,map_help
Minh can biet ban do campus mo o dau duoc khong a,map_help
Bạn kiểm tra giúp danh sách chương trình sắp tới với,upcoming_activity
Ban kiem tra giup danh sach chuong trinh sap toi voi,upcoming_activity
Mình cần biết tôi muốn tìm hội trường C ở đâu,map_help
Minh can biet toi muon tim hoi truong C o dau,map_help
Tui cần hỏi nhanh nhé,greeting
Tui can hoi nhanh nhe,greeting
Tôi cần xem tôi phải chụp minh chứng như thế nào được không,check_in_guide
Toi can xem toi phai chup minh chung nhu the nao duoc khong,check_in_guide
Cho mình hỏi có seminar nào sắp tới không hiện tại,upcoming_activity
Cho minh hoi co seminar nao sap toi khong hien tai,upcoming_activity
Giúp tôi xem tôi muốn góp ý trong app,feedback_help
Giup toi xem toi muon gop y trong app,feedback_help
Mình cần biết liên hệ admin như thế nào được không,feedback_help
Minh can biet lien he admin nhu the nao duoc khong,feedback_help
Tôi cần xem bật tắt thông báo ở đâu trong hệ thống,notification_help
Toi can xem bat tat thong bao o dau trong he thong,notification_help
Bạn giải thích giúp bitcoin hôm nay giá bao nhiêu được không ạ,unknown
Ban giai thich giup bitcoin hom nay gia bao nhieu duoc khong a,unknown
Cho mình hỏi hôm nay ăn gì,unknown
Cho minh hoi hom nay an gi,unknown
Các hoạt động tôi đang tham gia,my_activities
Cac hoat dong toi dang tham gia,my_activities
Giúp tôi xem mục hoạt động của tôi ở đâu giúp tôi,my_activities
Giup toi xem muc hoat dong cua toi o dau giup toi,my_activities
Mình muốn biết bản đồ có chỉ vị trí không hiện tại,map_help
Minh muon biet ban do co chi vi tri khong hien tai,map_help
Bạn kiểm tra giúp mục hoạt động của tôi ở đâu,my_activities
Ban kiem tra giup muc hoat dong cua toi o dau,my_activities
Làm ơn cho tôi biết điểm rèn luyện của học kỳ hiện tại giúp tôi,training_score
Lam on cho toi biet diem ren luyen cua hoc ky hien tai giup toi,training_score
Bạn kiểm tra giúp xem hoạt động theo học kỳ của tôi như thế nào,my_activities
Ban kiem tra giup xem hoat dong theo hoc ky cua toi nhu the nao,my_activities
Tôi muốn hỏi tôi muốn xem phim nha,unknown
Toi muon hoi toi muon xem phim nha,unknown
Mình cần biết tôi muốn xem điểm và xếp loại hiện tại ạ,training_score
Minh can biet toi muon xem diem va xep loai hien tai a,training_score
Giúp tôi xem map trong ITConnect ở đâu như thế nào,map_help
Giup toi xem map trong ITConnect o dau nhu the nao,map_help
Mình cần biết tôi muốn báo lỗi thông báo nha,feedback_help
Minh can biet toi muon bao loi thong bao nha,feedback_help
Cho tôi xem hướng dẫn check in hoạt động nhé,check_in_guide
Cho toi xem huong dan check in hoat dong nhe,check_in_guide
Có thể cho tôi biết alo bạn ơi nha,greeting
Co the cho toi biet alo ban oi nha,greeting
Làm ơn cho tôi biết thông báo quan trọng nằm ở đâu trong hệ thống,notification_help
Lam on cho toi biet thong bao quan trong nam o dau trong he thong,notification_help
Giúp tôi xem bị vắng có được cộng điểm không ở đâu,absent_penalty
Giup toi xem bi vang co duoc cong diem khong o dau,absent_penalty
Có thể cho tôi biết tôi đăng ký workshop nào được không,my_activities
Co the cho toi biet toi dang ky workshop nao duoc khong,my_activities
Bạn giải thích giúp xem điểm hoạt động của tôi được không bạn,training_score
Ban giai thich giup xem diem hoat dong cua toi duoc khong ban,training_score
Em cần hỗ trợ nhé,greeting
Em can ho tro nhe,greeting
Tôi muốn hỏi bạn có yêu tôi không trong hệ thống,unknown
Toi muon hoi ban co yeu toi khong trong he thong,unknown
Cho tôi hỏi tôi đã tham gia những hoạt động gì trong hệ thống,my_activities
Cho toi hoi toi da tham gia nhung hoat dong gi trong he thong,my_activities
Cho mình hỏi sau khi quét QR cần làm gì trên ITConnect,check_in_guide
Cho minh hoi sau khi quet QR can lam gi tren ITConnect,check_in_guide
Hỏi chút là tư vấn mua điện thoại cho tôi,unknown
Hoi chut la tu van mua dien thoai cho toi,unknown
Cho tôi xem lịch hoạt động sắp tới của tôi được không bạn nhé,my_activities
Cho toi xem lich hoat dong sap toi cua toi duoc khong ban nhe,my_activities
Tôi cần xem admin từ chối minh chứng thì mất điểm à được không bạn,absent_penalty
Toi can xem admin tu choi minh chung thi mat diem a duoc khong ban,absent_penalty
Hỏi chút là có hoạt động tháng này không nha giúp mình,upcoming_activity
Hoi chut la co hoat dong thang nay khong nha giup minh,upcoming_activity
Cho tôi xem bạn có thể trả lời tôi không hiện tại,greeting
Cho toi xem ban co the tra loi toi khong hien tai,greeting
Làm ơn cho tôi biết bạn hỗ trợ sinh viên đúng không được không bạn,greeting
Lam on cho toi biet ban ho tro sinh vien dung khong duoc khong ban,greeting
Tắt nhắc nhở hoạt động như thế nào cho tôi,notification_help
Tat nhac nho hoat dong nhu the nao cho toi,notification_help
Bản đồ ở đâu ở đâu,map_help
Ban do o dau o dau,map_help
Tôi cần gửi hỗ trợ,feedback_help
Toi can gui ho tro,feedback_help
Bạn kiểm tra giúp tôi đã đăng ký hoạt động nào được không,my_activities
Ban kiem tra giup toi da dang ky hoat dong nao duoc khong,my_activities
Tôi muốn hỏi hoạt động nào gần nhất,upcoming_activity
Toi muon hoi hoat dong nao gan nhat,upcoming_activity
Mình muốn biết vị trí hội trường xem ở đâu cho tôi,map_help
Minh muon biet vi tri hoi truong xem o dau cho toi,map_help
Hi trong hệ thống,greeting
Hi trong he thong,greeting
Bạn kiểm tra giúp hello được không ạ,greeting
Ban kiem tra giup hello duoc khong a,greeting
Bạn giải thích giúp xem vị trí tổ chức hoạt động hiện tại,map_help
Ban giai thich giup xem vi tri to chuc hoat dong hien tai,map_help
Tui cần xem cách gửi nội dung phản ánh trong app,feedback_help
Tui can xem cach gui noi dung phan anh trong app,feedback_help
Tôi muốn hỏi điểm danh của tôi có hợp lệ không trong hệ thống,attendance_status
Toi muon hoi diem danh cua toi co hop le khong trong he thong,attendance_status
Cho mình hỏi báo lỗi minh chứng ở đâu trong hệ thống,feedback_help
Cho minh hoi bao loi minh chung o dau trong he thong,feedback_help
Hoạt động gần nhất là gì như thế nào,upcoming_activity
Hoat dong gan nhat la gi nhu the nao,upcoming_activity
Mình cần biết hôm nay thời tiết thế nào được không ạ với ạ,unknown
Minh can biet hom nay thoi tiet the nao duoc khong a voi a,unknown
Bạn giải thích giúp điểm danh thất bại có bị trừ điểm không nhé,absent_penalty
Ban giai thich giup diem danh that bai co bi tru diem khong nhe,absent_penalty
Bạn cho tôi biết tôi cần chỉ đường trong trường với,map_help
Ban cho toi biet toi can chi duong trong truong voi,map_help
Tôi muốn hỏi vắng bị trừ 6 điểm phải không giúp tôi nha,absent_penalty
Toi muon hoi vang bi tru 6 diem phai khong giup toi nha,absent_penalty
Tôi muốn hỏi tôi có bị tụt xếp loại không nha,training_score
Toi muon hoi toi co bi tut xep loai khong nha,training_score
Thông báo nằm ở đâu được không,notification_help
Thong bao nam o dau duoc khong,notification_help
Cho tôi xem có hoạt động nào sắp tới không như thế nào,upcoming_activity
Cho toi xem co hoat dong nao sap toi khong nhu the nao,upcoming_activity
Có thể cho tôi biết điểm rèn luyện của tôi bao nhiêu trong app,training_score
Co the cho toi biet diem ren luyen cua toi bao nhieu trong app,training_score
Cho tôi hỏi chào buổi tối được không bạn,greeting
Cho toi hoi chao buoi toi duoc khong ban,greeting
Thông báo của tôi ở đâu được không,notification_help
Thong bao cua toi o dau duoc khong,notification_help
Bạn cho tôi biết chụp ảnh đẹp như thế nào được không ạ,unknown
Ban cho toi biet chup anh dep nhu the nao duoc khong a,unknown
Có thể cho tôi biết quên quét QR có bị trừ không vậy nha,absent_penalty
Co the cho toi biet quen quet QR co bi tru khong vay nha,absent_penalty
Bạn giải thích giúp điểm danh của tôi đang ở trạng thái nào vậy ạ,attendance_status
Ban giai thich giup diem danh cua toi dang o trang thai nao vay a,attendance_status
Tôi muốn hỏi tôi muốn hỏi về ứng dụng như thế nào ạ,greeting
Toi muon hoi toi muon hoi ve ung dung nhu the nao a,greeting
Cho tôi xem báo lỗi không hiện hoạt động với,feedback_help
Cho toi xem bao loi khong hien hoat dong voi,feedback_help
Bạn cho tôi biết chatbot ơi nha,greeting
Ban cho toi biet chatbot oi nha,greeting
Bạn giải thích giúp hoạt động cá nhân của tôi nhé,my_activities
Ban giai thich giup hoat dong ca nhan cua toi nhe,my_activities
Bạn giải thích giúp tư vấn mua xe máy nha,unknown
Ban giai thich giup tu van mua xe may nha,unknown
Cho tôi xem hoạt động tôi đã ghi danh trong app,my_activities
Cho toi xem hoat dong toi da ghi danh trong app,my_activities
Làm ơn cho tôi biết tìm sân trường trên bản đồ,map_help
Lam on cho toi biet tim san truong tren ban do,map_help
Cho tôi xem tôi muốn tắt thông báo như thế nào,notification_help
Cho toi xem toi muon tat thong bao nhu the nao,notification_help
Hỏi chút là quy trình quét QR hoạt động vậy,check_in_guide
Hoi chut la quy trinh quet QR hoat dong vay,check_in_guide
Tìm địa điểm trong trường,map_help
Tim dia diem trong truong,map_help
Tui cần xem liên hệ admin như thế nào như thế nào ạ,feedback_help
Tui can xem lien he admin nhu the nao nhu the nao a,feedback_help
Cho tôi hỏi cách xem thông báo trong hệ thống,notification_help
Cho toi hoi cach xem thong bao trong he thong,notification_help
Mình muốn biết địa điểm hoạt động nằm ở đâu giúp tôi,map_help
Minh muon biet dia diem hoat dong nam o dau giup toi,map_help
Nếu không check in thì bị gì hiện tại,absent_penalty
Neu khong check in thi bi gi hien tai,absent_penalty
Bạn giải thích giúp đường đi đến địa điểm hoạt động nhé,map_help
Ban giai thich giup duong di den dia diem hoat dong nhe,map_help
Bạn cho tôi biết cần mở camera để điểm danh không trên ITConnect,check_in_guide
Ban cho toi biet can mo camera de diem danh khong tren ITConnect,check_in_guide
Làm sao xem tin nhắn thông báo,notification_help
Lam sao xem tin nhan thong bao,notification_help
Có thể cho tôi biết bạn hỗ trợ gì được cho tôi vậy,greeting
Co the cho toi biet ban ho tro gi duoc cho toi vay,greeting
Giúp tôi xem tôi muốn xem hoạt động mới nhất trên ITConnect,upcoming_activity
Giup toi xem toi muon xem hoat dong moi nhat tren ITConnect,upcoming_activity
Hỏi chút là hướng dẫn điểm danh như thế nào,check_in_guide
Hoi chut la huong dan diem danh nhu the nao,check_in_guide
Hỏi chút là làm sao biết có hoạt động mới được không,notification_help
Hoi chut la lam sao biet co hoat dong moi duoc khong,notification_help
Bạn giải thích giúp lịch hoạt động sắp tới của tôi hiện tại ạ,my_activities
Ban giai thich giup lich hoat dong sap toi cua toi hien tai a,my_activities
Mình cần biết tôi đã đăng ký những hoạt động nào nhé,my_activities
Minh can biet toi da dang ky nhung hoat dong nao nhe,my_activities
Cho mình hỏi tôi muốn xem điểm và xếp loại nha,training_score
Cho minh hoi toi muon xem diem va xep loai nha,training_score
Mình cần biết vị trí hội trường xem ở đâu cho tôi,map_help
Minh can biet vi tri hoi truong xem o dau cho toi,map_help
Bạn cho tôi biết minh chứng bị từ chối thì bị sao hiện tại,absent_penalty
Ban cho toi biet minh chung bi tu choi thi bi sao hien tai,absent_penalty
Mình muốn biết thông báo đã đọc xem lại ở đâu giúp tôi,notification_help
Minh muon biet thong bao da doc xem lai o dau giup toi,notification_help
Có thể cho tôi biết tôi được duyệt sự kiện nào được không bạn,attendance_status
Co the cho toi biet toi duoc duyet su kien nao duoc khong ban,attendance_status
Cho tôi xem điểm học kỳ này của tôi bao nhiêu cho tôi,training_score
Cho toi xem diem hoc ky nay cua toi bao nhieu cho toi,training_score
Giúp tôi xem hội trường C ở đâu trong app,map_help
Giup toi xem hoi truong C o dau trong app,map_help
Mình muốn biết hoạt động nào gần nhất ở đâu,upcoming_activity
Minh muon biet hoat dong nao gan nhat o dau,upcoming_activity
Bạn giải thích giúp tôi không nhận được nhắc nhở với nhé,notification_help
Ban giai thich giup toi khong nhan duoc nhac nho voi nhe,notification_help
Giúp tôi xem tìm khu nhà trong trường vậy,map_help
Giup toi xem tim khu nha trong truong vay,map_help
Tôi cần xem tôi điểm danh bằng cách nào ở đâu,check_in_guide
Toi can xem toi diem danh bang cach nao o dau,check_in_guide
Bạn cho tôi biết xem minh chứng đã duyệt nha,attendance_status
Ban cho toi biet xem minh chung da duyet nha,attendance_status
Tôi muốn kiểm tra kết quả check in giúp tôi,attendance_status
Toi muon kiem tra ket qua check in giup toi,attendance_status
Cho mình hỏi làm sao biết có hoạt động mới nha nhé,notification_help
Cho minh hoi lam sao biet co hoat dong moi nha nhe,notification_help
Mình cần xem tôi có đạt loại tốt không trên ITConnect,training_score
Minh can xem toi co dat loai tot khong tren ITConnect,training_score
Cho mình hỏi thông báo nằm ở đâu như thế nào,notification_help
Cho minh hoi thong bao nam o dau nhu the nao,notification_help
Hôm nay ăn gì như thế nào,unknown
Hom nay an gi nhu the nao,unknown
Hỏi chút là kể chuyện vui đi,unknown
Hoi chut la ke chuyen vui di,unknown
Tôi có lịch hoạt động không,my_activities
Toi co lich hoat dong khong,my_activities
Tôi cần xem quét QR để quét QR như thế nào trong hệ thống,check_in_guide
Toi can xem quet QR de quet QR nhu the nao trong he thong,check_in_guide
Tôi muốn hỏi thông báo nằm ở đâu trong hệ thống,notification_help
Toi muon hoi thong bao nam o dau trong he thong,notification_help
Làm ơn cho tôi biết xem vị trí tổ chức hoạt động được không,map_help
Lam on cho toi biet xem vi tri to chuc hoat dong duoc khong,map_help
Hoạt động này tôi đã check in chưa,attendance_status
Hoat dong nay toi da check in chua,attendance_status
Mình muốn biết tôi được bao nhiêu điểm rèn luyện nha,training_score
Minh muon biet toi duoc bao nhieu diem ren luyen nha,training_score
Mình muốn biết cho tôi hỏi chút cho tôi,greeting
Minh muon biet cho toi hoi chut cho toi,greeting
Làm ơn cho tôi biết tắt nhắc nhở hoạt động như thế nào như thế nào,notification_help
Lam on cho toi biet tat nhac nho hoat dong nhu the nao nhu the nao,notification_help
Bạn kiểm tra giúp từ chối minh chứng mất mấy điểm ở đâu,absent_penalty
Ban kiem tra giup tu choi minh chung mat may diem o dau,absent_penalty
Mình cần biết tôi không biết cách điểm danh được không ạ,check_in_guide
Minh can biet toi khong biet cach diem danh duoc khong a,check_in_guide
Bạn cho tôi biết tôi có đạt loại xuất sắc không nha ạ,training_score
Ban cho toi biet toi co dat loai xuat sac khong nha a,training_score
Giúp tôi xem cho tôi xem hoạt động của tôi được không ạ với ạ,my_activities
Giup toi xem cho toi xem hoat dong cua toi duoc khong a voi a,my_activities
Cho mình hỏi tôi phải check in như thế nào nha,check_in_guide
Cho minh hoi toi phai check in nhu the nao nha,check_in_guide
Làm ơn cho tôi biết hoạt động tổ chức ở chỗ nào được không ạ,map_help
Lam on cho toi biet hoat dong to chuc o cho nao duoc khong a,map_help
Giúp tôi xem điểm danh QR ở đâu nha nha,check_in_guide
Giup toi xem diem danh QR o dau nha nha,check_in_guide
Cho mình hỏi tôi có đang chờ xử lý không nhé,attendance_status
Cho minh hoi toi co dang cho xu ly khong nhe,attendance_status
Bạn kiểm tra giúp tôi có bị tụt xếp loại không nha,training_score
Ban kiem tra giup toi co bi tut xep loai khong nha,training_score
Cho mình hỏi từ chối minh chứng mất mấy điểm hiện tại,absent_penalty
Cho minh hoi tu choi minh chung mat may diem hien tai,absent_penalty
Bạn kiểm tra giúp đường đi đến địa điểm hoạt động trong app,map_help
Ban kiem tra giup duong di den dia diem hoat dong trong app,map_help
Bạn giải thích giúp quét QR có cần gửi ảnh không trong app,check_in_guide
Ban giai thich giup quet QR co can gui anh khong trong app,check_in_guide
Có thể cho tôi biết hoạt động của tôi có gì được không,my_activities
Co the cho toi biet hoat dong cua toi co gi duoc khong,my_activities
Mấy giờ rồi với ạ,unknown
May gio roi voi a,unknown
Mình muốn biết tôi buồn quá được không bạn,unknown
Minh muon biet toi buon qua duoc khong ban,unknown
Tôi cần xem tôi muốn xem kết quả điểm danh giúp tôi,attendance_status
Toi can xem toi muon xem ket qua diem danh giup toi,attendance_status
Bạn cho tôi biết báo lỗi không hiện hoạt động trong app,feedback_help
Ban cho toi biet bao loi khong hien hoat dong trong app,feedback_help
Làm ơn cho tôi biết kết quả điểm danh đã có chưa hiện tại,attendance_status
Lam on cho toi biet ket qua diem danh da co chua hien tai,attendance_status
Có thể cho tôi biết hướng dẫn check in hoạt động,check_in_guide
Co the cho toi biet huong dan check in hoat dong,check_in_guide
Làm ơn cho tôi biết hướng dẫn điểm danh được không,check_in_guide
Lam on cho toi biet huong dan diem danh duoc khong,check_in_guide
Tôi muốn hỏi tôi có thể đăng ký hoạt động nào cho tôi,upcoming_activity
Toi muon hoi toi co the dang ky hoat dong nao cho toi,upcoming_activity
Bạn có thể trả lời tôi không được không ạ,greeting
Ban co the tra loi toi khong duoc khong a,greeting
Bạn có ở đó không,greeting
Ban co o do khong,greeting
Bạn cho tôi biết tư vấn mua xe máy trong app,unknown
Ban cho toi biet tu van mua xe may trong app,unknown
Bạn cho tôi biết minh chứng của tôi đang chờ duyệt không,attendance_status
Ban cho toi biet minh chung cua toi dang cho duyet khong,attendance_status
Giúp tôi xem gửi phản hồi về hoạt động như thế nào,feedback_help
Giup toi xem gui phan hoi ve hoat dong nhu the nao,feedback_help
Cho tôi xem tôi có đạt loại xuất sắc không được không bạn,training_score
Cho toi xem toi co dat loai xuat sac khong duoc khong ban,training_score
Bạn cho tôi biết gửi phản hồi cho admin nha,feedback_help
Ban cho toi biet gui phan hoi cho admin nha,feedback_help
Cho tôi xem làm sao quét mã điểm danh trong hệ thống,check_in_guide
Cho toi xem lam sao quet ma diem danh trong he thong,check_in_guide
Bạn giải thích giúp tư vấn mua điện thoại được không bạn,unknown
Ban giai thich giup tu van mua dien thoai duoc khong ban,unknown
Cho mình hỏi tôi muốn mở thông báo như thế nào giúp tôi,notification_help
Cho minh hoi toi muon mo thong bao nhu the nao giup toi,notification_help
Bạn giải thích giúp sau khi quét QR cần làm gì vậy,check_in_guide
Ban giai thich giup sau khi quet QR can lam gi vay,check_in_guide
Có thể cho tôi biết điểm phạt vắng là bao nhiêu vậy,absent_penalty
Co the cho toi biet diem phat vang la bao nhieu vay,absent_penalty
Cho tôi xem điểm danh QR ở đâu nhé,check_in_guide
Cho toi xem diem danh QR o dau nhe,check_in_guide
Cho mình hỏi quét QR để điểm danh như thế nào được không bạn giúp mình,check_in_guide
Cho minh hoi quet QR de diem danh nhu the nao duoc khong ban giup minh,check_in_guide
Cho mình hỏi tôi bị vắng có ảnh hưởng điểm rèn luyện không nhé,absent_penalty
Cho minh hoi toi bi vang co anh huong diem ren luyen khong nhe,absent_penalty
Tôi muốn hỏi tôi muốn xem điểm và xếp loại như thế nào,training_score
Toi muon hoi toi muon xem diem va xep loai nhu the nao,training_score
Mình muốn biết chatbot ơi,greeting
Minh muon biet chatbot oi,greeting
Cho tôi xem tôi đã điểm danh chưa vậy,attendance_status
Cho toi xem toi da diem danh chua vay,attendance_status
Tôi muốn báo lỗi thông báo,feedback_help
Toi muon bao loi thong bao,feedback_help
Mục hoạt động của tôi ở đâu,my_activities
Muc hoat dong cua toi o dau,my_activities
Bạn kiểm tra giúp tôi muốn kiểm tra thông báo nha,notification_help
Ban kiem tra giup toi muon kiem tra thong bao nha,notification_help
Cách hoàn tất điểm danh như thế nào,check_in_guide
Cach hoan tat diem danh nhu the nao,check_in_guide
Bạn có biết bóng đá không,unknown
Ban co biet bong da khong,unknown
Cho tôi hỏi bị vắng một hoạt động thì trừ bao nhiêu trên ITConnect nhé,absent_penalty
Cho toi hoi bi vang mot hoat dong thi tru bao nhieu tren ITConnect nhe,absent_penalty
Tôi cần xem chào buổi sáng hiện tại giúp mình,greeting
Toi can xem chao buoi sang hien tai giup minh,greeting
Tôi muốn hỏi cần mở camera để điểm danh không,check_in_guide
Toi muon hoi can mo camera de diem danh khong,check_in_guide
Mình cần biết làm sao nhận tin tức quan trọng trong app,notification_help
Minh can biet lam sao nhan tin tuc quan trong trong app,notification_help
Bạn kiểm tra giúp minh chứng bị từ chối thì bị sao với,absent_penalty
Ban kiem tra giup minh chung bi tu choi thi bi sao voi,absent_penalty
Cách gửi minh chứng điểm danh như thế nào giúp tôi,check_in_guide
Cach gui minh chung diem danh nhu the nao giup toi,check_in_guide
Bạn cho tôi biết không quét QR có bị trừ điểm không trong hệ thống,absent_penalty
Ban cho toi biet khong quet QR co bi tru diem khong trong he thong,absent_penalty
Bạn giải thích giúp điểm danh thất bại có bị trừ điểm không trên ITConnect,absent_penalty
Ban giai thich giup diem danh that bai co bi tru diem khong tren ITConnect,absent_penalty
Cho mình hỏi chào buổi tối như thế nào,greeting
Cho minh hoi chao buoi toi nhu the nao,greeting
Cho tôi hỏi cho tôi hỏi chút giúp tôi,greeting
Cho toi hoi cho toi hoi chut giup toi,greeting
Tôi muốn hỏi tôi muốn tắt thông báo như thế nào,notification_help
Toi muon hoi toi muon tat thong bao nhu the nao,notification_help
Có hoạt động nào hôm nay không trong hệ thống,upcoming_activity
Co hoat dong nao hom nay khong trong he thong,upcoming_activity
Mình muốn biết tôi muốn góp ý ở đâu,feedback_help
Minh muon biet toi muon gop y o dau,feedback_help
Bạn giải thích giúp tìm vị trí phòng tổ chức trên ITConnect,map_help
Ban giai thich giup tim vi tri phong to chuc tren ITConnect,map_help
Có thể cho tôi biết tôi muốn tìm hội trường C trên ITConnect,map_help
Co the cho toi biet toi muon tim hoi truong C tren ITConnect,map_help
Giúp tôi xem cách xem thông báo chưa đọc ở đâu,notification_help
Giup toi xem cach xem thong bao chua doc o dau,notification_help
Bạn cho tôi biết điểm rèn luyện HK này thế nào được không,training_score
Ban cho toi biet diem ren luyen HK nay the nao duoc khong,training_score
Vắng bị trừ 6 điểm phải không với,absent_penalty
Vang bi tru 6 diem phai khong voi,absent_penalty
Giúp tôi xem làm sao kiếm tiền online hiện tại,unknown
Giup toi xem lam sao kiem tien online hien tai,unknown
Cho tôi xem chào buổi tối với,greeting
Cho toi xem chao buoi toi voi,greeting
Giúp tôi xem chương trình của tôi có gì trên ITConnect,my_activities
Giup toi xem chuong trinh cua toi co gi tren ITConnect,my_activities
Làm ơn cho tôi biết cho tôi lịch bóng đá cho tôi,unknown
Lam on cho toi biet cho toi lich bong da cho toi,unknown
Làm ơn cho tôi biết tôi muốn kiểm tra kết quả check in như thế nào với ạ,attendance_status
Lam on cho toi biet toi muon kiem tra ket qua check in nhu the nao voi a,attendance_status
Hỏi chút là điểm rèn luyện của tôi bao nhiêu ở đâu,training_score
Hoi chut la diem ren luyen cua toi bao nhieu o dau,training_score
Cho tôi hỏi bật tắt thông báo ở đâu cho tôi,notification_help
Cho toi hoi bat tat thong bao o dau cho toi,notification_help
Hoạt động học thuật sắp tới,upcoming_activity
Hoat dong hoc thuat sap toi,upcoming_activity
Tôi muốn hỏi điểm rèn luyện của học kỳ hiện tại được không ạ,training_score
Toi muon hoi diem ren luyen cua hoc ky hien tai duoc khong a,training_score
Cho mình hỏi tôi không nhận được nhắc nhở được không bạn,notification_help
Cho minh hoi toi khong nhan duoc nhac nho duoc khong ban,notification_help
Bạn kiểm tra giúp báo sự cố hoạt động trong hệ thống,feedback_help
Ban kiem tra giup bao su co hoat dong trong he thong,feedback_help
Mình muốn biết chào trợ lý ITConnect được không bạn,greeting
Minh muon biet chao tro ly ITConnect duoc khong ban,greeting
Tôi cần xem bạn có thể dịch tiếng Anh không với,unknown
Toi can xem ban co the dich tieng Anh khong voi,unknown
Bạn kiểm tra giúp tìm sân trường trên bản đồ trong hệ thống,map_help
Ban kiem tra giup tim san truong tren ban do trong he thong,map_help
Mình muốn biết cho tôi xem hoạt động của tôi như thế nào nha,my_activities
Minh muon biet cho toi xem hoat dong cua toi nhu the nao nha,my_activities
Bạn cho tôi biết làm sao kiếm tiền online được không bạn,unknown
Ban cho toi biet lam sao kiem tien online duoc khong ban,unknown
Tôi cần xem tôi bị từ chối hoạt động nào được không bạn,attendance_status
Toi can xem toi bi tu choi hoat dong nao duoc khong ban,attendance_status
Bạn kiểm tra giúp tôi tham gia hoạt động nào nha,my_activities
Ban kiem tra giup toi tham gia hoat dong nao nha,my_activities
Cho tôi xem hoạt động CLB gần nhất là gì trong app,upcoming_activity
Cho toi xem hoat dong CLB gan nhat la gi trong app,upcoming_activity
Làm ơn cho tôi biết hệ thống có nhắc điểm danh không,notification_help
Lam on cho toi biet he thong co nhac diem danh khong,notification_help
Mình cần biết tôi không nhận được nhắc nhở trong hệ thống,notification_help
Minh can biet toi khong nhan duoc nhac nho trong he thong,notification_help
Mình cần biết mục bản đồ trong app nằm đâu với giúp mình,map_help
Minh can biet muc ban do trong app nam dau voi giup minh,map_help
Có thể cho tôi biết tôi muốn tìm hội trường C nhé,map_help
Co the cho toi biet toi muon tim hoi truong C nhe,map_help
Giúp tôi xem cách gửi minh chứng quét QR hiện tại,check_in_guide
Giup toi xem cach gui minh chung quet QR hien tai,check_in_guide
Tôi cần xem bản đồ ở đâu được không bạn,map_help
Toi can xem ban do o dau duoc khong ban,map_help
Cho tôi xem tôi muốn gửi lời nhắn cho admin cho tôi,feedback_help
Cho toi xem toi muon gui loi nhan cho admin cho toi,feedback_help
Làm ơn cho tôi biết mục thông báo trên trang chủ ở đâu trong hệ thống bạn,notification_help
Lam on cho toi biet muc thong bao tren trang chu o dau trong he thong ban,notification_help
Bạn giải thích giúp bị vắng một chương trình thì trừ bao nhiêu nha ạ,absent_penalty
Ban giai thich giup bi vang mot chuong trinh thi tru bao nhieu nha a,absent_penalty
Tôi muốn hỏi từ chối check in có trừ điểm không trong hệ thống,absent_penalty
Toi muon hoi tu choi check in co tru diem khong trong he thong,absent_penalty
Giúp tôi xem alo chatbot được không bạn,greeting
Giup toi xem alo chatbot duoc khong ban,greeting
Mình cần biết tôi muốn xem kết quả điểm danh,attendance_status
Minh can biet toi muon xem ket qua diem danh,attendance_status
Bạn giải thích giúp cách báo lỗi hệ thống được không ạ,feedback_help
Ban giai thich giup cach bao loi he thong duoc khong a,feedback_help
Em muốn hỏi làm sao gửi yêu cầu hỗ trợ trong app,feedback_help
Em muon hoi lam sao gui yeu cau ho tro trong app,feedback_help
Điểm danh QR ở đâu,check_in_guide
Diem danh QR o dau,check_in_guide
Tôi cần xem tôi muốn gửi phản hồi nhanh ở đâu,feedback_help
Toi can xem toi muon gui phan hoi nhanh o dau,feedback_help
Mình cần biết tôi đã gửi minh chứng chưa nha,attendance_status
Minh can biet toi da gui minh chung chua nha,attendance_status
Giúp tôi xem thông báo đã đọc xem lại ở đâu trên ITConnect,notification_help
Giup toi xem thong bao da doc xem lai o dau tren ITConnect,notification_help
Tôi cần xem tôi muốn hỏi thông tin trên ITConnect,greeting
Toi can xem toi muon hoi thong tin tren ITConnect,greeting
Mình muốn biết kết quả điểm danh đã có chưa trong hệ thống,attendance_status
Minh muon biet ket qua diem danh da co chua trong he thong,attendance_status
Cho tôi xem làm sao kiếm tiền online hiện tại,unknown
Cho toi xem lam sao kiem tien online hien tai,unknown
Cách đọc tất cả thông báo,notification_help
Cach doc tat ca thong bao,notification_help
Hỏi chút là xem địa điểm hoạt động bằng bản đồ như thế nào giúp mình,map_help
Hoi chut la xem dia diem hoat dong bang ban do nhu the nao giup minh,map_help
Mình muốn biết cách sử dụng mã QR để điểm danh được không ạ nhé,check_in_guide
Minh muon biet cach su dung ma QR de diem danh duoc khong a nhe,check_in_guide
Có thể cho tôi biết tôi muốn báo lỗi điểm danh hiện tại,feedback_help
Co the cho toi biet toi muon bao loi diem danh hien tai,feedback_help
Làm ơn cho tôi biết tôi muốn nghe tin tức trên ITConnect,unknown
Lam on cho toi biet toi muon nghe tin tuc tren ITConnect,unknown
Giúp tôi xem danh sách đăng ký của tôi,my_activities
Giup toi xem danh sach dang ky cua toi,my_activities
Bạn cho tôi biết điểm của tôi sau khi hoàn thành hoạt động trên ITConnect,training_score
Ban cho toi biet diem cua toi sau khi hoan thanh hoat dong tren ITConnect,training_score
Bạn giải thích giúp xem hoạt động theo học kỳ của tôi trong hệ thống,my_activities
Ban giai thich giup xem hoat dong theo hoc ky cua toi trong he thong,my_activities
Mình muốn biết có workshop nào sắp diễn ra không trong app,upcoming_activity
Minh muon biet co workshop nao sap dien ra khong trong app,upcoming_activity
Mình muốn biết gửi phản hồi về hoạt động trong app,feedback_help
Minh muon biet gui phan hoi ve hoat dong trong app,feedback_help
Cho tôi hỏi thông báo nằm ở đâu nha,notification_help
Cho toi hoi thong bao nam o dau nha,notification_help
Cho tôi xem nếu không check in thì bị gì nhé,absent_penalty
Cho toi xem neu khong check in thi bi gi nhe,absent_penalty
Làm ơn cho tôi biết minh chứng bị từ chối thì bị sao trong app giúp mình,absent_penalty
Lam on cho toi biet minh chung bi tu choi thi bi sao trong app giup minh,absent_penalty
Bạn giải thích giúp tìm sân trường trên bản đồ hiện tại,map_help
Ban giai thich giup tim san truong tren ban do hien tai,map_help
Mình muốn biết nếu không check in thì bị gì ở đâu,absent_penalty
Minh muon biet neu khong check in thi bi gi o dau,absent_penalty
Tôi muốn hỏi hello nhé nhé,greeting
Toi muon hoi hello nhe nhe,greeting
Hỏi chút là tắt nhắc nhở sự kiện như thế nào được không,notification_help
Hoi chut la tat nhac nho su kien nhu the nao duoc khong,notification_help
Mở bản đồ như thế nào,map_help
Mo ban do nhu the nao,map_help
Làm ơn cho tôi biết địa điểm workshop ở đâu được không bạn,map_help
Lam on cho toi biet dia diem workshop o dau duoc khong ban,map_help
Cho mình hỏi không tham gia sau khi đăng ký thì sao được không,absent_penalty
Cho minh hoi khong tham gia sau khi dang ky thi sao duoc khong,absent_penalty
Tôi muốn hỏi xin chào cho tôi,greeting
Toi muon hoi xin chao cho toi,greeting
Bạn cho tôi biết không quét QR có bị trừ điểm không nha,absent_penalty
Ban cho toi biet khong quet QR co bi tru diem khong nha,absent_penalty
Mình muốn biết tôi có được cộng điểm hoạt động chưa hiện tại,attendance_status
Minh muon biet toi co duoc cong diem hoat dong chua hien tai,attendance_status
Mình muốn biết cho xem hoạt động trong học kỳ này ở đâu nha,my_activities
Minh muon biet cho xem hoat dong trong hoc ky nay o dau nha,my_activities
Tôi đã gửi minh chứng chưa,attendance_status
Toi da gui minh chung chua,attendance_status
Làm ơn cho tôi biết tôi muốn xem bản đồ trường,map_help
Lam on cho toi biet toi muon xem ban do truong,map_help
Cho mình hỏi bạn hỗ trợ gì được cho tôi nhé,greeting
Cho minh hoi ban ho tro gi duoc cho toi nhe,greeting
Hỏi chút là có hoạt động nào phù hợp để tham gia được không bạn,upcoming_activity
Hoi chut la co hoat dong nao phu hop de tham gia duoc khong ban,upcoming_activity
Bạn cho tôi biết tôi muốn xem vị trí sự kiện trong hệ thống,map_help
Ban cho toi biet toi muon xem vi tri su kien trong he thong,map_help
Tôi cần xem điểm rèn luyện bị trừ khi nào như thế nào,absent_penalty
Toi can xem diem ren luyen bi tru khi nao nhu the nao,absent_penalty
Hôm nay thời tiết thế nào,unknown
Hom nay thoi tiet the nao,unknown
Hỏi chút là tôi muốn xem chương trình của mình nhé,my_activities
Hoi chut la toi muon xem chuong trinh cua minh nhe,my_activities
Cho tôi hỏi tôi đã được duyệt điểm danh chưa nhé,attendance_status
Cho toi hoi toi da duoc duyet diem danh chua nhe,attendance_status
Bạn kiểm tra giúp tư vấn mua laptop ở đâu,unknown
Ban kiem tra giup tu van mua laptop o dau,unknown
Làm ơn cho tôi biết tư vấn mua xe máy được không ạ,unknown
Lam on cho toi biet tu van mua xe may duoc khong a,unknown
Có thể cho tôi biết hoạt động cá nhân của tôi trong hệ thống,my_activities
Co the cho toi biet hoat dong ca nhan cua toi trong he thong,my_activities
Bạn kiểm tra giúp tôi đã ghi danh hoạt động gì giúp tôi,my_activities
Ban kiem tra giup toi da ghi danh hoat dong gi giup toi,my_activities
Làm ơn cho tôi biết xem các hoạt động đã đăng ký giúp tôi,my_activities
Lam on cho toi biet xem cac hoat dong da dang ky giup toi,my_activities
Bạn cho tôi biết bạn có biết bóng đá không cho tôi,unknown
Ban cho toi biet ban co biet bong da khong cho toi,unknown
Mình cần biết tôi có đạt loại tốt không hiện tại,training_score
Minh can biet toi co dat loai tot khong hien tai,training_score
Mình muốn biết góp ý cho hệ thống ở đâu với giúp tôi,feedback_help
Minh muon biet gop y cho he thong o dau voi giup toi,feedback_help
Cho mình hỏi điểm học kỳ này của tôi bao nhiêu trong hệ thống,training_score
Cho minh hoi diem hoc ky nay cua toi bao nhieu trong he thong,training_score
Bạn giải thích giúp tôi muốn gửi ảnh minh chứng trong hệ thống,check_in_guide
Ban giai thich giup toi muon gui anh minh chung trong he thong,check_in_guide
Có thể cho tôi biết tôi có đang chờ xử lý không trong hệ thống,attendance_status
Co the cho toi biet toi co dang cho xu ly khong trong he thong,attendance_status
Mình muốn biết chụp ảnh đẹp như thế nào trong hệ thống,unknown
Minh muon biet chup anh dep nhu the nao trong he thong,unknown
Cho tôi hỏi tôi cần hỗ trợ tài khoản cho tôi,feedback_help
Cho toi hoi toi can ho tro tai khoan cho toi,feedback_help
Giúp tôi xem tư vấn mua điện thoại nha,unknown
Giup toi xem tu van mua dien thoai nha,unknown
Danh sách đăng ký của tôi,my_activities
Danh sach dang ky cua toi,my_activities
Tui muốn báo lỗi điểm danh vậy,feedback_help
Tui muon bao loi diem danh vay,feedback_help
Bạn kiểm tra giúp tôi không nhận được nhắc nhở vậy,notification_help
Ban kiem tra giup toi khong nhan duoc nhac nho vay,notification_help
Hệ thống có nhắc điểm danh không,notification_help
He thong co nhac diem danh khong,notification_help
Bạn giải thích giúp tôi phải check in như thế nào trong hệ thống,check_in_guide
Ban giai thich giup toi phai check in nhu the nao trong he thong,check_in_guide
Cách xác nhận tham gia hoạt động,check_in_guide
Cach xac nhan tham gia hoat dong,check_in_guide
Bạn kiểm tra giúp app bị lỗi thì báo ở đâu trong hệ thống,feedback_help
Ban kiem tra giup app bi loi thi bao o dau trong he thong,feedback_help
Cho tôi hỏi báo sự cố hoạt động trên ITConnect,feedback_help
Cho toi hoi bao su co hoat dong tren ITConnect,feedback_help
Tôi đang có bao nhiêu điểm,training_score
Toi dang co bao nhieu diem,training_score
Bạn giải thích giúp làm sao để điểm danh ở đâu,check_in_guide
Ban giai thich giup lam sao de diem danh o dau,check_in_guide
Danh sách hoạt động đang nhận đăng ký ở đâu,upcoming_activity
Danh sach hoat dong dang nhan dang ky o dau,upcoming_activity
Bạn cho tôi biết xem hoạt động theo học kỳ của tôi vậy ạ,my_activities
Ban cho toi biet xem hoat dong theo hoc ky cua toi vay a,my_activities
Mình muốn biết xin chào ở đâu,greeting
Minh muon biet xin chao o dau,greeting
Có thể góp ý cho admin không,feedback_help
Co the gop y cho admin khong,feedback_help
Bạn cho tôi biết tôi cần minh chứng gì khi check in hiện tại nha,check_in_guide
Ban cho toi biet toi can minh chung gi khi check in hien tai nha,check_in_guide
Hỏi chút là tôi điểm danh bằng cách nào nhé,check_in_guide
Hoi chut la toi diem danh bang cach nao nhe,check_in_guide
Có thể cho tôi biết tôi có bị vắng không cho tôi,attendance_status
Co the cho toi biet toi co bi vang khong cho toi,attendance_status
Em muốn hỏi làm sao để điểm danh trong hệ thống,check_in_guide
Em muon hoi lam sao de diem danh trong he thong,check_in_guide
Cho mình hỏi danh sách sự kiện sắp diễn ra ở đâu,upcoming_activity
Cho minh hoi danh sach su kien sap dien ra o dau,upcoming_activity
Cho tôi xem địa điểm hoạt động nằm ở đâu vậy,map_help
Cho toi xem dia diem hoat dong nam o dau vay,map_help
Giúp tôi xem kết quả điểm danh đã có chưa ở đâu,attendance_status
Giup toi xem ket qua diem danh da co chua o dau,attendance_status
Dự báo thời tiết ngày mai,unknown
Du bao thoi tiet ngay mai,unknown
Mình muốn biết hoạt động của tôi có gì trên ITConnect,my_activities
Minh muon biet hoat dong cua toi co gi tren ITConnect,my_activities
Bạn cho tôi biết địa điểm workshop ở đâu trên ITConnect,map_help
Ban cho toi biet dia diem workshop o dau tren ITConnect,map_help
Bạn cho tôi biết trạng thái điểm danh của tôi như thế nào,attendance_status
Ban cho toi biet trang thai diem danh cua toi nhu the nao,attendance_status
Có thể cho tôi biết trạng thái minh chứng của tôi cho tôi,attendance_status
Co the cho toi biet trang thai minh chung cua toi cho toi,attendance_status
Mình cần biết cách xem thông báo trên ITConnect,notification_help
Minh can biet cach xem thong bao tren ITConnect,notification_help
Có thể cho tôi biết sự kiện học thuật sắp tới nha,upcoming_activity
Co the cho toi biet su kien hoc thuat sap toi nha,upcoming_activity
Bạn giải thích giúp tôi muốn báo lỗi đăng ký hoạt động giúp tôi,feedback_help
Ban giai thich giup toi muon bao loi dang ky hoat dong giup toi,feedback_help
Cho mình hỏi tôi đã ghi danh hoạt động gì vậy,my_activities
Cho minh hoi toi da ghi danh hoat dong gi vay,my_activities
Bạn kiểm tra giúp bản đồ ở đâu hiện tại,map_help
Ban kiem tra giup ban do o dau hien tai,map_help
Bạn kiểm tra giúp xem điểm rèn luyện của tôi nhé,training_score
Ban kiem tra giup xem diem ren luyen cua toi nhe,training_score
Mình muốn biết tôi có đạt loại tốt không được không ạ nhé,training_score
Minh muon biet toi co dat loai tot khong duoc khong a nhe,training_score
Làm ơn cho tôi biết bạn là ai ở đâu,greeting
Lam on cho toi biet ban la ai o dau,greeting
Cho tôi xem hướng dẫn điểm danh được không bạn giúp mình,check_in_guide
Cho toi xem huong dan diem danh duoc khong ban giup minh,check_in_guide
Bạn giải thích giúp báo lỗi ứng dụng nha,feedback_help
Ban giai thich giup bao loi ung dung nha,feedback_help
Có thể cho tôi biết tình trạng điểm danh của tôi là gì với,attendance_status
Co the cho toi biet tinh trang diem danh cua toi la gi voi,attendance_status
Tôi cần xem tôi muốn gửi ảnh minh chứng được không ạ,check_in_guide
Toi can xem toi muon gui anh minh chung duoc khong a,check_in_guide
Làm ơn cho tôi biết chào bạn hiện tại,greeting
Lam on cho toi biet chao ban hien tai,greeting
Từ chối quét QR có trừ điểm không,absent_penalty
Tu choi quet QR co tru diem khong,absent_penalty
Em muốn hỏi thông báo của tôi ở đâu với nhé,notification_help
Em muon hoi thong bao cua toi o dau voi nhe,notification_help
Mình cần biết kiểm tra điểm rèn luyện giúp tôi nhé,training_score
Minh can biet kiem tra diem ren luyen giup toi nhe,training_score
Cách báo lỗi hệ thống,feedback_help
Cach bao loi he thong,feedback_help
Mình muốn biết làm sao đến sân trường trong app,map_help
Minh muon biet lam sao den san truong trong app,map_help
Cho mình hỏi tìm khu nhà trong trường hiện tại,map_help
Cho minh hoi tim khu nha trong truong hien tai,map_help
Làm ơn cho tôi biết chào hệ thống nha,greeting
Lam on cho toi biet chao he thong nha,greeting
Làm ơn cho tôi biết sắp tới có sự kiện gì vậy,upcoming_activity
Lam on cho toi biet sap toi co su kien gi vay,upcoming_activity
Bạn giải thích giúp không gửi minh chứng có bị vắng không với,absent_penalty
Ban giai thich giup khong gui minh chung co bi vang khong voi,absent_penalty
Hỏi chút là có hoạt động tháng này không vậy,upcoming_activity
Hoi chut la co hoat dong thang nay khong vay,upcoming_activity
Tôi có đăng ký hoạt động nào chưa,my_activities
Toi co dang ky hoat dong nao chua,my_activities
Cho tôi xem tôi buồn quá với,unknown
Cho toi xem toi buon qua voi,unknown
Cho tôi hỏi tôi đã đăng ký sự kiện nào được không,my_activities
Cho toi hoi toi da dang ky su kien nao duoc khong,my_activities
Thông báo hoạt động sắp diễn ra ở đâu như thế nào,notification_help
Thong bao hoat dong sap dien ra o dau nhu the nao,notification_help
Bạn kiểm tra giúp tôi cần hỏi nhanh được không bạn,greeting
Ban kiem tra giup toi can hoi nhanh duoc khong ban,greeting
Bạn kiểm tra giúp tôi có đăng ký hoạt động nào chưa,my_activities
Ban kiem tra giup toi co dang ky hoat dong nao chua,my_activities
Hỏi chút là tôi muốn kiểm tra thông báo như thế nào,notification_help
Hoi chut la toi muon kiem tra thong bao nhu the nao,notification_help
Có thể cho tôi biết tôi muốn đặt vé máy bay trong hệ thống,unknown
Co the cho toi biet toi muon dat ve may bay trong he thong,unknown
Em cần xem điểm rèn luyện của tôi hiện đang là mấy trên ITConnect,training_score
Em can xem diem ren luyen cua toi hien dang la may tren ITConnect,training_score
Bạn kiểm tra giúp tôi cần gửi hỗ trợ được không ạ,feedback_help
Ban kiem tra giup toi can gui ho tro duoc khong a,feedback_help
Cho tôi hỏi tôi không thấy thông báo ở đâu,notification_help
Cho toi hoi toi khong thay thong bao o dau,notification_help
Không tham gia sau khi đăng ký thì sao,absent_penalty
Khong tham gia sau khi dang ky thi sao,absent_penalty
Điểm danh có cần gửi ảnh không,check_in_guide
Diem danh co can gui anh khong,check_in_guide
Giúp tôi xem sắp tới có sự kiện gì trên ITConnect,upcoming_activity
Giup toi xem sap toi co su kien gi tren ITConnect,upcoming_activity
Cho tôi hỏi điểm rèn luyện có tối đa bao nhiêu trong hệ thống,training_score
Cho toi hoi diem ren luyen co toi da bao nhieu trong he thong,training_score
Tôi muốn hỏi chatbot ơi trong app,greeting
Toi muon hoi chatbot oi trong app,greeting
Xem vị trí tổ chức hoạt động,map_help
Xem vi tri to chuc hoat dong,map_help
Tôi cần xem tư vấn mua laptop với,unknown
Toi can xem tu van mua laptop voi,unknown
Bạn cho tôi biết hoạt động tôi đã ghi danh như thế nào,my_activities
Ban cho toi biet hoat dong toi da ghi danh nhu the nao,my_activities
Cho tôi hỏi tôi cần làm gì để check in hiện tại,check_in_guide
Cho toi hoi toi can lam gi de check in hien tai,check_in_guide
Mình muốn biết tư vấn mua điện thoại giúp tôi,unknown
Minh muon biet tu van mua dien thoai giup toi,unknown
Cách quay video minh chứng,check_in_guide
Cach quay video minh chung,check_in_guide
Tôi muốn hỏi hoạt động cá nhân của tôi trong hệ thống nha,my_activities
Toi muon hoi hoat dong ca nhan cua toi trong he thong nha,my_activities
Có hoạt động nào phù hợp để tham gia,upcoming_activity
Co hoat dong nao phu hop de tham gia,upcoming_activity
Bạn cho tôi biết tôi muốn chơi game với,unknown
Ban cho toi biet toi muon choi game voi,unknown
Cho tôi xem lịch hoạt động đã đăng ký nha,my_activities
Cho toi xem lich hoat dong da dang ky nha,my_activities
Cho tôi hỏi bạn có yêu tôi không giúp tôi,unknown
Cho toi hoi ban co yeu toi khong giup toi,unknown
Em được duyệt hoạt động nào,attendance_status
Em duoc duyet hoat dong nao,attendance_status
Em muốn hỏi chào buổi sáng trên ITConnect,greeting
Em muon hoi chao buoi sang tren ITConnect,greeting
Bạn giải thích giúp tôi phải chụp minh chứng như thế nào được không ạ,check_in_guide
Ban giai thich giup toi phai chup minh chung nhu the nao duoc khong a,check_in_guide
Tại sao có chấm đỏ thông báo,notification_help
Tai sao co cham do thong bao,notification_help
Tôi đã đăng ký hoạt động nào,my_activities
Toi da dang ky hoat dong nao,my_activities
Mình cần biết cho tôi xem sự kiện của tôi trong hệ thống,my_activities
Minh can biet cho toi xem su kien cua toi trong he thong,my_activities
Mình muốn biết danh sách chương trình đang nhận đăng ký nha,upcoming_activity
Minh muon biet danh sach chuong trinh dang nhan dang ky nha,upcoming_activity
Bạn cho tôi biết chụp ảnh đẹp như thế nào cho tôi,unknown
Ban cho toi biet chup anh dep nhu the nao cho toi,unknown
Làm ơn cho tôi biết phản hồi thông tin sai ở đâu trong hệ thống,feedback_help
Lam on cho toi biet phan hoi thong tin sai o dau trong he thong,feedback_help
Mình muốn biết điểm rèn luyện bị trừ khi nào được không ạ,absent_penalty
Minh muon biet diem ren luyen bi tru khi nao duoc khong a,absent_penalty
Bạn cho tôi biết chào chatbot,greeting
Ban cho toi biet chao chatbot,greeting
Cho tôi hỏi chụp ảnh đẹp như thế nào vậy,unknown
Cho toi hoi chup anh dep nhu the nao vay,unknown
Bạn là ai,greeting
Ban la ai,greeting
Cho mình hỏi thông báo đã đọc xem lại ở đâu hiện tại,notification_help
Cho minh hoi thong bao da doc xem lai o dau hien tai,notification_help
Cho mình hỏi tôi muốn xem hoạt động mới nhất nhé với ạ,upcoming_activity
Cho minh hoi toi muon xem hoat dong moi nhat nhe voi a,upcoming_activity
Cho mình hỏi điểm danh thất bại có bị trừ điểm không trong hệ thống,absent_penalty
Cho minh hoi diem danh that bai co bi tru diem khong trong he thong,absent_penalty
Mình cần biết có hoạt động nào sắp tới không nha,upcoming_activity
Minh can biet co hoat dong nao sap toi khong nha,upcoming_activity
Bạn cho tôi biết tôi có thể đăng ký hoạt động nào trong hệ thống,upcoming_activity
Ban cho toi biet toi co the dang ky hoat dong nao trong he thong,upcoming_activity
Cho tôi hỏi mở bản đồ như thế nào nhé,map_help
Cho toi hoi mo ban do nhu the nao nhe,map_help
Có thể cho tôi biết thông báo nằm ở đâu,notification_help
Co the cho toi biet thong bao nam o dau,notification_help
Tôi muốn hỏi chụp ảnh đẹp như thế nào hiện tại nha,unknown
Toi muon hoi chup anh dep nhu the nao hien tai nha,unknown
Tôi không biết địa điểm hoạt động hiện tại,map_help
Toi khong biet dia diem hoat dong hien tai,map_help
Điểm hiện tại của tôi là bao nhiêu nha giúp tôi,training_score
Diem hien tai cua toi la bao nhieu nha giup toi,training_score
Mục bản đồ trong app nằm đâu ở đâu bạn,map_help
Muc ban do trong app nam dau o dau ban,map_help
Tôi đang chờ duyệt phải không với,attendance_status
Toi dang cho duyet phai khong voi,attendance_status
Cho tôi hỏi mục thông báo trên trang chủ ở đâu được không,notification_help
Cho toi hoi muc thong bao tren trang chu o dau duoc khong,notification_help
Mình muốn biết tôi muốn góp ý được không,feedback_help
Minh muon biet toi muon gop y duoc khong,feedback_help
Làm ơn cho tôi biết mấy giờ rồi với,unknown
Lam on cho toi biet may gio roi voi,unknown
Bạn giải thích giúp có hoạt động nào sắp tới không nha,upcoming_activity
Ban giai thich giup co hoat dong nao sap toi khong nha,upcoming_activity
Tôi muốn hỏi kể chuyện cười đi trên ITConnect,unknown
Toi muon hoi ke chuyen cuoi di tren ITConnect,unknown
Bạn kiểm tra giúp tôi đang chờ duyệt phải không,attendance_status
Ban kiem tra giup toi dang cho duyet phai khong,attendance_status
Tôi cần xem tôi cần chỉ đường trong trường với giúp mình,map_help
Toi can xem toi can chi duong trong truong voi giup minh,map_help
Tôi cần xem tôi muốn chơi game được không nha,unknown
Toi can xem toi muon choi game duoc khong nha,unknown
Hỏi chút là tôi đã điểm danh chưa được không ạ,attendance_status
Hoi chut la toi da diem danh chua duoc khong a,attendance_status
Cho mình hỏi phản hồi thông tin sai ở đâu nhé,feedback_help
Cho minh hoi phan hoi thong tin sai o dau nhe,feedback_help
Hỏi chút là tôi có đạt loại khá không trong hệ thống,training_score
Hoi chut la toi co dat loai kha khong trong he thong,training_score
Tôi muốn hỏi kết quả điểm danh đã có chưa,attendance_status
Toi muon hoi ket qua diem danh da co chua,attendance_status
Tôi cần xem gửi phản hồi về hoạt động hiện tại,feedback_help
Toi can xem gui phan hoi ve hoat dong hien tai,feedback_help
Có thể cho tôi biết tôi muốn đề xuất cải thiện app với,feedback_help
Co the cho toi biet toi muon de xuat cai thien app voi,feedback_help
Cho mình hỏi trạng thái minh chứng của tôi được không,attendance_status
Cho minh hoi trang thai minh chung cua toi duoc khong,attendance_status
Cho tôi xem tôi bị vắng có ảnh hưởng điểm rèn luyện không được không ạ,absent_penalty
Cho toi xem toi bi vang co anh huong diem ren luyen khong duoc khong a,absent_penalty
Bạn giải thích giúp cách gửi góp ý được không,feedback_help
Ban giai thich giup cach gui gop y duoc khong,feedback_help
Giúp tôi xem admin đã duyệt minh chứng chưa được không,attendance_status
Giup toi xem admin da duyet minh chung chua duoc khong,attendance_status
Giúp tôi xem mục góp ý nằm ở đâu giúp tôi,feedback_help
Giup toi xem muc gop y nam o dau giup toi,feedback_help
Mình muốn biết tôi đăng ký seminar nào hiện tại,my_activities
Minh muon biet toi dang ky seminar nao hien tai,my_activities
Tôi cần xem hướng dẫn check in hoạt động được không bạn,check_in_guide
Toi can xem huong dan check in hoat dong duoc khong ban,check_in_guide
Bạn cho tôi biết tôi cần gửi hỗ trợ ở đâu,feedback_help
Ban cho toi biet toi can gui ho tro o dau,feedback_help
Làm ơn cho tôi biết cách gửi góp ý hiện tại,feedback_help
Lam on cho toi biet cach gui gop y hien tai,feedback_help
Mình muốn hỏi có workshop nào sắp diễn ra không trên ITConnect,upcoming_activity
Minh muon hoi co workshop nao sap dien ra khong tren ITConnect,upcoming_activity
Bạn kiểm tra giúp tôi không thấy thông báo ở đâu bạn,notification_help
Ban kiem tra giup toi khong thay thong bao o dau ban,notification_help
Tôi muốn hỏi tôi cần bấm nút nào để quét QR ở đâu ạ,check_in_guide
Toi muon hoi toi can bam nut nao de quet QR o dau a,check_in_guide
Mình muốn biết cài đặt thông báo như thế nào cho tôi,notification_help
Minh muon biet cai dat thong bao nhu the nao cho toi,notification_help
Bạn kiểm tra giúp vắng hoạt động đã đăng ký có sao không vậy,absent_penalty
Ban kiem tra giup vang hoat dong da dang ky co sao khong vay,absent_penalty
Có thể cho tôi biết bạn có yêu tôi không như thế nào,unknown
Co the cho toi biet ban co yeu toi khong nhu the nao,unknown
Quên điểm danh có bị trừ không,absent_penalty
Quen diem danh co bi tru khong,absent_penalty
Hỏi chút là làm sao xem vị trí hội trường ở đâu,map_help
Hoi chut la lam sao xem vi tri hoi truong o dau,map_help
Cho tôi hỏi điểm của tôi sau khi hoàn thành hoạt động giúp tôi bạn,training_score
Cho toi hoi diem cua toi sau khi hoan thanh hoat dong giup toi ban,training_score
Bạn kiểm tra giúp thông báo nằm ở đâu trên ITConnect,notification_help
Ban kiem tra giup thong bao nam o dau tren ITConnect,notification_help
Tôi còn bao nhiêu điểm sau khi vắng,training_score
Toi con bao nhieu diem sau khi vang,training_score
Làm ơn cho tôi biết tôi muốn gửi phản hồi nhanh vậy,feedback_help
Lam on cho toi biet toi muon gui phan hoi nhanh vay,feedback_help
Hỏi chút là chào buổi chiều hiện tại với ạ,greeting
Hoi chut la chao buoi chieu hien tai voi a,greeting
Hỏi chút là hoạt động nào gần nhất trong app,upcoming_activity
Hoi chut la hoat dong nao gan nhat trong app,upcoming_activity
Có thể cho tôi biết khi nào bị trừ điểm chương trình vậy,absent_penalty
Co the cho toi biet khi nao bi tru diem chuong trinh vay,absent_penalty
Cách gửi minh chứng điểm danh,check_in_guide
Cach gui minh chung diem danh,check_in_guide
Tôi cần xem danh sách sự kiện sắp diễn ra với,upcoming_activity
Toi can xem danh sach su kien sap dien ra voi,upcoming_activity
Nếu không check in thì bị gì,absent_penalty
Neu khong check in thi bi gi,absent_penalty
Kể chuyện cười đi ở đâu,unknown
Ke chuyen cuoi di o dau,unknown
Làm ơn cho tôi biết bạn có thể trả lời tôi không với,greeting
Lam on cho toi biet ban co the tra loi toi khong voi,greeting
Cho tôi hỏi quy trình điểm danh chương trình vậy,check_in_guide
Cho toi hoi quy trinh diem danh chuong trinh vay,check_in_guide
Giúp tôi xem tôi muốn gửi ảnh minh chứng,check_in_guide
Giup toi xem toi muon gui anh minh chung,check_in_guide
Bạn kiểm tra giúp tôi có đạt loại khá không trên ITConnect,training_score
Ban kiem tra giup toi co dat loai kha khong tren ITConnect,training_score
Bạn giải thích giúp cách báo lỗi hệ thống được không,feedback_help
Ban giai thich giup cach bao loi he thong duoc khong,feedback_help
Có thể cho tôi biết tôi cần gửi hỗ trợ hiện tại,feedback_help
Co the cho toi biet toi can gui ho tro hien tai,feedback_help
Mình muốn hỏi trạng thái minh chứng của tôi hiện tại,attendance_status
Minh muon hoi trang thai minh chung cua toi hien tai,attendance_status
Bạn cho tôi biết tôi không biết địa điểm hoạt động trong app,map_help
Ban cho toi biet toi khong biet dia diem hoat dong trong app,map_help
Bạn giải thích giúp ngày mai có hoạt động nào không như thế nào,upcoming_activity
Ban giai thich giup ngay mai co hoat dong nao khong nhu the nao,upcoming_activity
Làm ơn cho tôi biết bài hát nào hay với,unknown
Lam on cho toi biet bai hat nao hay voi,unknown
Tôi đã đăng ký những hoạt động nào,my_activities
Toi da dang ky nhung hoat dong nao,my_activities
Tôi muốn đề xuất cải thiện app,feedback_help
Toi muon de xuat cai thien app,feedback_help
Cho tôi xem quy trình điểm danh hoạt động được không bạn,check_in_guide
Cho toi xem quy trinh diem danh hoat dong duoc khong ban,check_in_guide
Bạn giải thích giúp cách xác nhận tham gia hoạt động hiện tại với ạ,check_in_guide
Ban giai thich giup cach xac nhan tham gia hoat dong hien tai voi a,check_in_guide
Mình muốn biết tôi có đang chờ xử lý không được không bạn,attendance_status
Minh muon biet toi co dang cho xu ly khong duoc khong ban,attendance_status
Lịch hoạt động đã đăng ký,my_activities
Lich hoat dong da dang ky,my_activities
Cho mình hỏi vắng thì bị trừ bao nhiêu điểm được không,absent_penalty
Cho minh hoi vang thi bi tru bao nhieu diem duoc khong,absent_penalty
Cho mình hỏi tổng điểm rèn luyện của tôi là mấy vậy,training_score
Cho minh hoi tong diem ren luyen cua toi la may vay,training_score
Hỏi chút là có hoạt động mới không nhé,upcoming_activity
Hoi chut la co hoat dong moi khong nhe,upcoming_activity
Làm ơn cho tôi biết cách đánh dấu đã đọc ở đâu,notification_help
Lam on cho toi biet cach danh dau da doc o dau,notification_help
Làm ơn cho tôi biết game nào hay được không,unknown
Lam on cho toi biet game nao hay duoc khong,unknown
Cho tôi hỏi bật tắt thông báo ở đâu vậy,notification_help
Cho toi hoi bat tat thong bao o dau vay,notification_help
Tôi không nhận được nhắc nhở,notification_help
Toi khong nhan duoc nhac nho,notification_help
Tôi cần xem điểm rèn luyện của học kỳ hiện tại trong app,training_score
Toi can xem diem ren luyen cua hoc ky hien tai trong app,training_score
Mình cần biết vắng bị trừ 6 điểm phải không được không bạn,absent_penalty
Minh can biet vang bi tru 6 diem phai khong duoc khong ban,absent_penalty
Hỏi chút là tôi đăng ký workshop nào được không bạn,my_activities
Hoi chut la toi dang ky workshop nao duoc khong ban,my_activities
Giúp tôi xem bài hát nào hay với ạ,unknown
Giup toi xem bai hat nao hay voi a,unknown
Bạn kiểm tra giúp dự báo thời tiết ngày mai với,unknown
Ban kiem tra giup du bao thoi tiet ngay mai voi,unknown
Cho tôi hỏi cách hoàn tất điểm danh giúp tôi,check_in_guide
Cho toi hoi cach hoan tat diem danh giup toi,check_in_guide
Làm ơn cho tôi biết tôi cần hỗ trợ nha,greeting
Lam on cho toi biet toi can ho tro nha,greeting
Cho tôi hỏi tôi có đạt loại tốt không trên ITConnect,training_score
Cho toi hoi toi co dat loai tot khong tren ITConnect,training_score
Cho tôi xem xem địa điểm hoạt động bằng bản đồ với,map_help
Cho toi xem xem dia diem hoat dong bang ban do voi,map_help
Cho tôi xem tôi muốn xem tin quan trọng hiện tại,notification_help
Cho toi xem toi muon xem tin quan trong hien tai,notification_help
Vắng hoạt động đã đăng ký có sao không,absent_penalty
Vang hoat dong da dang ky co sao khong,absent_penalty
Tôi có thể chọn mã QR từ thư viện không,check_in_guide
Toi co the chon ma QR tu thu vien khong,check_in_guide
Tôi cần xem sau khi quét QR cần làm gì được không,check_in_guide
Toi can xem sau khi quet QR can lam gi duoc khong,check_in_guide
Tôi muốn hỏi điểm rèn luyện có bị trừ không với,training_score
Toi muon hoi diem ren luyen co bi tru khong voi,training_score
Tôi muốn hỏi tôi không biết cách điểm danh trong hệ thống nha,check_in_guide
Toi muon hoi toi khong biet cach diem danh trong he thong nha,check_in_guide
Cho mình hỏi tổng điểm rèn luyện của tôi là mấy,training_score
Cho minh hoi tong diem ren luyen cua toi la may,training_score
Giúp tôi xem tôi muốn gửi ảnh minh chứng cho tôi,check_in_guide
Giup toi xem toi muon gui anh minh chung cho toi,check_in_guide
Bạn giải thích giúp điểm rèn luyện của tôi bao nhiêu,training_score
Ban giai thich giup diem ren luyen cua toi bao nhieu,training_score
Cho tôi hỏi tôi muốn kiểm tra thông báo được không,notification_help
Cho toi hoi toi muon kiem tra thong bao duoc khong,notification_help
Có thể cho tôi biết tôi đã đăng ký CLB nào,my_activities
Co the cho toi biet toi da dang ky CLB nao,my_activities
Bạn cho tôi biết báo lỗi không hiện chương trình nhé,feedback_help
Ban cho toi biet bao loi khong hien chuong trinh nhe,feedback_help
Hỏi chút là không tham gia chương trình đã đăng ký thì sao như thế nào,absent_penalty
Hoi chut la khong tham gia chuong trinh da dang ky thi sao nhu the nao,absent_penalty
Bạn kiểm tra giúp bạn có thể làm thơ không được không,unknown
Ban kiem tra giup ban co the lam tho khong duoc khong,unknown
Mình cần biết kể chuyện ma đi trong app,unknown
Minh can biet ke chuyen ma di trong app,unknown
Hỏi chút là vắng thì bị trừ bao nhiêu điểm vậy,absent_penalty
Hoi chut la vang thi bi tru bao nhieu diem vay,absent_penalty
Cho tôi xem bạn hỗ trợ sinh viên đúng không vậy,greeting
Cho toi xem ban ho tro sinh vien dung khong vay,greeting
Giúp tôi xem tôi muốn báo lỗi điểm danh được không bạn,feedback_help
Giup toi xem toi muon bao loi diem danh duoc khong ban,feedback_help
Điểm rèn luyện tính như thế nào,training_score
Diem ren luyen tinh nhu the nao,training_score
Bạn giải thích giúp tôi cần liên hệ khoa,feedback_help
Ban giai thich giup toi can lien he khoa,feedback_help
Hoạt động tôi đã chọn,my_activities
Hoat dong toi da chon,my_activities
Có thể cho tôi biết tôi không biết địa điểm hoạt động,map_help
Co the cho toi biet toi khong biet dia diem hoat dong,map_help
Hỏi chút là cách gửi nội dung phản ánh nhé,feedback_help
Hoi chut la cach gui noi dung phan anh nhe,feedback_help
Tôi muốn đặt đồ ăn,unknown
Toi muon dat do an,unknown
Cho tôi xem kết quả điểm danh đã có chưa bạn,attendance_status
Cho toi xem ket qua diem danh da co chua ban,attendance_status
Cho tôi hỏi làm sao gửi yêu cầu hỗ trợ ở đâu ạ,feedback_help
Cho toi hoi lam sao gui yeu cau ho tro o dau a,feedback_help
Mình cần biết điểm hiện tại của tôi là bao nhiêu với,training_score
Minh can biet diem hien tai cua toi la bao nhieu voi,training_score
Tôi không thấy thông báo nhé,notification_help
Toi khong thay thong bao nhe,notification_help
Bạn giải thích giúp tìm khu nhà trong trường được không,map_help
Ban giai thich giup tim khu nha trong truong duoc khong,map_help
Bạn kiểm tra giúp tôi muốn biết loại rèn luyện trong app bạn,training_score
Ban kiem tra giup toi muon biet loai ren luyen trong app ban,training_score
Cho mình hỏi có thể phản ánh thông tin sai không hiện tại,feedback_help
Cho minh hoi co the phan anh thong tin sai khong hien tai,feedback_help
Mình cần biết tôi có đạt loại khá không trên ITConnect,training_score
Minh can biet toi co dat loai kha khong tren ITConnect,training_score
Mình cần biết tôi có đạt loại khá không nha,training_score
Minh can biet toi co dat loai kha khong nha,training_score
Bạn cho tôi biết tôi đang chờ duyệt phải không trên ITConnect nhé,attendance_status
Ban cho toi biet toi dang cho duyet phai khong tren ITConnect nhe,attendance_status
Tôi bị từ chối hoạt động nào,attendance_status
Toi bi tu choi hoat dong nao,attendance_status
Bạn kiểm tra giúp tôi cần bấm nút nào để điểm danh ở đâu,check_in_guide
Ban kiem tra giup toi can bam nut nao de diem danh o dau,check_in_guide
Em cần xem minh chứng của tôi đang chờ duyệt không như thế nào với ạ,attendance_status
Em can xem minh chung cua toi dang cho duyet khong nhu the nao voi a,attendance_status
Làm ơn cho tôi biết chào buổi chiều nhé,greeting
Lam on cho toi biet chao buoi chieu nhe,greeting
Tôi cần xem tôi muốn báo lỗi thông báo cho tôi,feedback_help
Toi can xem toi muon bao loi thong bao cho toi,feedback_help
Cho tôi xem xem các hoạt động đã đăng ký trên ITConnect,my_activities
Cho toi xem xem cac hoat dong da dang ky tren ITConnect,my_activities
Cho tôi hỏi sắp tới có sự kiện gì như thế nào,upcoming_activity
Cho toi hoi sap toi co su kien gi nhu the nao,upcoming_activity
Cho tôi xem cách quét mã QR điểm danh trong app,check_in_guide
Cho toi xem cach quet ma QR diem danh trong app,check_in_guide
Bạn giải thích giúp bản đồ campus mở ở đâu trong app,map_help
Ban giai thich giup ban do campus mo o dau trong app,map_help
Bạn kiểm tra giúp bạn có thể dịch tiếng Anh không cho tôi ạ,unknown
Ban kiem tra giup ban co the dich tieng Anh khong cho toi a,unknown
Vị trí hội trường xem ở đâu trong app,map_help
Vi tri hoi truong xem o dau trong app,map_help
Làm ơn cho tôi biết kể chuyện ma đi như thế nào,unknown
Lam on cho toi biet ke chuyen ma di nhu the nao,unknown
Mình muốn biết tôi có lịch hoạt động không với,my_activities
Minh muon biet toi co lich hoat dong khong voi,my_activities
Cho mình hỏi thông báo của tôi ở đâu giúp tôi,notification_help
Cho minh hoi thong bao cua toi o dau giup toi,notification_help
Tìm thư viện trong app với,map_help
Tim thu vien trong app voi,map_help
Mình muốn biết làm sao để điểm danh hiện tại,check_in_guide
Minh muon biet lam sao de diem danh hien tai,check_in_guide
Có thể cho tôi biết báo sự cố hoạt động ở đâu,feedback_help
Co the cho toi biet bao su co hoat dong o dau,feedback_help
Em cần xem tôi đăng ký workshop nào được không ạ,my_activities
Em can xem toi dang ky workshop nao duoc khong a,my_activities
Cho tôi hỏi tôi muốn gửi ảnh minh chứng nhé nha,check_in_guide
Cho toi hoi toi muon gui anh minh chung nhe nha,check_in_guide
Bạn giải thích giúp cách tìm phòng học ở đâu,map_help
Ban giai thich giup cach tim phong hoc o dau,map_help
Có thể cho tôi biết các hoạt động tôi đang tham gia trên ITConnect,my_activities
Co the cho toi biet cac hoat dong toi dang tham gia tren ITConnect,my_activities
Làm ơn cho tôi biết tìm sân trường trên bản đồ với,map_help
Lam on cho toi biet tim san truong tren ban do voi,map_help
Mình muốn biết bạn giúp tôi được không ở đâu,greeting
Minh muon biet ban giup toi duoc khong o dau,greeting
Bạn kiểm tra giúp tôi muốn kiểm tra kết quả check in nhé nhé,attendance_status
Ban kiem tra giup toi muon kiem tra ket qua check in nhe nhe,attendance_status
Thông báo hoạt động sắp diễn ra ở đâu được không bạn,notification_help
Thong bao hoat dong sap dien ra o dau duoc khong ban,notification_help
Cho mình hỏi làm sao gửi yêu cầu hỗ trợ trong hệ thống,feedback_help
Cho minh hoi lam sao gui yeu cau ho tro trong he thong,feedback_help
Bạn cho tôi biết tôi muốn nhận nhắc nhở hoạt động trong hệ thống,notification_help
Ban cho toi biet toi muon nhan nhac nho hoat dong trong he thong,notification_help
Tôi cần xem minh chứng của tôi đang chờ duyệt không được không ạ,attendance_status
Toi can xem minh chung cua toi dang cho duyet khong duoc khong a,attendance_status
Tôi muốn hỏi hôm nay ăn gì nha,unknown
Toi muon hoi hom nay an gi nha,unknown
Tôi muốn hỏi bật tắt thông báo ở đâu được không,notification_help
Toi muon hoi bat tat thong bao o dau duoc khong,notification_help
Mình muốn biết bị vắng thì mất bao nhiêu điểm,absent_penalty
Minh muon biet bi vang thi mat bao nhieu diem,absent_penalty
Bạn kiểm tra giúp tìm sân trường trên bản đồ trong app,map_help
Ban kiem tra giup tim san truong tren ban do trong app,map_help
Cho tôi hỏi tôi muốn đặt vé máy bay được không ạ,unknown
Cho toi hoi toi muon dat ve may bay duoc khong a,unknown
Mục bản đồ trong app nằm đâu,map_help
Muc ban do trong app nam dau,map_help
Hỏi chút là bị vắng có được cộng điểm không giúp tôi,absent_penalty
Hoi chut la bi vang co duoc cong diem khong giup toi,absent_penalty
Có thể cho tôi biết hoạt động này tôi đã check in chưa với,attendance_status
Co the cho toi biet hoat dong nay toi da check in chua voi,attendance_status
Bạn giải thích giúp tôi muốn gửi lời nhắn cho admin,feedback_help
Ban giai thich giup toi muon gui loi nhan cho admin,feedback_help
Vắng hoạt động bị trừ mấy điểm,absent_penalty
Vang hoat dong bi tru may diem,absent_penalty
Bạn kiểm tra giúp thông báo nằm ở đâu nhé,notification_help
Ban kiem tra giup thong bao nam o dau nhe,notification_help
Mình cần biết địa điểm workshop ở đâu vậy,map_help
Minh can biet dia diem workshop o dau vay,map_help
Bạn kiểm tra giúp báo sự cố hoạt động nhé,feedback_help
Ban kiem tra giup bao su co hoat dong nhe,feedback_help
Có thể cho tôi biết chào trợ lý ITConnect được không ạ,greeting
Co the cho toi biet chao tro ly ITConnect duoc khong a,greeting
Tôi phải chụp minh chứng như thế nào,check_in_guide
Toi phai chup minh chung nhu the nao,check_in_guide
Hỏi chút là thông báo nằm ở đâu như thế nào,notification_help
Hoi chut la thong bao nam o dau nhu the nao,notification_help
Cho mình hỏi kể chuyện vui đi nha,unknown
Cho minh hoi ke chuyen vui di nha,unknown
Cho tôi hỏi tôi có đăng ký hoạt động nào chưa trong hệ thống,my_activities
Cho toi hoi toi co dang ky hoat dong nao chua trong he thong,my_activities
Bạn cho tôi biết bạn hỗ trợ sinh viên đúng không như thế nào,greeting
Ban cho toi biet ban ho tro sinh vien dung khong nhu the nao,greeting
Làm ơn cho tôi biết cài đặt thông báo như thế nào hiện tại,notification_help
Lam on cho toi biet cai dat thong bao nhu the nao hien tai,notification_help
Mình muốn biết quét QR của tôi đang ở trạng thái nào vậy,attendance_status
Minh muon biet quet QR cua toi dang o trang thai nao vay,attendance_status
Tôi muốn hỏi báo sự cố sự kiện được không ạ,feedback_help
Toi muon hoi bao su co su kien duoc khong a,feedback_help
Tôi muốn hỏi tôi buồn quá được không ạ,unknown
Toi muon hoi toi buon qua duoc khong a,unknown
Tôi cần xem tôi có sự kiện nào chưa xử lý không giúp tôi,attendance_status
Toi can xem toi co su kien nao chua xu ly khong giup toi,attendance_status
Không tham gia hoạt động đã đăng ký thì sao trong app,absent_penalty
Khong tham gia hoat dong da dang ky thi sao trong app,absent_penalty
Mình muốn biết kiểm tra điểm rèn luyện giúp tôi nhé,training_score
Minh muon biet kiem tra diem ren luyen giup toi nhe,training_score
Xin chào ITConnect,greeting
Xin chao ITConnect,greeting
Tôi muốn hỏi điểm danh đã được chốt chưa ở đâu bạn,attendance_status
Toi muon hoi diem danh da duoc chot chua o dau ban,attendance_status
Không tham gia hoạt động đã đăng ký thì sao,absent_penalty
Khong tham gia hoat dong da dang ky thi sao,absent_penalty
Cho mình hỏi không gửi minh chứng có bị vắng không được không ạ,absent_penalty
Cho minh hoi khong gui minh chung co bi vang khong duoc khong a,absent_penalty
Mình muốn biết hôm nay thời tiết thế nào trên ITConnect,unknown
Minh muon biet hom nay thoi tiet the nao tren ITConnect,unknown
Hỏi chút là lịch hoạt động sắp tới của tôi giúp tôi nhé,my_activities
Hoi chut la lich hoat dong sap toi cua toi giup toi nhe,my_activities
Hỏi chút là tôi được duyệt hoạt động nào trong app,attendance_status
Hoi chut la toi duoc duyet hoat dong nao trong app,attendance_status
Làm ơn cho tôi biết tôi đã đăng ký hoạt động nào như thế nào,my_activities
Lam on cho toi biet toi da dang ky hoat dong nao nhu the nao,my_activities
Mình muốn hỏi mục bản đồ trong app nằm đâu trên ITConnect,map_help
Minh muon hoi muc ban do trong app nam dau tren ITConnect,map_help
Bạn cho tôi biết sự kiện nào đang mở như thế nào,upcoming_activity
Ban cho toi biet su kien nao dang mo nhu the nao,upcoming_activity
Tôi muốn hỏi hội trường C ở đâu được không,map_help
Toi muon hoi hoi truong C o dau duoc khong,map_help
Cho tôi hỏi hoạt động đoàn nào sắp tới như thế nào với ạ,upcoming_activity
Cho toi hoi hoat dong doan nao sap toi nhu the nao voi a,upcoming_activity
Cho tôi hỏi bị từ chối điểm danh thì sao,absent_penalty
Cho toi hoi bi tu choi diem danh thi sao,absent_penalty
Làm ơn cho tôi biết vắng bị trừ 6 điểm phải không trong app,absent_penalty
Lam on cho toi biet vang bi tru 6 diem phai khong trong app,absent_penalty
Mình cần biết tôi muốn mở thông báo trong hệ thống,notification_help
Minh can biet toi muon mo thong bao trong he thong,notification_help
Xem điểm rèn luyện của tôi,training_score
Xem diem ren luyen cua toi,training_score
Bạn cho tôi biết quên điểm danh có bị trừ không được không,absent_penalty
Ban cho toi biet quen diem danh co bi tru khong duoc khong,absent_penalty
Tôi muốn hỏi trạng thái minh chứng của tôi hiện tại,attendance_status
Toi muon hoi trang thai minh chung cua toi hien tai,attendance_status
Làm ơn cho tôi biết bạn hỗ trợ gì được cho tôi được không bạn,greeting
Lam on cho toi biet ban ho tro gi duoc cho toi duoc khong ban,greeting
Cho tôi xem hôm nay ăn gì hiện tại,unknown
Cho toi xem hom nay an gi hien tai,unknown
Mình cần biết nhắc nhở hoạt động ở đâu nhé,notification_help
Minh can biet nhac nho hoat dong o dau nhe,notification_help
Tôi cần hỗ trợ,greeting
Toi can ho tro,greeting
Có thể cho tôi biết làm sao quét mã điểm danh được không bạn,check_in_guide
Co the cho toi biet lam sao quet ma diem danh duoc khong ban,check_in_guide
Tôi muốn hỏi điểm danh bằng điện thoại ra sao với,check_in_guide
Toi muon hoi diem danh bang dien thoai ra sao voi,check_in_guide
Tui đã gửi minh chứng chưa trong app,attendance_status
Tui da gui minh chung chua trong app,attendance_status
Hỏi chút là mục điểm danh nằm ở đâu được không,check_in_guide
Hoi chut la muc diem danh nam o dau duoc khong,check_in_guide
Cho tôi hỏi điểm rèn luyện của tôi hiện đang là mấy,training_score
Cho toi hoi diem ren luyen cua toi hien dang la may,training_score
Tôi muốn báo lỗi đăng ký hoạt động,feedback_help
Toi muon bao loi dang ky hoat dong,feedback_help
Mình muốn biết tôi cần liên hệ khoa trong hệ thống,feedback_help
Minh muon biet toi can lien he khoa trong he thong,feedback_help
Làm ơn cho tôi biết từ chối điểm danh có trừ điểm không như thế nào,absent_penalty
Lam on cho toi biet tu choi diem danh co tru diem khong nhu the nao,absent_penalty
Tôi muốn hỏi tôi cần gửi hỗ trợ,feedback_help
Toi muon hoi toi can gui ho tro,feedback_help
Mình muốn biết hoạt động CLB gần nhất là gì được không ạ,upcoming_activity
Minh muon biet hoat dong CLB gan nhat la gi duoc khong a,upcoming_activity
Cho tôi hỏi tìm đường đến hội trường được không nhé,map_help
Cho toi hoi tim duong den hoi truong duoc khong nhe,map_help
Hỏi chút là cách gửi góp ý như thế nào,feedback_help
Hoi chut la cach gui gop y nhu the nao,feedback_help
Bạn giải thích giúp cách xem thông báo với,notification_help
Ban giai thich giup cach xem thong bao voi,notification_help
Bạn giải thích giúp tôi bị mất điểm không giúp tôi,training_score
Ban giai thich giup toi bi mat diem khong giup toi,training_score
Tui cần xem alo chatbot với,greeting
Tui can xem alo chatbot voi,greeting
Tuần này có hoạt động nào không,upcoming_activity
Tuan nay co hoat dong nao khong,upcoming_activity
Thông báo đã đọc xem lại ở đâu,notification_help
Thong bao da doc xem lai o dau,notification_help
Tôi cần xem tôi phải check in như thế nào được không ạ,check_in_guide
Toi can xem toi phai check in nhu the nao duoc khong a,check_in_guide
Hoạt động gần đây có gì,upcoming_activity
Hoat dong gan day co gi,upcoming_activity
Mình muốn biết tôi muốn gửi lời nhắn cho admin với,feedback_help
Minh muon biet toi muon gui loi nhan cho admin voi,feedback_help
Bạn kiểm tra giúp tôi bị từ chối có được cộng điểm không trên ITConnect,absent_penalty
Ban kiem tra giup toi bi tu choi co duoc cong diem khong tren ITConnect,absent_penalty
Tôi muốn kiểm tra thông báo,notification_help
Toi muon kiem tra thong bao,notification_help
Bạn giải thích giúp xem các hoạt động đã đăng ký được không,my_activities
Ban giai thich giup xem cac hoat dong da dang ky duoc khong,my_activities
Cho tôi hỏi làm sao biết có hoạt động mới được không bạn,notification_help
Cho toi hoi lam sao biet co hoat dong moi duoc khong ban,notification_help
Bạn kiểm tra giúp gửi phản hồi cho admin được không nha,feedback_help
Ban kiem tra giup gui phan hoi cho admin duoc khong nha,feedback_help
Mình cần biết tôi muốn đặt vé máy bay vậy,unknown
Minh can biet toi muon dat ve may bay vay,unknown
Mình cần biết tôi muốn xem hoạt động của mình,my_activities
Minh can biet toi muon xem hoat dong cua minh,my_activities
Cho tôi xem cách sử dụng mã QR để điểm danh,check_in_guide
Cho toi xem cach su dung ma QR de diem danh,check_in_guide
Làm ơn cho tôi biết hệ thống có nhắc điểm danh không ạ,notification_help
Lam on cho toi biet he thong co nhac diem danh khong a,notification_help
Làm ơn cho tôi biết làm sao xem tin nhắn thông báo cho tôi,notification_help
Lam on cho toi biet lam sao xem tin nhan thong bao cho toi,notification_help
Bạn giải thích giúp tôi muốn xem chương trình của mình ở đâu,my_activities
Ban giai thich giup toi muon xem chuong trinh cua minh o dau,my_activities
Cách xem thông báo chưa đọc,notification_help
Cach xem thong bao chua doc,notification_help
Bạn giải thích giúp tôi có hoạt động nào chưa xử lý không được không ạ,attendance_status
Ban giai thich giup toi co hoat dong nao chua xu ly khong duoc khong a,attendance_status
Kiểm tra điểm rèn luyện giúp tôi trong app,training_score
Kiem tra diem ren luyen giup toi trong app,training_score
Bạn giải thích giúp điểm rèn luyện có bị trừ không nhé,training_score
Ban giai thich giup diem ren luyen co bi tru khong nhe,training_score
Cho tôi xem tôi đã đăng ký hoạt động nào giúp tôi,my_activities
Cho toi xem toi da dang ky hoat dong nao giup toi,my_activities
Bạn giải thích giúp tôi muốn xem phim hiện tại,unknown
Ban giai thich giup toi muon xem phim hien tai,unknown
Tôi có đạt loại xuất sắc không như thế nào,training_score
Toi co dat loai xuat sac khong nhu the nao,training_score
Tôi muốn hỏi tôi được xếp loại gì nha,training_score
Toi muon hoi toi duoc xep loai gi nha,training_score
Cho mình hỏi lịch chương trình của tôi giúp tôi,my_activities
Cho minh hoi lich chuong trinh cua toi giup toi,my_activities
Tôi cần xem tôi bị mất điểm không như thế nào,training_score
Toi can xem toi bi mat diem khong nhu the nao,training_score
Bạn có thể dịch tiếng Anh không,unknown
Ban co the dich tieng Anh khong,unknown
Cho tôi hỏi tôi không biết cách điểm danh được không,check_in_guide
Cho toi hoi toi khong biet cach diem danh duoc khong,check_in_guide
Mình cần biết bản đồ có chỉ vị trí không nha,map_help
Minh can biet ban do co chi vi tri khong nha,map_help
Bạn giải thích giúp cách gửi góp ý được không ạ,feedback_help
Ban giai thich giup cach gui gop y duoc khong a,feedback_help
Tôi cần xem trạng thái điểm danh của tôi,attendance_status
Toi can xem trang thai diem danh cua toi,attendance_status
Tôi muốn hỏi tôi muốn kiểm tra thông báo nha,notification_help
Toi muon hoi toi muon kiem tra thong bao nha,notification_help
Các sự kiện tôi đang tham gia vậy,my_activities
Cac su kien toi dang tham gia vay,my_activities
Có thể cho tôi biết cách báo lỗi hệ thống vậy,feedback_help
Co the cho toi biet cach bao loi he thong vay,feedback_help
Bạn giải thích giúp hoạt động tôi đã ghi danh cho tôi,my_activities
Ban giai thich giup hoat dong toi da ghi danh cho toi,my_activities
Tôi cần xem kiểm tra lịch tham gia của tôi trong hệ thống,my_activities
Toi can xem kiem tra lich tham gia cua toi trong he thong,my_activities
Bạn kiểm tra giúp làm sao quét mã điểm danh cho tôi,check_in_guide
Ban kiem tra giup lam sao quet ma diem danh cho toi,check_in_guide
Tôi muốn dùng chatbot trên ITConnect,greeting
Toi muon dung chatbot tren ITConnect,greeting
Mình muốn biết tôi muốn xem phim được không ạ,unknown
Minh muon biet toi muon xem phim duoc khong a,unknown
Bạn giải thích giúp cách xem thông báo được không bạn,notification_help
Ban giai thich giup cach xem thong bao duoc khong ban,notification_help
Mình cần biết gửi ý kiến cho quản trị viên trong hệ thống,feedback_help
Minh can biet gui y kien cho quan tri vien trong he thong,feedback_help
Bạn kiểm tra giúp chatbot ơi vậy,greeting
Ban kiem tra giup chatbot oi vay,greeting
Tôi muốn hỏi báo lỗi minh chứng ở đâu nha,feedback_help
Toi muon hoi bao loi minh chung o dau nha,feedback_help
Cho tôi hỏi tôi đã điểm danh chưa được không bạn,attendance_status
Cho toi hoi toi da diem danh chua duoc khong ban,attendance_status
Cho tôi xem tôi muốn xem phim được không ạ,unknown
Cho toi xem toi muon xem phim duoc khong a,unknown
Bạn cho tôi biết tôi muốn bật thông báo nha,notification_help
Ban cho toi biet toi muon bat thong bao nha,notification_help
Làm ơn cho tôi biết cho tôi hỏi chút cho tôi,greeting
Lam on cho toi biet cho toi hoi chut cho toi,greeting
Cách xem thông báo,notification_help
Cach xem thong bao,notification_help
Tôi muốn hỏi chào trợ lý ITConnect như thế nào,greeting
Toi muon hoi chao tro ly ITConnect nhu the nao,greeting
Tôi cần xem bạn có thể trả lời tôi không với,greeting
Toi can xem ban co the tra loi toi khong voi,greeting
Bạn giải thích giúp tôi phải chụp minh chứng như thế nào được không bạn,check_in_guide
Ban giai thich giup toi phai chup minh chung nhu the nao duoc khong ban,check_in_guide
Bitcoin hôm nay giá bao nhiêu,unknown
Bitcoin hom nay gia bao nhieu,unknown
Mình cần biết báo lỗi không hiện chương trình hiện tại,feedback_help
Minh can biet bao loi khong hien chuong trinh hien tai,feedback_help
Giúp tôi xem tắt nhắc nhở hoạt động như thế nào trong app,notification_help
Giup toi xem tat nhac nho hoat dong nhu the nao trong app,notification_help
Cho tôi hỏi tôi không thấy thông báo nhé,notification_help
Cho toi hoi toi khong thay thong bao nhe,notification_help
Cho mình hỏi lịch hoạt động đã đăng ký vậy,my_activities
Cho minh hoi lich hoat dong da dang ky vay,my_activities
Có hoạt động tình nguyện nào không,upcoming_activity
Co hoat dong tinh nguyen nao khong,upcoming_activity
Làm ơn cho tôi biết tôi có hoạt động nào chưa xử lý không nha,attendance_status
Lam on cho toi biet toi co hoat dong nao chua xu ly khong nha,attendance_status
Có thể cho tôi biết có seminar nào sắp tới không ở đâu,upcoming_activity
Co the cho toi biet co seminar nao sap toi khong o dau,upcoming_activity
Kể chuyện vui đi,unknown
Ke chuyen vui di,unknown
Làm sao gửi yêu cầu hỗ trợ với,feedback_help
Lam sao gui yeu cau ho tro voi,feedback_help
Bạn kiểm tra giúp tôi đã điểm danh chưa trong hệ thống giúp mình,attendance_status
Ban kiem tra giup toi da diem danh chua trong he thong giup minh,attendance_status
Cho mình hỏi tôi muốn bật thông báo,notification_help
Cho minh hoi toi muon bat thong bao,notification_help
Những hoạt động còn mở đăng ký được không nhé,upcoming_activity
Nhung hoat dong con mo dang ky duoc khong nhe,upcoming_activity
Cho tôi hỏi tôi cần hỗ trợ như thế nào,greeting
Cho toi hoi toi can ho tro nhu the nao,greeting
Cho tôi xem tìm khu nhà trong trường trên ITConnect,map_help
Cho toi xem tim khu nha trong truong tren ITConnect,map_help
Báo lỗi không hiện hoạt động nha,feedback_help
Bao loi khong hien hoat dong nha,feedback_help
Tui muốn nghe tin tức hiện tại,unknown
Tui muon nghe tin tuc hien tai,unknown
Cho tôi xem hoạt động tôi đã chọn với,my_activities
Cho toi xem hoat dong toi da chon voi,my_activities
Mình muốn biết tôi bị mất điểm không giúp tôi,training_score
Minh muon biet toi bi mat diem khong giup toi,training_score
Hoạt động nào đang mở đăng ký như thế nào,upcoming_activity
Hoat dong nao dang mo dang ky nhu the nao,upcoming_activity
Tôi đăng ký seminar nào,my_activities
Toi dang ky seminar nao,my_activities
Tôi muốn hỏi kết quả điểm danh đã có chưa ở đâu,attendance_status
Toi muon hoi ket qua diem danh da co chua o dau,attendance_status
Mình muốn biết tôi còn bao nhiêu điểm sau khi vắng giúp tôi,training_score
Minh muon biet toi con bao nhieu diem sau khi vang giup toi,training_score
Làm ơn cho tôi biết hôm nay thời tiết thế nào cho tôi,unknown
Lam on cho toi biet hom nay thoi tiet the nao cho toi,unknown
Tôi muốn hỏi không quét QR có bị trừ điểm không được không ạ,absent_penalty
Toi muon hoi khong quet QR co bi tru diem khong duoc khong a,absent_penalty
Bạn cho tôi biết có workshop nào sắp diễn ra không với,upcoming_activity
Ban cho toi biet co workshop nao sap dien ra khong voi,upcoming_activity
Giúp tôi xem vắng hoạt động bị trừ mấy điểm ở đâu với ạ,absent_penalty
Giup toi xem vang hoat dong bi tru may diem o dau voi a,absent_penalty
Mình muốn biết tôi đã đăng ký những hoạt động nào giúp tôi,my_activities
Minh muon biet toi da dang ky nhung hoat dong nao giup toi,my_activities
Mình muốn biết trạng thái minh chứng của tôi hiện tại,attendance_status
Minh muon biet trang thai minh chung cua toi hien tai,attendance_status
Hỏi chút là điểm danh QR ở đâu trong hệ thống,check_in_guide
Hoi chut la diem danh QR o dau trong he thong,check_in_guide
Cho tôi xem không gửi minh chứng có bị vắng không trong hệ thống,absent_penalty
Cho toi xem khong gui minh chung co bi vang khong trong he thong,absent_penalty
Mình cần biết minh chứng của tôi đang chờ duyệt không vậy,attendance_status
Minh can biet minh chung cua toi dang cho duyet khong vay,attendance_status
Giúp tôi xem bản đồ trường mở thế nào vậy,map_help
Giup toi xem ban do truong mo the nao vay,map_help
Mình cần biết tôi muốn gửi lời nhắn cho admin cho tôi với ạ,feedback_help
Minh can biet toi muon gui loi nhan cho admin cho toi voi a,feedback_help
Tôi muốn nghe nhạc,unknown
Toi muon nghe nhac,unknown
Cho tôi xem tôi có đạt loại xuất sắc không,training_score
Cho toi xem toi co dat loai xuat sac khong,training_score
Làm ơn cho tôi biết tôi có đăng ký hoạt động nào chưa trong hệ thống,my_activities
Lam on cho toi biet toi co dang ky hoat dong nao chua trong he thong,my_activities
Cho tôi hỏi điểm danh của tôi có hợp lệ không trong hệ thống,attendance_status
Cho toi hoi diem danh cua toi co hop le khong trong he thong,attendance_status
Giúp tôi xem tư vấn mua laptop được không ạ,unknown
Giup toi xem tu van mua laptop duoc khong a,unknown
Mình cần biết có hoạt động mới không nha,upcoming_activity
Minh can biet co hoat dong moi khong nha,upcoming_activity
Mình muốn biết tôi có đang chờ xử lý không nha,attendance_status
Minh muon biet toi co dang cho xu ly khong nha,attendance_status
Điểm danh thất bại có bị trừ điểm không,absent_penalty
Diem danh that bai co bi tru diem khong,absent_penalty
Giúp tôi xem quét QR QR ở đâu ở đâu,check_in_guide
Giup toi xem quet QR QR o dau o dau,check_in_guide
Có thể cho tôi biết admin từ chối minh chứng thì mất điểm à giúp tôi,absent_penalty
Co the cho toi biet admin tu choi minh chung thi mat diem a giup toi,absent_penalty
Có thể cho tôi biết tôi muốn đề xuất cải thiện app trong app,feedback_help
Co the cho toi biet toi muon de xuat cai thien app trong app,feedback_help
Bạn cho tôi biết cách quay video minh chứng với,check_in_guide
Ban cho toi biet cach quay video minh chung voi,check_in_guide
Bạn giải thích giúp gửi phản hồi cho admin,feedback_help
Ban giai thich giup gui phan hoi cho admin,feedback_help
Bạn cho tôi biết làm sao xem tin nhắn thông báo,notification_help
Ban cho toi biet lam sao xem tin nhan thong bao,notification_help
Mình muốn biết tôi muốn tắt thông báo giúp tôi giúp tôi,notification_help
Minh muon biet toi muon tat thong bao giup toi giup toi,notification_help
Tôi muốn gửi phản hồi nhanh,feedback_help
Toi muon gui phan hoi nhanh,feedback_help
Giúp tôi xem mục góp ý nằm ở đâu nhé,feedback_help
Giup toi xem muc gop y nam o dau nhe,feedback_help
Bạn giải thích giúp tôi không nhận được nhắc nhở ở đâu,notification_help
Ban giai thich giup toi khong nhan duoc nhac nho o dau,notification_help
Cho mình hỏi cho xem hoạt động trong học kỳ này cho tôi ạ,my_activities
Cho minh hoi cho xem hoat dong trong hoc ky nay cho toi a,my_activities
Mình muốn hỏi tôi buồn quá như thế nào,unknown
Minh muon hoi toi buon qua nhu the nao,unknown
Tôi cần xem tôi muốn xem tin quan trọng được không bạn giúp mình,notification_help
Toi can xem toi muon xem tin quan trong duoc khong ban giup minh,notification_help
Bạn kiểm tra giúp tôi có bị tụt xếp loại không cho tôi,training_score
Ban kiem tra giup toi co bi tut xep loai khong cho toi,training_score
Cho mình hỏi hệ thống có nhắc điểm danh không được không bạn,notification_help
Cho minh hoi he thong co nhac diem danh khong duoc khong ban,notification_help
Có thể cho tôi biết sự kiện tôi đã chọn trên ITConnect,my_activities
Co the cho toi biet su kien toi da chon tren ITConnect,my_activities
Cho mình hỏi làm sao nhận tin tức quan trọng trong app,notification_help
Cho minh hoi lam sao nhan tin tuc quan trong trong app,notification_help
Hỏi chút là hoạt động cá nhân của tôi được không,my_activities
Hoi chut la hoat dong ca nhan cua toi duoc khong,my_activities
Bạn cho tôi biết báo lỗi minh chứng ở đâu ở đâu,feedback_help
Ban cho toi biet bao loi minh chung o dau o dau,feedback_help
Mình muốn biết mở scanner ở đâu ở đâu,check_in_guide
Minh muon biet mo scanner o dau o dau,check_in_guide
Tôi cần xem bạn có ở đó không cho tôi,greeting
Toi can xem ban co o do khong cho toi,greeting
Giúp tôi xem hôm nay ăn gì hiện tại,unknown
Giup toi xem hom nay an gi hien tai,unknown
Tôi muốn tìm hội trường C nha,map_help
Toi muon tim hoi truong C nha,map_help
Bạn kiểm tra giúp cách sử dụng mã QR để điểm danh trong hệ thống,check_in_guide
Ban kiem tra giup cach su dung ma QR de diem danh trong he thong,check_in_guide
Alo chatbot,greeting
Cho tôi xem điểm rèn luyện của học kỳ hiện tại được không,training_score
Cho toi xem diem ren luyen cua hoc ky hien tai duoc khong,training_score
Hỏi chút là cách gửi minh chứng check in được không bạn,check_in_guide
Hoi chut la cach gui minh chung check in duoc khong ban,check_in_guide
Hỏi chút là tôi đăng ký workshop nào nha,my_activities
Hoi chut la toi dang ky workshop nao nha,my_activities
Làm ơn cho tôi biết quy trình điểm danh hoạt động được không,check_in_guide
Lam on cho toi biet quy trinh diem danh hoat dong duoc khong,check_in_guide
Mình muốn biết bạn có thể dịch tiếng Anh không cho tôi,unknown
Minh muon biet ban co the dich tieng Anh khong cho toi,unknown
Mình cần biết tôi phải check in như thế nào cho tôi,check_in_guide
Minh can biet toi phai check in nhu the nao cho toi,check_in_guide
Làm ơn cho tôi biết danh sách sự kiện sắp diễn ra với giúp tôi,upcoming_activity
Lam on cho toi biet danh sach su kien sap dien ra voi giup toi,upcoming_activity
Xin được hỗ trợ,greeting
Xin duoc ho tro,greeting
Hoạt động tổ chức ở chỗ nào,map_help
Hoat dong to chuc o cho nao,map_help
Minh chứng của tôi đã duyệt chưa,attendance_status
Minh chung cua toi da duyet chua,attendance_status
Cho tôi xem tôi không biết địa điểm hoạt động được không,map_help
Cho toi xem toi khong biet dia diem hoat dong duoc khong,map_help
Bạn giải thích giúp tôi đăng ký workshop nào nha,my_activities
Ban giai thich giup toi dang ky workshop nao nha,my_activities
Có thể cho tôi biết tôi muốn báo lỗi thông báo hiện tại,feedback_help
Co the cho toi biet toi muon bao loi thong bao hien tai,feedback_help
Mình muốn biết cách xác nhận tham gia hoạt động với,check_in_guide
Minh muon biet cach xac nhan tham gia hoat dong voi,check_in_guide
Cho mình hỏi điểm của tôi sau khi hoàn thành hoạt động nhé,training_score
Cho minh hoi diem cua toi sau khi hoan thanh hoat dong nhe,training_score
Giúp tôi xem hệ thống có nhắc điểm danh không được không bạn,notification_help
Giup toi xem he thong co nhac diem danh khong duoc khong ban,notification_help
Có thể cho tôi biết tôi cần gửi hỗ trợ được không bạn,feedback_help
Co the cho toi biet toi can gui ho tro duoc khong ban,feedback_help
Cho mình hỏi điểm sau khi bị từ chối minh chứng ở đâu,training_score
Cho minh hoi diem sau khi bi tu choi minh chung o dau,training_score
Mình cần biết tìm đường đến hội trường với,map_help
Minh can biet tim duong den hoi truong voi,map_help
Cho mình hỏi tìm khu nhà trong trường trong app bạn,map_help
Cho minh hoi tim khu nha trong truong trong app ban,map_help
Có thể cho tôi biết làm sao đến sân trường trên ITConnect,map_help
Co the cho toi biet lam sao den san truong tren ITConnect,map_help
Bạn giải thích giúp vắng thì bị trừ bao nhiêu điểm với,absent_penalty
Ban giai thich giup vang thi bi tru bao nhieu diem voi,absent_penalty
Bạn kiểm tra giúp minh chứng của tôi đã duyệt chưa với,attendance_status
Ban kiem tra giup minh chung cua toi da duyet chua voi,attendance_status
Bạn cho tôi biết hoạt động nào gần nhất nha ạ,upcoming_activity
Ban cho toi biet hoat dong nao gan nhat nha a,upcoming_activity
Bạn giải thích giúp danh sách sự kiện sắp diễn ra hiện tại,upcoming_activity
Ban giai thich giup danh sach su kien sap dien ra hien tai,upcoming_activity
Cho tôi hỏi cho tôi xem hoạt động của tôi được không bạn,my_activities
Cho toi hoi cho toi xem hoat dong cua toi duoc khong ban,my_activities
Bạn kiểm tra giúp tôi có đang chờ xử lý không cho tôi,attendance_status
Ban kiem tra giup toi co dang cho xu ly khong cho toi,attendance_status
Cho tôi xem tôi muốn góp ý được không ạ,feedback_help
Cho toi xem toi muon gop y duoc khong a,feedback_help
Hội trường C ở đâu với,map_help
Hoi truong C o dau voi,map_help
Mình muốn hỏi tôi bị mất điểm không nha,training_score
Minh muon hoi toi bi mat diem khong nha,training_score
Bạn cho tôi biết map trong ITConnect ở đâu,map_help
Ban cho toi biet map trong ITConnect o dau,map_help
Tôi cần minh chứng gì khi điểm danh,check_in_guide
Toi can minh chung gi khi diem danh,check_in_guide
Cho tôi xem tôi muốn chơi game nha nha,unknown
Cho toi xem toi muon choi game nha nha,unknown
Bạn giải thích giúp cách quay video minh chứng với,check_in_guide
Ban giai thich giup cach quay video minh chung voi,check_in_guide
Hỏi chút là chào chatbot với giúp tôi,greeting
Hoi chut la chao chatbot voi giup toi,greeting
Bạn cho tôi biết tôi muốn đặt đồ ăn nha nhé,unknown
Ban cho toi biet toi muon dat do an nha nhe,unknown
Tôi có hoạt động nào chưa xử lý không,attendance_status
Toi co hoat dong nao chua xu ly khong,attendance_status
Báo sự cố hoạt động,feedback_help
Bao su co hoat dong,feedback_help
Hướng dẫn điểm danh,check_in_guide
Huong dan diem danh,check_in_guide
Cho tôi xem không quét QR có bị trừ điểm không được không bạn,absent_penalty
Cho toi xem khong quet QR co bi tru diem khong duoc khong ban,absent_penalty
Tôi cần xem app bị lỗi thì báo ở đâu,feedback_help
Toi can xem app bi loi thi bao o dau,feedback_help
Bạn kiểm tra giúp tôi bị trừ bao nhiêu điểm giúp tôi,training_score
Ban kiem tra giup toi bi tru bao nhieu diem giup toi,training_score
Làm sao nhận tin tức quan trọng,notification_help
Lam sao nhan tin tuc quan trong,notification_help
Cho tôi hỏi điểm rèn luyện hiện tại thế nào trên ITConnect giúp mình,training_score
Cho toi hoi diem ren luyen hien tai the nao tren ITConnect giup minh,training_score
Mình muốn biết dự báo thời tiết ngày mai trong hệ thống,unknown
Minh muon biet du bao thoi tiet ngay mai trong he thong,unknown
Điểm danh đã được chốt chưa hiện tại,attendance_status
Diem danh da duoc chot chua hien tai,attendance_status
Tôi muốn hỏi bản đồ campus mở ở đâu trong app,map_help
Toi muon hoi ban do campus mo o dau trong app,map_help
Cho xem hoạt động trong học kỳ này,my_activities
Cho xem hoat dong trong hoc ky nay,my_activities
Mình cần biết vắng bị trừ 6 điểm phải không cho tôi,absent_penalty
Minh can biet vang bi tru 6 diem phai khong cho toi,absent_penalty
Tôi cần xem điểm danh thất bại có bị trừ điểm không được không bạn,absent_penalty
Toi can xem diem danh that bai co bi tru diem khong duoc khong ban,absent_penalty
Làm ơn cho tôi biết làm sao để điểm danh vậy,check_in_guide
Lam on cho toi biet lam sao de diem danh vay,check_in_guide
Cho mình hỏi tôi đã tham gia những hoạt động gì cho tôi,my_activities
Cho minh hoi toi da tham gia nhung hoat dong gi cho toi,my_activities
Tôi phải check in như thế nào trên ITConnect,check_in_guide
Toi phai check in nhu the nao tren ITConnect,check_in_guide
Cho tôi hỏi hoạt động gần đây có gì trên ITConnect,upcoming_activity
Cho toi hoi hoat dong gan day co gi tren ITConnect,upcoming_activity
Bạn kiểm tra giúp tôi cần liên hệ khoa được không ạ,feedback_help
Ban kiem tra giup toi can lien he khoa duoc khong a,feedback_help
Bạn kiểm tra giúp hoạt động của tôi có gì trong hệ thống nhé,my_activities
Ban kiem tra giup hoat dong cua toi co gi trong he thong nhe,my_activities
Cho tôi hỏi làm sao kiếm tiền online cho tôi,unknown
Cho toi hoi lam sao kiem tien online cho toi,unknown
Có thể cho tôi biết bị từ chối điểm danh thì sao nhé,absent_penalty
Co the cho toi biet bi tu choi diem danh thi sao nhe,absent_penalty
Bạn cho tôi biết bị vắng có được cộng điểm không trong app,absent_penalty
Ban cho toi biet bi vang co duoc cong diem khong trong app,absent_penalty
Mình cần biết tôi bị trừ bao nhiêu điểm nhé,training_score
Minh can biet toi bi tru bao nhieu diem nhe,training_score
Làm ơn cho tôi biết làm sao đến sân trường,map_help
Lam on cho toi biet lam sao den san truong,map_help
Mình cần biết vắng thì bị trừ bao nhiêu điểm nha,absent_penalty
Minh can biet vang thi bi tru bao nhieu diem nha,absent_penalty
Cho tôi xem hoạt động đoàn nào sắp tới giúp tôi giúp tôi,upcoming_activity
Cho toi xem hoat dong doan nao sap toi giup toi giup toi,upcoming_activity
Tắt nhắc nhở hoạt động như thế nào,notification_help
Tat nhac nho hoat dong nhu the nao,notification_help
Bạn có biết bóng đá không giúp tôi ạ,unknown
Ban co biet bong da khong giup toi a,unknown
Bạn giải thích giúp vắng có bị ghi nhận trong hệ thống không,absent_penalty
Ban giai thich giup vang co bi ghi nhan trong he thong khong,absent_penalty
Bạn giải thích giúp tôi muốn gửi phản hồi nhanh vậy,feedback_help
Ban giai thich giup toi muon gui phan hoi nhanh vay,feedback_help
Bạn cho tôi biết tôi bị từ chối hoạt động nào như thế nào,attendance_status
Ban cho toi biet toi bi tu choi hoat dong nao nhu the nao,attendance_status
Tôi được bao nhiêu điểm rèn luyện,training_score
Toi duoc bao nhieu diem ren luyen,training_score
Hỏi chút là tôi đăng ký workshop nào ở đâu,my_activities
Hoi chut la toi dang ky workshop nao o dau,my_activities
Mình cần biết cách tìm phòng học,map_help
Minh can biet cach tim phong hoc,map_help
Có thể cho tôi biết điểm hiện tại của tôi là bao nhiêu nha,training_score
Co the cho toi biet diem hien tai cua toi la bao nhieu nha,training_score
Mình cần biết hoạt động CLB gần nhất là gì,upcoming_activity
Minh can biet hoat dong CLB gan nhat la gi,upcoming_activity
Cho tôi hỏi danh sách hoạt động tôi đăng ký được không bạn,my_activities
Cho toi hoi danh sach hoat dong toi dang ky duoc khong ban,my_activities
Mình muốn hỏi tôi cần gửi hỗ trợ ở đâu,feedback_help
Minh muon hoi toi can gui ho tro o dau,feedback_help
Tôi muốn xem kết quả điểm danh,attendance_status
Toi muon xem ket qua diem danh,attendance_status
Mình muốn biết thông báo hoạt động sắp diễn ra ở đâu,notification_help
Minh muon biet thong bao hoat dong sap dien ra o dau,notification_help
Giúp tôi xem bản đồ có chỉ vị trí không vậy,map_help
Giup toi xem ban do co chi vi tri khong vay,map_help
Làm ơn cho tôi biết bạn là ai trong app,greeting
Lam on cho toi biet ban la ai trong app,greeting
Tôi đã hoàn thành điểm danh chưa,attendance_status
Toi da hoan thanh diem danh chua,attendance_status
Có thể cho tôi biết điểm rèn luyện tính như thế nào ở đâu,training_score
Co the cho toi biet diem ren luyen tinh nhu the nao o dau,training_score
Mình muốn biết làm sao xem vị trí hội trường với,map_help
Minh muon biet lam sao xem vi tri hoi truong voi,map_help
Cho tôi xem alo bạn ơi trên ITConnect ạ,greeting
Cho toi xem alo ban oi tren ITConnect a,greeting
Có thể cho tôi biết vắng có bị ghi nhận trong hệ thống không giúp tôi nha,absent_penalty
Co the cho toi biet vang co bi ghi nhan trong he thong khong giup toi nha,absent_penalty
Giúp tôi xem tôi muốn biết loại rèn luyện được không,training_score
Giup toi xem toi muon biet loai ren luyen duoc khong,training_score
Em muốn hỏi xem điểm rèn luyện của tôi được không bạn,training_score
Em muon hoi xem diem ren luyen cua toi duoc khong ban,training_score
Cho tôi hỏi tôi quét QR bằng cách nào như thế nào,check_in_guide
Cho toi hoi toi quet QR bang cach nao nhu the nao,check_in_guide
Mình cần biết làm sao xem tin nhắn thông báo,notification_help
Minh can biet lam sao xem tin nhan thong bao,notification_help
Cho tôi xem bạn có thể làm thơ không với,unknown
Cho toi xem ban co the lam tho khong voi,unknown
Giúp tôi xem làm sao nhận tin tức quan trọng được không,notification_help
Giup toi xem lam sao nhan tin tuc quan trong duoc khong,notification_help
Tôi muốn gửi ảnh minh chứng,check_in_guide
Toi muon gui anh minh chung,check_in_guide
Mình muốn biết tôi muốn bật thông báo nha,notification_help
Minh muon biet toi muon bat thong bao nha,notification_help
Có hoạt động nào sắp tới không,upcoming_activity
Co hoat dong nao sap toi khong,upcoming_activity
Bạn kiểm tra giúp tôi muốn phản hồi về app trong app,feedback_help
Ban kiem tra giup toi muon phan hoi ve app trong app,feedback_help
Có thể cho tôi biết bị vắng có được cộng điểm không được không ạ,absent_penalty
Co the cho toi biet bi vang co duoc cong diem khong duoc khong a,absent_penalty
Giúp tôi xem phản hồi thông tin sai ở đâu nha,feedback_help
Giup toi xem phan hoi thong tin sai o dau nha,feedback_help
Bạn kiểm tra giúp bạn có thể làm thơ không như thế nào,unknown
Ban kiem tra giup ban co the lam tho khong nhu the nao,unknown
Hỏi chút là không quét QR có bị trừ điểm không vậy,absent_penalty
Hoi chut la khong quet QR co bi tru diem khong vay,absent_penalty
Mình muốn biết admin từ chối minh chứng thì mất điểm à như thế nào,absent_penalty
Minh muon biet admin tu choi minh chung thi mat diem a nhu the nao,absent_penalty
Bạn kiểm tra giúp xem vị trí tổ chức hoạt động nha với ạ,map_help
Ban kiem tra giup xem vi tri to chuc hoat dong nha voi a,map_help
Có ai hỗ trợ không trong hệ thống,greeting
Co ai ho tro khong trong he thong,greeting
Mình cần biết tìm thư viện trong app,map_help
Minh can biet tim thu vien trong app,map_help
Cho tôi xem xin được hỗ trợ vậy nhé,greeting
Cho toi xem xin duoc ho tro vay nhe,greeting
Tôi muốn hỏi hôm nay thời tiết thế nào với,unknown
Toi muon hoi hom nay thoi tiet the nao voi,unknown
Bạn cho tôi biết tôi đã đăng ký hoạt động nào nha,my_activities
Ban cho toi biet toi da dang ky hoat dong nao nha,my_activities
Bạn giải thích giúp xem minh chứng đã duyệt với,attendance_status
Ban giai thich giup xem minh chung da duyet voi,attendance_status
Hỏi chút là chào hệ thống trên ITConnect,greeting
Hoi chut la chao he thong tren ITConnect,greeting
Bạn giải thích giúp cách quay video minh chứng trong app,check_in_guide
Ban giai thich giup cach quay video minh chung trong app,check_in_guide
Cho tôi xem hướng dẫn điểm danh như thế nào,check_in_guide
Cho toi xem huong dan diem danh nhu the nao,check_in_guide
Tôi muốn hỏi tôi có đạt loại khá không trên ITConnect,training_score
Toi muon hoi toi co dat loai kha khong tren ITConnect,training_score
Tôi cần chỉ đường trong trường,map_help
Toi can chi duong trong truong,map_help
Có thể cho tôi biết mở bản đồ như thế nào như thế nào,map_help
Co the cho toi biet mo ban do nhu the nao nhu the nao,map_help
Cho tôi xem minh chứng bị từ chối thì bị sao trong app,absent_penalty
Cho toi xem minh chung bi tu choi thi bi sao trong app,absent_penalty
Làm ơn cho tôi biết điểm học kỳ này của tôi bao nhiêu nha,training_score
Lam on cho toi biet diem hoc ky nay cua toi bao nhieu nha,training_score
Giúp tôi xem tôi bị từ chối có được cộng điểm không được không ạ,absent_penalty
Giup toi xem toi bi tu choi co duoc cong diem khong duoc khong a,absent_penalty
Bạn kiểm tra giúp điểm rèn luyện của tôi bao nhiêu vậy,training_score
Ban kiem tra giup diem ren luyen cua toi bao nhieu vay,training_score
Mình muốn biết điểm sau khi bị từ chối minh chứng trên ITConnect,training_score
Minh muon biet diem sau khi bi tu choi minh chung tren ITConnect,training_score
Bạn giải thích giúp tôi có đạt loại tốt không giúp tôi,training_score
Ban giai thich giup toi co dat loai tot khong giup toi,training_score
Bạn cho tôi biết cách gửi minh chứng điểm danh được không,check_in_guide
Ban cho toi biet cach gui minh chung diem danh duoc khong,check_in_guide
Giúp tôi xem tôi đã hoàn thành điểm danh chưa trong hệ thống,attendance_status
Giup toi xem toi da hoan thanh diem danh chua trong he thong,attendance_status
Làm ơn cho tôi biết cách bật nhắc nhở trước hoạt động giúp tôi,notification_help
Lam on cho toi biet cach bat nhac nho truoc hoat dong giup toi,notification_help
Tôi có đạt loại khá không,training_score
Toi co dat loai kha khong,training_score
Tôi muốn nghe tin tức được không,unknown
Toi muon nghe tin tuc duoc khong,unknown
Hi,greeting
Tôi muốn hỏi danh sách hoạt động đang nhận đăng ký giúp tôi,upcoming_activity
Toi muon hoi danh sach hoat dong dang nhan dang ky giup toi,upcoming_activity
Cho tôi xem tôi đã gửi minh chứng chưa như thế nào,attendance_status
Cho toi xem toi da gui minh chung chua nhu the nao,attendance_status
Cho mình hỏi hoạt động tôi đã ghi danh được không ạ,my_activities
Cho minh hoi hoat dong toi da ghi danh duoc khong a,my_activities
Cho tôi hỏi điểm rèn luyện bị trừ khi nào,absent_penalty
Cho toi hoi diem ren luyen bi tru khi nao,absent_penalty
Làm ơn cho tôi biết hoạt động gần đây có gì nhé,upcoming_activity
Lam on cho toi biet hoat dong gan day co gi nhe,upcoming_activity
Làm ơn cho tôi biết vắng có bị ghi nhận trong hệ thống không trên ITConnect,absent_penalty
Lam on cho toi biet vang co bi ghi nhan trong he thong khong tren ITConnect,absent_penalty
Mình muốn hỏi tôi không biết cách điểm danh giúp tôi,check_in_guide
Minh muon hoi toi khong biet cach diem danh giup toi,check_in_guide
Tôi cần xem tôi muốn hỏi thông tin được không ạ,greeting
Toi can xem toi muon hoi thong tin duoc khong a,greeting
Hỏi chút là hoạt động nào đang mở đăng ký nha,upcoming_activity
Hoi chut la hoat dong nao dang mo dang ky nha,upcoming_activity
Mình cần biết tôi muốn kiểm tra kết quả check in được không ạ,attendance_status
Minh can biet toi muon kiem tra ket qua check in duoc khong a,attendance_status
Làm ơn cho tôi biết app bị lỗi thì báo ở đâu,feedback_help
Lam on cho toi biet app bi loi thi bao o dau,feedback_help
Tôi cần xem tôi đăng ký workshop nào trong hệ thống,my_activities
Toi can xem toi dang ky workshop nao trong he thong,my_activities
Cho tôi xem lịch hoạt động sắp tới của tôi như thế nào,my_activities
Cho toi xem lich hoat dong sap toi cua toi nhu the nao,my_activities
Cho tôi xem cách xem thông báo chưa đọc ở đâu,notification_help
Cho toi xem cach xem thong bao chua doc o dau,notification_help
Cho mình hỏi cách đọc tất cả thông báo được không,notification_help
Cho minh hoi cach doc tat ca thong bao duoc khong,notification_help
Tôi muốn hỏi mình cần trợ giúp được không ạ,greeting
Toi muon hoi minh can tro giup duoc khong a,greeting
Hỏi chút là cài đặt thông báo như thế nào được không nha,notification_help
Hoi chut la cai dat thong bao nhu the nao duoc khong nha,notification_help
Mình cần biết từ chối điểm danh có trừ điểm không được không nha,absent_penalty
Minh can biet tu choi diem danh co tru diem khong duoc khong nha,absent_penalty
Làm ơn cho tôi biết mở bản đồ như thế nào giúp tôi,map_help
Lam on cho toi biet mo ban do nhu the nao giup toi,map_help
Có hoạt động nào sắp tới không được không bạn ạ,upcoming_activity
Co hoat dong nao sap toi khong duoc khong ban a,upcoming_activity
Làm ơn cho tôi biết tôi muốn hỏi thông tin giúp tôi,greeting
Lam on cho toi biet toi muon hoi thong tin giup toi,greeting
Mình cần biết hoạt động gần đây có gì giúp tôi,upcoming_activity
Minh can biet hoat dong gan day co gi giup toi,upcoming_activity
Làm ơn cho tôi biết vắng bị trừ 6 điểm phải không ở đâu,absent_penalty
Lam on cho toi biet vang bi tru 6 diem phai khong o dau,absent_penalty
App có gửi thông báo không,notification_help
App co gui thong bao khong,notification_help
Tôi đã đăng ký những hoạt động nào được không,my_activities
Toi da dang ky nhung hoat dong nao duoc khong,my_activities
Cho tôi xem có hoạt động tháng này không nha,upcoming_activity
Cho toi xem co hoat dong thang nay khong nha,upcoming_activity
Làm ơn cho tôi biết tôi có thể đăng ký hoạt động nào nha,upcoming_activity
Lam on cho toi biet toi co the dang ky hoat dong nao nha,upcoming_activity
Tôi cần xem dự báo thời tiết ngày mai được không ạ,unknown
Toi can xem du bao thoi tiet ngay mai duoc khong a,unknown
Đường đi đến địa điểm hoạt động được không giúp tôi,map_help
Duong di den dia diem hoat dong duoc khong giup toi,map_help
Có thể cho tôi biết điểm rèn luyện hiện tại thế nào hiện tại,training_score
Co the cho toi biet diem ren luyen hien tai the nao hien tai,training_score
Mình muốn biết tôi muốn xem hoạt động mới nhất được không bạn,upcoming_activity
Minh muon biet toi muon xem hoat dong moi nhat duoc khong ban,upcoming_activity
Tôi cần xem báo lỗi không hiện hoạt động trên ITConnect,feedback_help
Toi can xem bao loi khong hien hoat dong tren ITConnect,feedback_help
Mình cần biết có hoạt động nào hôm nay không hiện tại,upcoming_activity
Minh can biet co hoat dong nao hom nay khong hien tai,upcoming_activity
Điểm danh bằng điện thoại ra sao,check_in_guide
Diem danh bang dien thoai ra sao,check_in_guide
Cho tôi hỏi tôi đã ghi danh hoạt động gì với,my_activities
Cho toi hoi toi da ghi danh hoat dong gi voi,my_activities
Bạn giải thích giúp sau khi quét QR cần làm gì được không,check_in_guide
Ban giai thich giup sau khi quet QR can lam gi duoc khong,check_in_guide
Bạn giải thích giúp tìm đường đến hội trường cho tôi,map_help
Ban giai thich giup tim duong den hoi truong cho toi,map_help
Bạn giải thích giúp hoạt động nào gần nhất,upcoming_activity
Ban giai thich giup hoat dong nao gan nhat,upcoming_activity
Mình muốn biết tôi bị mất điểm không được không,training_score
Minh muon biet toi bi mat diem khong duoc khong,training_score
Kể chuyện cười đi giúp tôi,unknown
Ke chuyen cuoi di giup toi,unknown
Làm ơn cho tôi biết thông báo hoạt động sắp diễn ra ở đâu ở đâu,notification_help
Lam on cho toi biet thong bao hoat dong sap dien ra o dau o dau,notification_help
Cho tôi xem nhắc nhở chương trình ở đâu trong hệ thống,notification_help
Cho toi xem nhac nho chuong trinh o dau trong he thong,notification_help
Tôi đã được duyệt điểm danh chưa,attendance_status
Toi da duoc duyet diem danh chua,attendance_status
Tôi có đạt loại xuất sắc không,training_score
Toi co dat loai xuat sac khong,training_score
Từ chối minh chứng mất mấy điểm,absent_penalty
Tu choi minh chung mat may diem,absent_penalty
Làm ơn cho tôi biết vắng thì bị trừ bao nhiêu điểm nha,absent_penalty
Lam on cho toi biet vang thi bi tru bao nhieu diem nha,absent_penalty
Thông báo đã đọc xem lại ở đâu được không bạn,notification_help
Thong bao da doc xem lai o dau duoc khong ban,notification_help
Làm ơn cho tôi biết địa điểm sự kiện nằm ở đâu nhé nhé,map_help
Lam on cho toi biet dia diem su kien nam o dau nhe nhe,map_help
Cách đánh dấu đã đọc,notification_help
Cach danh dau da doc,notification_help
Bạn kiểm tra giúp danh sách hoạt động đang nhận đăng ký trong hệ thống,upcoming_activity
Ban kiem tra giup danh sach hoat dong dang nhan dang ky trong he thong,upcoming_activity
Điểm rèn luyện hiện tại thế nào,training_score
Diem ren luyen hien tai the nao,training_score
Cho mình hỏi tôi đã được duyệt check in chưa cho tôi,attendance_status
Cho minh hoi toi da duoc duyet check in chua cho toi,attendance_status
Cho tôi hỏi tôi bị mất điểm không,training_score
Cho toi hoi toi bi mat diem khong,training_score
Bạn cho tôi biết có hoạt động nào sắp tới không như thế nào,upcoming_activity
Ban cho toi biet co hoat dong nao sap toi khong nhu the nao,upcoming_activity
Bạn cho tôi biết bạn hỗ trợ sinh viên đúng không hiện tại,greeting
Ban cho toi biet ban ho tro sinh vien dung khong hien tai,greeting
Tôi cần xem điểm sau khi bị từ chối minh chứng vậy,training_score
Toi can xem diem sau khi bi tu choi minh chung vay,training_score
Cho tôi xem tôi được duyệt hoạt động nào trong hệ thống,attendance_status
Cho toi xem toi duoc duyet hoat dong nao trong he thong,attendance_status
Cho tôi xem có hoạt động nào phù hợp để tham gia hiện tại,upcoming_activity
Cho toi xem co hoat dong nao phu hop de tham gia hien tai,upcoming_activity
Minh chứng sai thì có bị phạt không với ạ,absent_penalty
Minh chung sai thi co bi phat khong voi a,absent_penalty
Tôi muốn hỏi tôi muốn hỏi về ứng dụng với,greeting
Toi muon hoi toi muon hoi ve ung dung voi,greeting
Tui muốn hỏi tôi đang có bao nhiêu điểm được không bạn,training_score
Tui muon hoi toi dang co bao nhieu diem duoc khong ban,training_score
Bạn giải thích giúp tôi bị vắng có ảnh hưởng điểm rèn luyện không với,absent_penalty
Ban giai thich giup toi bi vang co anh huong diem ren luyen khong voi,absent_penalty
Mình muốn biết danh sách đăng ký của tôi vậy,my_activities
Minh muon biet danh sach dang ky cua toi vay,my_activities
Bạn cho tôi biết bật tắt thông báo ở đâu nhé,notification_help
Ban cho toi biet bat tat thong bao o dau nhe,notification_help
Mình muốn biết điểm rèn luyện của tôi hiện đang là mấy cho tôi nha,training_score
Minh muon biet diem ren luyen cua toi hien dang la may cho toi nha,training_score
Giúp tôi xem liên hệ admin như thế nào cho tôi,feedback_help
Giup toi xem lien he admin nhu the nao cho toi,feedback_help
Cho mình hỏi danh sách hoạt động đang nhận đăng ký nhé ạ,upcoming_activity
Cho minh hoi danh sach hoat dong dang nhan dang ky nhe a,upcoming_activity
Điểm sau khi bị từ chối minh chứng,training_score
Diem sau khi bi tu choi minh chung,training_score
Cho tôi hỏi có thể góp ý cho admin không được không ạ,feedback_help
Cho toi hoi co the gop y cho admin khong duoc khong a,feedback_help
Hỏi chút là ngày mai có hoạt động nào không ở đâu,upcoming_activity
Hoi chut la ngay mai co hoat dong nao khong o dau,upcoming_activity
Chào buổi chiều,greeting
Chao buoi chieu,greeting
Mình cần biết tôi muốn kiểm tra kết quả check in hiện tại,attendance_status
Minh can biet toi muon kiem tra ket qua check in hien tai,attendance_status
Hỏi chút là tôi có thể đăng ký hoạt động nào với,upcoming_activity
Hoi chut la toi co the dang ky hoat dong nao voi,upcoming_activity
Bạn cho tôi biết tôi đã hoàn thành điểm danh chưa được không,attendance_status
Ban cho toi biet toi da hoan thanh diem danh chua duoc khong,attendance_status
Mình cần biết minh chứng đã được chấp nhận chưa được không bạn,attendance_status
Minh can biet minh chung da duoc chap nhan chua duoc khong ban,attendance_status
Bạn kiểm tra giúp hoạt động nào sắp bắt đầu như thế nào,upcoming_activity
Ban kiem tra giup hoat dong nao sap bat dau nhu the nao,upcoming_activity
Hỏi chút là tôi cần hỗ trợ tài khoản được không ạ,feedback_help
Hoi chut la toi can ho tro tai khoan duoc khong a,feedback_help
Mình muốn biết tôi có bị vắng không hiện tại giúp mình,attendance_status
Minh muon biet toi co bi vang khong hien tai giup minh,attendance_status
Giúp tôi xem trạng thái chờ duyệt của tôi nha,attendance_status
Giup toi xem trang thai cho duyet cua toi nha,attendance_status
Có thể cho tôi biết xin chào ITConnect giúp tôi bạn,greeting
Co the cho toi biet xin chao ITConnect giup toi ban,greeting
Bạn kiểm tra giúp tôi muốn đề xuất cải thiện app vậy bạn,feedback_help
Ban kiem tra giup toi muon de xuat cai thien app vay ban,feedback_help
Bạn cho tôi biết cho tôi lịch bóng đá với,unknown
Ban cho toi biet cho toi lich bong da voi,unknown
Làm ơn cho tôi biết cách xác nhận tham gia hoạt động được không,check_in_guide
Lam on cho toi biet cach xac nhan tham gia hoat dong duoc khong,check_in_guide
Có thể cho tôi biết tôi có bị vắng không nhé,attendance_status
Co the cho toi biet toi co bi vang khong nhe,attendance_status
Điểm rèn luyện có tối đa bao nhiêu,training_score
Diem ren luyen co toi da bao nhieu,training_score
Hỏi chút là bị từ chối điểm danh thì sao vậy,absent_penalty
Hoi chut la bi tu choi diem danh thi sao vay,absent_penalty
Tôi cần xem tôi muốn chơi game với giúp mình,unknown
Toi can xem toi muon choi game voi giup minh,unknown
Bạn hỗ trợ sinh viên đúng không cho tôi giúp mình,greeting
Ban ho tro sinh vien dung khong cho toi giup minh,greeting
Bạn cho tôi biết mục bản đồ trong app nằm đâu trong hệ thống,map_help
Ban cho toi biet muc ban do trong app nam dau trong he thong,map_help
Tôi cần xem bạn hỗ trợ gì được cho tôi ở đâu,greeting
Toi can xem ban ho tro gi duoc cho toi o dau,greeting
Trạng thái chờ duyệt của tôi,attendance_status
Trang thai cho duyet cua toi,attendance_status
Tôi cần xem có workshop nào sắp diễn ra không được không ạ,upcoming_activity
Toi can xem co workshop nao sap dien ra khong duoc khong a,upcoming_activity
Tôi muốn hỏi hoạt động này tôi đã check in chưa nhé,attendance_status
Toi muon hoi hoat dong nay toi da check in chua nhe,attendance_status
Tìm thư viện trong app ở đâu,map_help
Tim thu vien trong app o dau,map_help
Tôi muốn xem tin quan trọng,notification_help
Toi muon xem tin quan trong,notification_help
Mình cần biết cách xem thông báo được không ạ,notification_help
Minh can biet cach xem thong bao duoc khong a,notification_help
Tìm hoạt động sắp diễn ra,upcoming_activity
Tim hoat dong sap dien ra,upcoming_activity
Tôi cần xem tôi muốn báo lỗi đăng ký hoạt động trên ITConnect nhé,feedback_help
Toi can xem toi muon bao loi dang ky hoat dong tren ITConnect nhe,feedback_help
Hỏi chút là làm sao biết có hoạt động mới nha,notification_help
Hoi chut la lam sao biet co hoat dong moi nha,notification_help
Tôi muốn hỏi tôi muốn xem điểm và xếp loại với,training_score
Toi muon hoi toi muon xem diem va xep loai voi,training_score
Có thể cho tôi biết vị trí hội trường xem ở đâu hiện tại,map_help
Co the cho toi biet vi tri hoi truong xem o dau hien tai,map_help
Cho mình hỏi đường đi đến địa điểm hoạt động ở đâu,map_help
Cho minh hoi duong di den dia diem hoat dong o dau,map_help
Cho tôi xem bạn có thể làm thơ không,unknown
Cho toi xem ban co the lam tho khong,unknown
Bạn cho tôi biết tôi đã gửi minh chứng chưa trên ITConnect,attendance_status
Ban cho toi biet toi da gui minh chung chua tren ITConnect,attendance_status
Làm ơn cho tôi biết tôi đang chờ duyệt phải không,attendance_status
Lam on cho toi biet toi dang cho duyet phai khong,attendance_status
Cho tôi hỏi từ chối điểm danh có trừ điểm không vậy,absent_penalty
Cho toi hoi tu choi diem danh co tru diem khong vay,absent_penalty
Hỏi chút là vắng bị trừ 6 điểm phải không như thế nào,absent_penalty
Hoi chut la vang bi tru 6 diem phai khong nhu the nao,absent_penalty
Hỏi chút là tôi muốn đặt đồ ăn được không ạ nhé,unknown
Hoi chut la toi muon dat do an duoc khong a nhe,unknown
Làm ơn cho tôi biết kể chuyện ma đi với,unknown
Lam on cho toi biet ke chuyen ma di voi,unknown
Giúp tôi xem dự báo thời tiết ngày mai giúp tôi,unknown
Giup toi xem du bao thoi tiet ngay mai giup toi,unknown
Chatbot ơi,greeting
Chatbot oi,greeting
Bạn cho tôi biết điểm danh đã được chốt chưa giúp tôi,attendance_status
Ban cho toi biet diem danh da duoc chot chua giup toi,attendance_status
Hỏi chút là chụp ảnh đẹp như thế nào với,unknown
Hoi chut la chup anh dep nhu the nao voi,unknown
Tôi cần xem tại sao có chấm đỏ thông báo được không,notification_help
Toi can xem tai sao co cham do thong bao duoc khong,notification_help
Mình cần biết chương trình tôi đã ghi danh được không ạ,my_activities
Minh can biet chuong trinh toi da ghi danh duoc khong a,my_activities
Cho tôi hỏi chương trình cá nhân của tôi trong app,my_activities
Cho toi hoi chuong trinh ca nhan cua toi trong app,my_activities
Làm ơn cho tôi biết hệ thống có nhắc điểm danh không nha,notification_help
Lam on cho toi biet he thong co nhac diem danh khong nha,notification_help
Cho tôi xem tôi có đạt loại khá không được không,training_score
Cho toi xem toi co dat loai kha khong duoc khong,training_score
Mình muốn biết tôi không nhận được nhắc nhở trên ITConnect,notification_help
Minh muon biet toi khong nhan duoc nhac nho tren ITConnect,notification_help
Giúp tôi xem điểm danh của tôi đang ở trạng thái nào vậy,attendance_status
Giup toi xem diem danh cua toi dang o trang thai nao vay,attendance_status
Danh sách hoạt động tôi đăng ký,my_activities
Danh sach hoat dong toi dang ky,my_activities
Làm ơn cho tôi biết bạn có thể làm toán không vậy,unknown
Lam on cho toi biet ban co the lam toan khong vay,unknown
Cho mình hỏi minh chứng đang ở đâu như thế nào giúp mình,attendance_status
Cho minh hoi minh chung dang o dau nhu the nao giup minh,attendance_status
Tôi muốn chơi game,unknown
Toi muon choi game,unknown
Bạn cho tôi biết cách tìm phòng học hiện tại,map_help
Ban cho toi biet cach tim phong hoc hien tai,map_help
Cho mình hỏi tôi muốn báo lỗi điểm danh như thế nào,feedback_help
Cho minh hoi toi muon bao loi diem danh nhu the nao,feedback_help
Cho tôi hỏi có thể chọn ảnh QR để điểm danh không,check_in_guide
Cho toi hoi co the chon anh QR de diem danh khong,check_in_guide
Làm ơn cho tôi biết gửi phản hồi cho admin được không ạ,feedback_help
Lam on cho toi biet gui phan hoi cho admin duoc khong a,feedback_help
Cho mình hỏi bitcoin hôm nay giá bao nhiêu,unknown
Cho minh hoi bitcoin hom nay gia bao nhieu,unknown
Bạn giải thích giúp hoạt động nào đang mở đăng ký cho tôi,upcoming_activity
Ban giai thich giup hoat dong nao dang mo dang ky cho toi,upcoming_activity
Cho mình hỏi tôi phải check in như thế nào hiện tại với ạ,check_in_guide
Cho minh hoi toi phai check in nhu the nao hien tai voi a,check_in_guide
Mình cần biết không tham gia hoạt động đã đăng ký thì sao được không bạn bạn,absent_penalty
Minh can biet khong tham gia hoat dong da dang ky thi sao duoc khong ban ban,absent_penalty
Bạn cho tôi biết làm sao kiếm tiền online nha,unknown
Ban cho toi biet lam sao kiem tien online nha,unknown
Có bản đồ khuôn viên không,map_help
Co ban do khuon vien khong,map_help
Bạn giải thích giúp điểm sau khi bị từ chối minh chứng hiện tại,training_score
Ban giai thich giup diem sau khi bi tu choi minh chung hien tai,training_score
Có thể cho tôi biết bật tắt thông báo ở đâu được không ạ ạ,notification_help
Co the cho toi biet bat tat thong bao o dau duoc khong a a,notification_help
Bạn kiểm tra giúp xin được hỗ trợ trong hệ thống,greeting
Ban kiem tra giup xin duoc ho tro trong he thong,greeting
Bạn giải thích giúp hoạt động đoàn nào sắp tới được không,upcoming_activity
Ban giai thich giup hoat dong doan nao sap toi duoc khong,upcoming_activity
Điểm danh bằng điện thoại ra sao giúp tôi,check_in_guide
Diem danh bang dien thoai ra sao giup toi,check_in_guide
Hoạt động này tôi đã check in chưa hiện tại,attendance_status
Hoat dong nay toi da check in chua hien tai,attendance_status
Xin chào,greeting
Xin chao,greeting
Những hoạt động còn mở đăng ký vậy,upcoming_activity
Nhung hoat dong con mo dang ky vay,upcoming_activity
Hỏi chút là xem minh chứng đã duyệt trong hệ thống,attendance_status
Hoi chut la xem minh chung da duyet trong he thong,attendance_status
Sau khi quét QR cần làm gì,check_in_guide
Sau khi quet QR can lam gi,check_in_guide
Bạn cho tôi biết trạng thái minh chứng của tôi như thế nào,attendance_status
Ban cho toi biet trang thai minh chung cua toi nhu the nao,attendance_status
Cho tôi hỏi tư vấn mua điện thoại hiện tại,unknown
Cho toi hoi tu van mua dien thoai hien tai,unknown
Cho tôi xem cách quét mã QR điểm danh với,check_in_guide
Cho toi xem cach quet ma QR diem danh voi,check_in_guide
Giúp tôi xem tôi muốn xem hoạt động của mình được không,my_activities
Giup toi xem toi muon xem hoat dong cua minh duoc khong,my_activities
Có thể cho tôi biết điểm rèn luyện của tôi bao nhiêu cho tôi,training_score
Co the cho toi biet diem ren luyen cua toi bao nhieu cho toi,training_score
Làm ơn cho tôi biết app bị lỗi thì báo ở đâu trong hệ thống,feedback_help
Lam on cho toi biet app bi loi thi bao o dau trong he thong,feedback_help
Bạn cho tôi biết hệ thống có nhắc điểm danh không cho tôi,notification_help
Ban cho toi biet he thong co nhac diem danh khong cho toi,notification_help
Giúp tôi xem hoạt động tôi đã ghi danh với,my_activities
Giup toi xem hoat dong toi da ghi danh voi,my_activities
Tôi cần xem chatbot ơi ở đâu,greeting
Toi can xem chatbot oi o dau,greeting
Em cần xem tôi đang có bao nhiêu điểm,training_score
Em can xem toi dang co bao nhieu diem,training_score
Mình muốn biết tôi đã gửi minh chứng chưa được không bạn,attendance_status
Minh muon biet toi da gui minh chung chua duoc khong ban,attendance_status
Hỏi chút là hoạt động nào đang mở đăng ký vậy,upcoming_activity
Hoi chut la hoat dong nao dang mo dang ky vay,upcoming_activity
Hoạt động tổ chức ở chỗ nào cho tôi,map_help
Hoat dong to chuc o cho nao cho toi,map_help
Cho tôi hỏi điểm phạt vắng là bao nhiêu được không bạn,absent_penalty
Cho toi hoi diem phat vang la bao nhieu duoc khong ban,absent_penalty
Thông báo hoạt động mới xem ở đâu,notification_help
Thong bao hoat dong moi xem o dau,notification_help
Điểm phạt vắng là bao nhiêu,absent_penalty
Diem phat vang la bao nhieu,absent_penalty
Mình muốn biết tôi còn bao nhiêu điểm sau khi vắng cho tôi bạn,training_score
Minh muon biet toi con bao nhieu diem sau khi vang cho toi ban,training_score
Mình muốn biết khi nào bị trừ điểm hoạt động vậy,absent_penalty
Minh muon biet khi nao bi tru diem hoat dong vay,absent_penalty
Giúp tôi xem làm sao xem tin nhắn thông báo ở đâu,notification_help
Giup toi xem lam sao xem tin nhan thong bao o dau,notification_help
Cho tôi hỏi chút,greeting
Cho toi hoi chut,greeting
Làm ơn cho tôi biết cách xem thông báo chưa đọc được không ạ,notification_help
Lam on cho toi biet cach xem thong bao chua doc duoc khong a,notification_help
Bạn giải thích giúp tôi cần làm gì để check in như thế nào với ạ,check_in_guide
Ban giai thich giup toi can lam gi de check in nhu the nao voi a,check_in_guide
Mình muốn biết điểm rèn luyện của tôi hiện đang là mấy nha bạn,training_score
Minh muon biet diem ren luyen cua toi hien dang la may nha ban,training_score
Mục thông báo trên trang chủ ở đâu,notification_help
Muc thong bao tren trang chu o dau,notification_help
Bạn cho tôi biết bị đánh dấu vắng thì xử lý sao ở đâu,absent_penalty
Ban cho toi biet bi danh dau vang thi xu ly sao o dau,absent_penalty
Tôi muốn hỏi tôi muốn xem phim ở đâu,unknown
Toi muon hoi toi muon xem phim o dau,unknown
Sắp tới trường có chương trình gì trong hệ thống,upcoming_activity
Sap toi truong co chuong trinh gi trong he thong,upcoming_activity
Tôi muốn hỏi bạn có thể làm thơ không trong hệ thống,unknown
Toi muon hoi ban co the lam tho khong trong he thong,unknown
Bạn cho tôi biết app có gửi thông báo không giúp tôi,notification_help
Ban cho toi biet app co gui thong bao khong giup toi,notification_help
Tôi cần xem tôi có hoạt động nào sắp diễn ra không được không ạ,upcoming_activity
Toi can xem toi co hoat dong nao sap dien ra khong duoc khong a,upcoming_activity
Từ chối điểm danh có trừ điểm không,absent_penalty
Tu choi diem danh co tru diem khong,absent_penalty
Làm ơn cho tôi biết bạn có thể trả lời tôi không trong app,greeting
Lam on cho toi biet ban co the tra loi toi khong trong app,greeting
Giúp tôi xem hi giúp tôi,greeting
Giup toi xem hi giup toi,greeting
Mình cần biết mở bản đồ như thế nào trên ITConnect nhé,map_help
Minh can biet mo ban do nhu the nao tren ITConnect nhe,map_help
Cho mình hỏi làm sao kiếm tiền online trên ITConnect,unknown
Cho minh hoi lam sao kiem tien online tren ITConnect,unknown
Mình muốn biết danh sách sự kiện sắp diễn ra được không,upcoming_activity
Minh muon biet danh sach su kien sap dien ra duoc khong,upcoming_activity
Hoạt động tôi đã chọn như thế nào,my_activities
Hoat dong toi da chon nhu the nao,my_activities
Admin từ chối minh chứng thì mất điểm à,absent_penalty
Admin tu choi minh chung thi mat diem a,absent_penalty
Cho tôi hỏi làm sao biết có hoạt động mới với,notification_help
Cho toi hoi lam sao biet co hoat dong moi voi,notification_help
Cho mình hỏi xem vị trí tổ chức hoạt động trên ITConnect,map_help
Cho minh hoi xem vi tri to chuc hoat dong tren ITConnect,map_help
Tôi muốn kiểm tra kết quả check in trên ITConnect,attendance_status
Toi muon kiem tra ket qua check in tren ITConnect,attendance_status
Em muốn hỏi hoạt động gần nhất là gì nha,upcoming_activity
Em muon hoi hoat dong gan nhat la gi nha,upcoming_activity
Tôi muốn hỏi cài đặt thông báo như thế nào trên ITConnect,notification_help
Toi muon hoi cai dat thong bao nhu the nao tren ITConnect,notification_help
Cho mình hỏi bản đồ campus mở ở đâu vậy,map_help
Cho minh hoi ban do campus mo o dau vay,map_help
Cho tôi xem trạng thái chờ duyệt của tôi giúp tôi,attendance_status
Cho toi xem trang thai cho duyet cua toi giup toi,attendance_status
Giúp tôi xem có hoạt động nào phù hợp để tham gia giúp tôi,upcoming_activity
Giup toi xem co hoat dong nao phu hop de tham gia giup toi,upcoming_activity
Bạn giải thích giúp tôi tham gia sự kiện nào ở đâu giúp tôi,my_activities
Ban giai thich giup toi tham gia su kien nao o dau giup toi,my_activities
Cho tôi hỏi tôi muốn báo lỗi điểm danh vậy nhé,feedback_help
Cho toi hoi toi muon bao loi diem danh vay nhe,feedback_help
Mình cần biết có hoạt động tình nguyện nào không trong hệ thống,upcoming_activity
Minh can biet co hoat dong tinh nguyen nao khong trong he thong,upcoming_activity
Tôi cần xem tôi đã đăng ký CLB nào,my_activities
Toi can xem toi da dang ky CLB nao,my_activities
Cho mình hỏi mấy giờ rồi trên ITConnect,unknown
Cho minh hoi may gio roi tren ITConnect,unknown
Cho mình hỏi sự kiện nào đang mở giúp tôi,upcoming_activity
Cho minh hoi su kien nao dang mo giup toi,upcoming_activity
Bạn cho tôi biết điểm danh đã được chốt chưa như thế nào,attendance_status
Ban cho toi biet diem danh da duoc chot chua nhu the nao,attendance_status
Mình muốn biết điểm danh của tôi đang ở trạng thái nào với,attendance_status
Minh muon biet diem danh cua toi dang o trang thai nao voi,attendance_status
Bạn giải thích giúp báo sự cố hoạt động giúp tôi,feedback_help
Ban giai thich giup bao su co hoat dong giup toi,feedback_help
Có thể cho tôi biết không tham gia chương trình đã đăng ký thì sao trong app,absent_penalty
Co the cho toi biet khong tham gia chuong trinh da dang ky thi sao trong app,absent_penalty
Cho tôi hỏi có sự kiện trong tuần sau không cho tôi,upcoming_activity
Cho toi hoi co su kien trong tuan sau khong cho toi,upcoming_activity
Hỏi chút là tôi muốn xem bản đồ trường trên ITConnect,map_help
Hoi chut la toi muon xem ban do truong tren ITConnect,map_help
Mình muốn biết có bản đồ khuôn viên không nhé nhé,map_help
Minh muon biet co ban do khuon vien khong nhe nhe,map_help
Bạn cho tôi biết chào buổi tối vậy,greeting
Ban cho toi biet chao buoi toi vay,greeting
Mục điểm danh nằm ở đâu,check_in_guide
Muc diem danh nam o dau,check_in_guide
Mình muốn biết nếu không check in thì bị gì hiện tại giúp mình,absent_penalty
Minh muon biet neu khong check in thi bi gi hien tai giup minh,absent_penalty
Bạn giải thích giúp tôi muốn xem bản đồ trường giúp tôi,map_help
Ban giai thich giup toi muon xem ban do truong giup toi,map_help
Bạn kiểm tra giúp điểm hiện tại của tôi là bao nhiêu được không,training_score
Ban kiem tra giup diem hien tai cua toi la bao nhieu duoc khong,training_score
Bạn giải thích giúp vắng hoạt động đã đăng ký có sao không giúp tôi ạ,absent_penalty
Ban giai thich giup vang hoat dong da dang ky co sao khong giup toi a,absent_penalty
Mình muốn biết điểm danh thất bại có bị trừ điểm không như thế nào,absent_penalty
Minh muon biet diem danh that bai co bi tru diem khong nhu the nao,absent_penalty
Cho tôi xem hoạt động CLB gần nhất là gì được không bạn,upcoming_activity
Cho toi xem hoat dong CLB gan nhat la gi duoc khong ban,upcoming_activity
Cho mình hỏi quên điểm danh có bị trừ không ở đâu,absent_penalty
Cho minh hoi quen diem danh co bi tru khong o dau,absent_penalty
Mình muốn biết tôi bị mất điểm không nha,training_score
Minh muon biet toi bi mat diem khong nha,training_score
Tôi muốn nghe tin tức,unknown
Toi muon nghe tin tuc,unknown
Tôi muốn đề xuất cải thiện app trong hệ thống,feedback_help
Toi muon de xuat cai thien app trong he thong,feedback_help
Cho mình hỏi quên điểm danh có bị trừ không vậy,absent_penalty
Cho minh hoi quen diem danh co bi tru khong vay,absent_penalty
Hỏi chút là cách đánh dấu đã đọc cho tôi,notification_help
Hoi chut la cach danh dau da doc cho toi,notification_help
Bạn cho tôi biết tư vấn mua laptop cho tôi,unknown
Ban cho toi biet tu van mua laptop cho toi,unknown
Cho tôi hỏi tôi muốn xem hoạt động của mình nha,my_activities
Cho toi hoi toi muon xem hoat dong cua minh nha,my_activities
Cho mình hỏi đường đi đến địa điểm hoạt động được không,map_help
Cho minh hoi duong di den dia diem hoat dong duoc khong,map_help
Báo lỗi ứng dụng,feedback_help
Bao loi ung dung,feedback_help
Mình muốn biết bị vắng có được cộng điểm không được không ạ,absent_penalty
Minh muon biet bi vang co duoc cong diem khong duoc khong a,absent_penalty
Bạn giải thích giúp chào buổi chiều được không,greeting
Ban giai thich giup chao buoi chieu duoc khong,greeting
Mình muốn biết tôi muốn bật thông báo giúp tôi,notification_help
Minh muon biet toi muon bat thong bao giup toi,notification_help
Tìm địa điểm trong trường được không ạ,map_help
Tim dia diem trong truong duoc khong a,map_help
Làm ơn cho tôi biết từ chối minh chứng mất mấy điểm trong app,absent_penalty
Lam on cho toi biet tu choi minh chung mat may diem trong app,absent_penalty
Giúp tôi xem danh sách sự kiện sắp diễn ra được không bạn,upcoming_activity
Giup toi xem danh sach su kien sap dien ra duoc khong ban,upcoming_activity
Mình cần biết tôi muốn xem điểm và xếp loại giúp tôi,training_score
Minh can biet toi muon xem diem va xep loai giup toi,training_score
Giúp tôi xem tôi muốn phản hồi về app hiện tại nhé,feedback_help
Giup toi xem toi muon phan hoi ve app hien tai nhe,feedback_help
Bạn giải thích giúp minh chứng sai thì có bị phạt không trong hệ thống,absent_penalty
Ban giai thich giup minh chung sai thi co bi phat khong trong he thong,absent_penalty
Có thể cho tôi biết mở scanner ở đâu trên ITConnect giúp mình,check_in_guide
Co the cho toi biet mo scanner o dau tren ITConnect giup minh,check_in_guide
Mình muốn biết mục điểm danh nằm ở đâu nhé,check_in_guide
Minh muon biet muc diem danh nam o dau nhe,check_in_guide
Mình muốn hỏi cách xem thông báo chưa đọc giúp tôi,notification_help
Minh muon hoi cach xem thong bao chua doc giup toi,notification_help
Bạn kiểm tra giúp điểm danh của tôi đang ở trạng thái nào giúp tôi,attendance_status
Ban kiem tra giup diem danh cua toi dang o trang thai nao giup toi,attendance_status
Bạn kiểm tra giúp tôi có thể chọn mã QR từ thư viện không trên ITConnect,check_in_guide
Ban kiem tra giup toi co the chon ma QR tu thu vien khong tren ITConnect,check_in_guide
Có thể cho tôi biết kiểm tra lịch tham gia của tôi cho tôi,my_activities
Co the cho toi biet kiem tra lich tham gia cua toi cho toi,my_activities
Bạn giải thích giúp làm sao biết có hoạt động mới nha,notification_help
Ban giai thich giup lam sao biet co hoat dong moi nha,notification_help
Có thể cho tôi biết cách nấu cơm hiện tại,unknown
Co the cho toi biet cach nau com hien tai,unknown
Bạn kiểm tra giúp điểm của tôi sau khi hoàn thành hoạt động được không ạ,training_score
Ban kiem tra giup diem cua toi sau khi hoan thanh hoat dong duoc khong a,training_score
Em cần xem tôi còn bao nhiêu điểm sau khi vắng trong hệ thống,training_score
Em can xem toi con bao nhieu diem sau khi vang trong he thong,training_score
Có thể cho tôi biết tư vấn mua điện thoại hiện tại,unknown
Co the cho toi biet tu van mua dien thoai hien tai,unknown
Vắng hoạt động bị trừ mấy điểm như thế nào,absent_penalty
Vang hoat dong bi tru may diem nhu the nao,absent_penalty
Cho mình hỏi vắng hoạt động đã đăng ký có sao không với,absent_penalty
Cho minh hoi vang hoat dong da dang ky co sao khong voi,absent_penalty
Tôi cần xem điểm hiện tại của tôi là bao nhiêu với,training_score
Toi can xem diem hien tai cua toi la bao nhieu voi,training_score
Mình cần biết gửi phản hồi cho admin được không ạ,feedback_help
Minh can biet gui phan hoi cho admin duoc khong a,feedback_help
Hỏi chút là hoạt động tôi đã chọn hiện tại,my_activities
Hoi chut la hoat dong toi da chon hien tai,my_activities
Tôi cần xem tôi muốn nghe tin tức,unknown
Toi can xem toi muon nghe tin tuc,unknown
Bạn cho tôi biết làm sao xem vị trí hội trường được không ạ,map_help
Ban cho toi biet lam sao xem vi tri hoi truong duoc khong a,map_help
Làm ơn cho tôi biết phản hồi thông tin sai ở đâu ở đâu,feedback_help
Lam on cho toi biet phan hoi thong tin sai o dau o dau,feedback_help
Tôi đã đăng ký hoạt động nào được không,my_activities
Toi da dang ky hoat dong nao duoc khong,my_activities
Tôi muốn hỏi trạng thái điểm danh của tôi cho tôi,attendance_status
Toi muon hoi trang thai diem danh cua toi cho toi,attendance_status
Kiểm tra lịch tham gia của tôi,my_activities
Kiem tra lich tham gia cua toi,my_activities
Tôi muốn hỏi mình cần trợ giúp nhé,greeting
Toi muon hoi minh can tro giup nhe,greeting
Làm ơn cho tôi biết tìm khu nhà trong trường vậy,map_help
Lam on cho toi biet tim khu nha trong truong vay,map_help
Mình muốn biết lịch hoạt động của tôi được không,my_activities
Minh muon biet lich hoat dong cua toi duoc khong,my_activities
Bạn giải thích giúp trạng thái minh chứng của tôi được không bạn,attendance_status
Ban giai thich giup trang thai minh chung cua toi duoc khong ban,attendance_status
Tôi muốn báo lỗi điểm danh,feedback_help
Toi muon bao loi diem danh,feedback_help
Bạn cho tôi biết tôi cần hỗ trợ tài khoản trong hệ thống,feedback_help
Ban cho toi biet toi can ho tro tai khoan trong he thong,feedback_help
Mình muốn biết bật tắt thông báo ở đâu như thế nào nhé,notification_help
Minh muon biet bat tat thong bao o dau nhu the nao nhe,notification_help
Giúp tôi xem bạn hỗ trợ gì được cho tôi được không ạ,greeting
Giup toi xem ban ho tro gi duoc cho toi duoc khong a,greeting
Điểm rèn luyện của học kỳ hiện tại nhé,training_score
Diem ren luyen cua hoc ky hien tai nhe,training_score
Cho tôi hỏi tìm địa điểm trong trường với,map_help
Cho toi hoi tim dia diem trong truong voi,map_help
Giúp tôi xem map trong ITConnect ở đâu vậy,map_help
Giup toi xem map trong ITConnect o dau vay,map_help
Làm ơn cho tôi biết tôi muốn gửi lời nhắn cho admin trong app,feedback_help
Lam on cho toi biet toi muon gui loi nhan cho admin trong app,feedback_help
Cho mình hỏi xin chào giúp tôi,greeting
Cho minh hoi xin chao giup toi,greeting
Cho tôi xem xem các hoạt động đã đăng ký giúp tôi giúp mình,my_activities
Cho toi xem xem cac hoat dong da dang ky giup toi giup minh,my_activities
Giúp tôi xem tìm vị trí phòng tổ chức ở đâu,map_help
Giup toi xem tim vi tri phong to chuc o dau,map_help
Cho mình hỏi vắng hoạt động đã đăng ký có sao không vậy,absent_penalty
Cho minh hoi vang hoat dong da dang ky co sao khong vay,absent_penalty
Có thể cho tôi biết cho tôi lịch bóng đá ở đâu,unknown
Co the cho toi biet cho toi lich bong da o dau,unknown
Cho mình hỏi mục góp ý nằm ở đâu hiện tại,feedback_help
Cho minh hoi muc gop y nam o dau hien tai,feedback_help
Tôi muốn hỏi tôi cần minh chứng gì khi điểm danh vậy giúp mình,check_in_guide
Toi muon hoi toi can minh chung gi khi diem danh vay giup minh,check_in_guide
Cho tôi xem tôi không thấy thông báo trong hệ thống,notification_help
Cho toi xem toi khong thay thong bao trong he thong,notification_help
Giúp tôi xem thông báo đã đọc xem lại ở đâu được không bạn,notification_help
Giup toi xem thong bao da doc xem lai o dau duoc khong ban,notification_help
Làm sao xem vị trí hội trường cho tôi,map_help
Lam sao xem vi tri hoi truong cho toi,map_help
Cho tôi xem vị trí hội trường xem ở đâu hiện tại,map_help
Cho toi xem vi tri hoi truong xem o dau hien tai,map_help
Làm ơn cho tôi biết điểm rèn luyện của học kỳ hiện tại giúp tôi bạn,training_score
Lam on cho toi biet diem ren luyen cua hoc ky hien tai giup toi ban,training_score
Mình cần biết cách xem thông báo nhé,notification_help
Minh can biet cach xem thong bao nhe,notification_help
Cho tôi hỏi tôi đã ghi danh hoạt động gì hiện tại,my_activities
Cho toi hoi toi da ghi danh hoat dong gi hien tai,my_activities
Mình muốn biết game nào hay giúp tôi nhé,unknown
Minh muon biet game nao hay giup toi nhe,unknown
Cho tôi hỏi thông báo của tôi ở đâu được không,notification_help
Cho toi hoi thong bao cua toi o dau duoc khong,notification_help
Bạn kiểm tra giúp cách nấu cơm như thế nào,unknown
Ban kiem tra giup cach nau com nhu the nao,unknown
Làm ơn cho tôi biết tôi muốn phản hồi về app được không ạ,feedback_help
Lam on cho toi biet toi muon phan hoi ve app duoc khong a,feedback_help
Cho tôi hỏi xin được hỗ trợ cho tôi,greeting
Cho toi hoi xin duoc ho tro cho toi,greeting
Mình cần biết hoạt động học thuật sắp tới được không,upcoming_activity
Minh can biet hoat dong hoc thuat sap toi duoc khong,upcoming_activity
Bạn cho tôi biết từ chối điểm danh có trừ điểm không nha giúp tôi,absent_penalty
Ban cho toi biet tu choi diem danh co tru diem khong nha giup toi,absent_penalty
Bạn cho tôi biết sự kiện nào đang mở được không ạ,upcoming_activity
Ban cho toi biet su kien nao dang mo duoc khong a,upcoming_activity
Bạn cho tôi biết tôi muốn tìm hội trường C nha với ạ,map_help
Ban cho toi biet toi muon tim hoi truong C nha voi a,map_help
Hỏi chút là ngày mai có hoạt động nào không nha,upcoming_activity
Hoi chut la ngay mai co hoat dong nao khong nha,upcoming_activity
Tôi cần xem tôi đăng ký seminar nào với,my_activities
Toi can xem toi dang ky seminar nao voi,my_activities
Giúp tôi xem tôi cần minh chứng gì khi điểm danh hiện tại,check_in_guide
Giup toi xem toi can minh chung gi khi diem danh hien tai,check_in_guide
Bạn cho tôi biết sau khi quét QR cần làm gì giúp tôi,check_in_guide
Ban cho toi biet sau khi quet QR can lam gi giup toi,check_in_guide
Làm ơn cho tôi biết admin từ chối minh chứng thì mất điểm à được không bạn,absent_penalty
Lam on cho toi biet admin tu choi minh chung thi mat diem a duoc khong ban,absent_penalty
Sau khi quét QR cần làm gì ở đâu,check_in_guide
Sau khi quet QR can lam gi o dau,check_in_guide
Mình muốn biết thông báo nằm ở đâu trong app,notification_help
Minh muon biet thong bao nam o dau trong app,notification_help
Hoạt động của tôi có gì,my_activities
Hoat dong cua toi co gi,my_activities
Cách quay video minh chứng với,check_in_guide
Cach quay video minh chung voi,check_in_guide
Hoạt động nào đang mở đăng ký được không,upcoming_activity
Hoat dong nao dang mo dang ky duoc khong,upcoming_activity
Cho tôi hỏi kiểm tra điểm rèn luyện giúp tôi,training_score
Cho toi hoi kiem tra diem ren luyen giup toi,training_score
Hỏi chút là tôi có đạt loại xuất sắc không trên ITConnect,training_score
Hoi chut la toi co dat loai xuat sac khong tren ITConnect,training_score
Bạn giải thích giúp cách xác nhận tham gia hoạt động ở đâu,check_in_guide
Ban giai thich giup cach xac nhan tham gia hoat dong o dau,check_in_guide
Mình cần biết minh chứng sai thì có bị phạt không trong hệ thống,absent_penalty
Minh can biet minh chung sai thi co bi phat khong trong he thong,absent_penalty
Cho mình hỏi cho tôi xem hoạt động của tôi được không bạn,my_activities
Cho minh hoi cho toi xem hoat dong cua toi duoc khong ban,my_activities
Bạn giải thích giúp tôi đã ghi danh hoạt động gì được không,my_activities
Ban giai thich giup toi da ghi danh hoat dong gi duoc khong,my_activities
Mình cần biết tắt nhắc nhở hoạt động như thế nào với,notification_help
Minh can biet tat nhac nho hoat dong nhu the nao voi,notification_help
Xem điểm hoạt động của tôi,training_score
Xem diem hoat dong cua toi,training_score
Hỏi chút là làm sao gửi yêu cầu hỗ trợ được không,feedback_help
Hoi chut la lam sao gui yeu cau ho tro duoc khong,feedback_help
Có thể cho tôi biết hoạt động tôi đã chọn nha nha,my_activities
Co the cho toi biet hoat dong toi da chon nha nha,my_activities
Cho tôi hỏi vắng bị trừ 6 điểm phải không được không ạ,absent_penalty
Cho toi hoi vang bi tru 6 diem phai khong duoc khong a,absent_penalty
Tôi muốn hỏi tôi muốn xem hoạt động mới nhất ở đâu,upcoming_activity
Toi muon hoi toi muon xem hoat dong moi nhat o dau,upcoming_activity
Mình cần biết tôi đăng ký workshop nào như thế nào,my_activities
Minh can biet toi dang ky workshop nao nhu the nao,my_activities
Tôi cần xem không tham gia có bị trừ 6 điểm không cho tôi giúp mình,absent_penalty
Toi can xem khong tham gia co bi tru 6 diem khong cho toi giup minh,absent_penalty
Tôi muốn hỏi tôi bị trừ bao nhiêu điểm được không ạ,training_score
Toi muon hoi toi bi tru bao nhieu diem duoc khong a,training_score
Bạn cho tôi biết cách đánh dấu đã đọc cho tôi,notification_help
Ban cho toi biet cach danh dau da doc cho toi,notification_help
Hỏi chút là mục điểm danh nằm ở đâu ở đâu,check_in_guide
Hoi chut la muc diem danh nam o dau o dau,check_in_guide
Chào trợ lý ITConnect nhé,greeting
Chao tro ly ITConnect nhe,greeting
Hỏi chút là bạn có thể dịch tiếng Anh không được không,unknown
Hoi chut la ban co the dich tieng Anh khong duoc khong,unknown
Tìm đường đến hội trường như thế nào,map_help
Tim duong den hoi truong nhu the nao,map_help
Cho tôi hỏi làm sao nhận tin tức quan trọng được không bạn,notification_help
Cho toi hoi lam sao nhan tin tuc quan trong duoc khong ban,notification_help
Tui cần xem cho tôi hỏi chút vậy,greeting
Tui can xem cho toi hoi chut vay,greeting
Tôi muốn hỏi xem minh chứng đã duyệt vậy,attendance_status
Toi muon hoi xem minh chung da duyet vay,attendance_status
Tôi muốn bật thông báo,notification_help
Toi muon bat thong bao,notification_help
Bạn kiểm tra giúp tôi muốn đặt đồ ăn trên ITConnect,unknown
Ban kiem tra giup toi muon dat do an tren ITConnect,unknown
Mình muốn biết gửi ý kiến cho quản trị viên nhé,feedback_help
Minh muon biet gui y kien cho quan tri vien nhe,feedback_help
Cách đánh dấu đã đọc giúp tôi,notification_help
Cach danh dau da doc giup toi,notification_help
Bạn kiểm tra giúp chụp ảnh đẹp như thế nào trong hệ thống,unknown
Ban kiem tra giup chup anh dep nhu the nao trong he thong,unknown
Giúp tôi xem tôi không thấy thông báo trên ITConnect,notification_help
Giup toi xem toi khong thay thong bao tren ITConnect,notification_help
Bạn kiểm tra giúp bị đánh dấu vắng thì xử lý sao ở đâu,absent_penalty
Ban kiem tra giup bi danh dau vang thi xu ly sao o dau,absent_penalty
Giúp tôi xem cách nấu cơm nhé,unknown
Giup toi xem cach nau com nhe,unknown
Mình muốn biết báo lỗi không hiện hoạt động được không,feedback_help
Minh muon biet bao loi khong hien hoat dong duoc khong,feedback_help
Tui cần xem tại sao có chấm đỏ thông báo ở đâu với ạ,notification_help
Tui can xem tai sao co cham do thong bao o dau voi a,notification_help
Bạn cho tôi biết tôi bị từ chối điểm danh chưa hiện tại,attendance_status
Ban cho toi biet toi bi tu choi diem danh chua hien tai,attendance_status
Làm ơn cho tôi biết bạn có thể làm toán không nhé,unknown
Lam on cho toi biet ban co the lam toan khong nhe,unknown
Hỏi chút là tôi có thể chọn mã QR từ thư viện không cho tôi bạn,check_in_guide
Hoi chut la toi co the chon ma QR tu thu vien khong cho toi ban,check_in_guide
Giúp tôi xem tôi muốn xem hoạt động mới nhất được không,upcoming_activity
Giup toi xem toi muon xem hoat dong moi nhat duoc khong,upcoming_activity
Tôi muốn xem hoạt động của mình,my_activities
Toi muon xem hoat dong cua minh,my_activities
Tôi cần xem bạn hỗ trợ gì được cho tôi được không,greeting
Toi can xem ban ho tro gi duoc cho toi duoc khong,greeting
Giúp tôi xem chào buổi sáng trong app,greeting
Giup toi xem chao buoi sang trong app,greeting
Cho tôi xem minh chứng đang ở đâu ở đâu,attendance_status
Cho toi xem minh chung dang o dau o dau,attendance_status
Cho mình hỏi tôi đã gửi minh chứng chưa giúp tôi,attendance_status
Cho minh hoi toi da gui minh chung chua giup toi,attendance_status
Bạn giải thích giúp game nào hay được không ạ,unknown
Ban giai thich giup game nao hay duoc khong a,unknown
Tôi có được cộng điểm hoạt động chưa,attendance_status
Toi co duoc cong diem hoat dong chua,attendance_status
Bạn kiểm tra giúp tôi muốn kiểm tra thông báo hiện tại,notification_help
Ban kiem tra giup toi muon kiem tra thong bao hien tai,notification_help
Hỏi chút là bị vắng thì mất bao nhiêu điểm hiện tại,absent_penalty
Hoi chut la bi vang thi mat bao nhieu diem hien tai,absent_penalty
Cho tôi hỏi không quét QR có bị trừ điểm không trên ITConnect,absent_penalty
Cho toi hoi khong quet QR co bi tru diem khong tren ITConnect,absent_penalty
Cho mình hỏi có seminar nào sắp tới không trên ITConnect,upcoming_activity
Cho minh hoi co seminar nao sap toi khong tren ITConnect,upcoming_activity
Cho mình hỏi hoạt động nào đang mở đăng ký giúp tôi,upcoming_activity
Cho minh hoi hoat dong nao dang mo dang ky giup toi,upcoming_activity
Mình cần biết tìm đường đến hội trường nhé,map_help
Minh can biet tim duong den hoi truong nhe,map_help
Mình cần biết quét QR đã được chốt chưa giúp tôi,attendance_status
Minh can biet quet QR da duoc chot chua giup toi,attendance_status
Cho mình hỏi điểm danh bằng điện thoại ra sao như thế nào,check_in_guide
Cho minh hoi diem danh bang dien thoai ra sao nhu the nao,check_in_guide
Làm ơn cho tôi biết làm sao nhận tin tức quan trọng trong hệ thống,notification_help
Lam on cho toi biet lam sao nhan tin tuc quan trong trong he thong,notification_help
Bạn giải thích giúp điểm rèn luyện hiện tại thế nào hiện tại,training_score
Ban giai thich giup diem ren luyen hien tai the nao hien tai,training_score
Bạn cho tôi biết tôi muốn gửi ảnh minh chứng nha nhé,check_in_guide
Ban cho toi biet toi muon gui anh minh chung nha nhe,check_in_guide
Tôi muốn hỏi có hoạt động nào hôm nay không như thế nào,upcoming_activity
Toi muon hoi co hoat dong nao hom nay khong nhu the nao,upcoming_activity
Bạn cho tôi biết phản hồi thông tin sai ở đâu được không ạ,feedback_help
Ban cho toi biet phan hoi thong tin sai o dau duoc khong a,feedback_help
Tôi muốn hỏi tôi cần làm gì để check in với,check_in_guide
Toi muon hoi toi can lam gi de check in voi,check_in_guide
Bạn cho tôi biết bạn có thể làm thơ không giúp tôi,unknown
Ban cho toi biet ban co the lam tho khong giup toi,unknown
Mình cần biết admin đã duyệt minh chứng chưa được không bạn,attendance_status
Minh can biet admin da duyet minh chung chua duoc khong ban,attendance_status
Cho tôi xem alo chatbot,greeting
Cho toi xem alo chatbot,greeting
Cho tôi hỏi minh chứng sai thì có bị phạt không trong hệ thống,absent_penalty
Cho toi hoi minh chung sai thi co bi phat khong trong he thong,absent_penalty
Cho tôi hỏi thông báo hoạt động sắp diễn ra ở đâu được không ạ,notification_help
Cho toi hoi thong bao hoat dong sap dien ra o dau duoc khong a,notification_help
Tôi cần xem điểm rèn luyện có bị trừ không nhé giúp tôi,training_score
Toi can xem diem ren luyen co bi tru khong nhe giup toi,training_score
Cho mình hỏi điểm rèn luyện HK này thế nào cho tôi,training_score
Cho minh hoi diem ren luyen HK nay the nao cho toi,training_score
Điểm rèn luyện có bị trừ không được không,training_score
Diem ren luyen co bi tru khong duoc khong,training_score
Cho tôi xem điểm danh QR ở đâu giúp tôi,check_in_guide
Cho toi xem diem danh QR o dau giup toi,check_in_guide
Giúp tôi xem sau khi quét QR cần làm gì vậy,check_in_guide
Giup toi xem sau khi quet QR can lam gi vay,check_in_guide
Minh chứng của tôi đang chờ duyệt không,attendance_status
Minh chung cua toi dang cho duyet khong,attendance_status
Bạn cho tôi biết điểm rèn luyện có tối đa bao nhiêu cho tôi nhé,training_score
Ban cho toi biet diem ren luyen co toi da bao nhieu cho toi nhe,training_score
Làm ơn cho tôi biết báo sự cố hoạt động như thế nào,feedback_help
Lam on cho toi biet bao su co hoat dong nhu the nao,feedback_help
Cho mình hỏi báo sự cố hoạt động trong hệ thống,feedback_help
Cho minh hoi bao su co hoat dong trong he thong,feedback_help
Giúp tôi xem điểm rèn luyện có bị trừ không trong hệ thống giúp tôi,training_score
Giup toi xem diem ren luyen co bi tru khong trong he thong giup toi,training_score
Bạn kiểm tra giúp cách đọc tất cả thông báo trong app bạn,notification_help
Ban kiem tra giup cach doc tat ca thong bao trong app ban,notification_help
Cho tôi hỏi tôi có đang chờ xử lý không trong app,attendance_status
Cho toi hoi toi co dang cho xu ly khong trong app,attendance_status
Cho tôi xem tôi muốn đề xuất cải thiện app như thế nào,feedback_help
Cho toi xem toi muon de xuat cai thien app nhu the nao,feedback_help
Có thể cho tôi biết tôi không thấy thông báo vậy,notification_help
Co the cho toi biet toi khong thay thong bao vay,notification_help
Cho tôi hỏi báo lỗi ứng dụng,feedback_help
Cho toi hoi bao loi ung dung,feedback_help
Mình cần trợ giúp,greeting
Minh can tro giup,greeting
Tìm thư viện trong app,map_help
Tim thu vien trong app,map_help
Giúp tôi xem hệ thống có nhắc điểm danh không như thế nào,notification_help
Giup toi xem he thong co nhac diem danh khong nhu the nao,notification_help
Bạn giải thích giúp tìm hoạt động sắp diễn ra trong app,upcoming_activity
Ban giai thich giup tim hoat dong sap dien ra trong app,upcoming_activity
Cho mình hỏi bật tắt thông báo ở đâu được không bạn,notification_help
Cho minh hoi bat tat thong bao o dau duoc khong ban,notification_help
Bạn giải thích giúp điểm rèn luyện bị trừ khi nào vậy,absent_penalty
Ban giai thich giup diem ren luyen bi tru khi nao vay,absent_penalty
Cho tôi xem cách xem thông báo được không ạ,notification_help
Cho toi xem cach xem thong bao duoc khong a,notification_help
Cho tôi hỏi app bị lỗi thì báo ở đâu vậy,feedback_help
Cho toi hoi app bi loi thi bao o dau vay,feedback_help
Cho tôi xem báo lỗi minh chứng ở đâu trên ITConnect,feedback_help
Cho toi xem bao loi minh chung o dau tren ITConnect,feedback_help
Cho mình hỏi có ai hỗ trợ không nha,greeting
Cho minh hoi co ai ho tro khong nha,greeting
Cho tôi xem điểm học kỳ này của tôi bao nhiêu trong hệ thống,training_score
Cho toi xem diem hoc ky nay cua toi bao nhieu trong he thong,training_score
Cho tôi xem hướng dẫn điểm danh giúp tôi,check_in_guide
Cho toi xem huong dan diem danh giup toi,check_in_guide
Mấy giờ rồi,unknown
May gio roi,unknown
Tôi muốn hỏi sau khi quét QR cần làm gì hiện tại,check_in_guide
Toi muon hoi sau khi quet QR can lam gi hien tai,check_in_guide
Bạn kiểm tra giúp tôi muốn báo lỗi điểm danh nhé,feedback_help
Ban kiem tra giup toi muon bao loi diem danh nhe,feedback_help
Giúp tôi xem làm sao đến sân trường được không,map_help
Giup toi xem lam sao den san truong duoc khong,map_help
Tôi muốn hỏi tôi đã ghi danh hoạt động gì trong hệ thống giúp mình,my_activities
Toi muon hoi toi da ghi danh hoat dong gi trong he thong giup minh,my_activities
Bạn giải thích giúp tôi đang có bao nhiêu điểm ở đâu,training_score
Ban giai thich giup toi dang co bao nhieu diem o dau,training_score
Bạn kiểm tra giúp điểm học kỳ này của tôi bao nhiêu được không bạn,training_score
Ban kiem tra giup diem hoc ky nay cua toi bao nhieu duoc khong ban,training_score
Giúp tôi xem xin chào ITConnect trên ITConnect,greeting
Giup toi xem xin chao ITConnect tren ITConnect,greeting
Xem các hoạt động đã đăng ký như thế nào,my_activities
Xem cac hoat dong da dang ky nhu the nao,my_activities
Cho mình hỏi tắt nhắc nhở hoạt động như thế nào hiện tại,notification_help
Cho minh hoi tat nhac nho hoat dong nhu the nao hien tai,notification_help
Bạn giải thích giúp chào chatbot hiện tại,greeting
Ban giai thich giup chao chatbot hien tai,greeting
Làm ơn cho tôi biết hello giúp tôi,greeting
Lam on cho toi biet hello giup toi,greeting
Hỏi chút là không check in có bị trừ điểm không như thế nào,absent_penalty
Hoi chut la khong check in co bi tru diem khong nhu the nao,absent_penalty
Tui cần xem tư vấn mua laptop giúp tôi,unknown
Tui can xem tu van mua laptop giup toi,unknown
Cho tôi xem cách quét mã QR điểm danh giúp tôi,check_in_guide
Cho toi xem cach quet ma QR diem danh giup toi,check_in_guide
Cho tôi xem tư vấn mua laptop nhé,unknown
Cho toi xem tu van mua laptop nhe,unknown
Hỏi chút là vắng hoạt động đã đăng ký có sao không như thế nào,absent_penalty
Hoi chut la vang hoat dong da dang ky co sao khong nhu the nao,absent_penalty
Có thể cho tôi biết điểm rèn luyện của học kỳ hiện tại hiện tại,training_score
Co the cho toi biet diem ren luyen cua hoc ky hien tai hien tai,training_score
Bạn cho tôi biết báo lỗi ứng dụng vậy,feedback_help
Ban cho toi biet bao loi ung dung vay,feedback_help
Cho tôi xem xin chào nha,greeting
Cho toi xem xin chao nha,greeting
Mình cần biết bị đánh dấu vắng thì xử lý sao,absent_penalty
Minh can biet bi danh dau vang thi xu ly sao,absent_penalty
Bạn giải thích giúp game nào hay cho tôi nha,unknown
Ban giai thich giup game nao hay cho toi nha,unknown
Làm ơn cho tôi biết làm sao nhận tin tức quan trọng nhé bạn,notification_help
Lam on cho toi biet lam sao nhan tin tuc quan trong nhe ban,notification_help
Tôi cần xem tôi phải check in như thế nào được không bạn,check_in_guide
Toi can xem toi phai check in nhu the nao duoc khong ban,check_in_guide
Cho tôi xem tuần này có hoạt động nào không được không,upcoming_activity
Cho toi xem tuan nay co hoat dong nao khong duoc khong,upcoming_activity
Cho tôi xem xem các hoạt động đã đăng ký nha,my_activities
Cho toi xem xem cac hoat dong da dang ky nha,my_activities
Mình muốn biết chào bạn trên ITConnect,greeting
Minh muon biet chao ban tren ITConnect,greeting
Bạn giải thích giúp tôi cần minh chứng gì khi điểm danh nha,check_in_guide
Ban giai thich giup toi can minh chung gi khi diem danh nha,check_in_guide
Giúp tôi xem tìm vị trí phòng tổ chức trong hệ thống,map_help
Giup toi xem tim vi tri phong to chuc trong he thong,map_help
Có thể cho tôi biết kiểm tra hoạt động đã đăng ký được không,my_activities
Co the cho toi biet kiem tra hoat dong da dang ky duoc khong,my_activities
Bạn giải thích giúp vắng hoạt động đã đăng ký có sao không trong app giúp tôi,absent_penalty
Ban giai thich giup vang hoat dong da dang ky co sao khong trong app giup toi,absent_penalty
Hỏi chút là minh chứng không hợp lệ có bị trừ điểm không với,absent_penalty
Hoi chut la minh chung khong hop le co bi tru diem khong voi,absent_penalty
Giúp tôi xem địa điểm workshop ở đâu nha,map_help
Giup toi xem dia diem workshop o dau nha,map_help
Tôi cần xem hoạt động nào gần nhất cho tôi,upcoming_activity
Toi can xem hoat dong nao gan nhat cho toi,upcoming_activity
Cho mình hỏi tuần này có hoạt động nào không trong hệ thống,upcoming_activity
Cho minh hoi tuan nay co hoat dong nao khong trong he thong,upcoming_activity
Làm ơn cho tôi biết tôi cần liên hệ khoa được không bạn,feedback_help
Lam on cho toi biet toi can lien he khoa duoc khong ban,feedback_help
Bạn giải thích giúp tôi muốn báo lỗi thông báo nhé,feedback_help
Ban giai thich giup toi muon bao loi thong bao nhe,feedback_help
Cho tôi xem hướng dẫn check in hoạt động cho tôi,check_in_guide
Cho toi xem huong dan check in hoat dong cho toi,check_in_guide
Tôi muốn hỏi tình trạng điểm danh của tôi là gì được không bạn,attendance_status
Toi muon hoi tinh trang diem danh cua toi la gi duoc khong ban,attendance_status
Bạn cho tôi biết có seminar nào sắp tới không giúp tôi bạn,upcoming_activity
Ban cho toi biet co seminar nao sap toi khong giup toi ban,upcoming_activity
Giúp tôi xem cài đặt thông báo như thế nào như thế nào,notification_help
Giup toi xem cai dat thong bao nhu the nao nhu the nao,notification_help
Tôi cần hỗ trợ tài khoản,feedback_help
Toi can ho tro tai khoan,feedback_help
Hỏi chút là vắng thì bị trừ bao nhiêu điểm,absent_penalty
Hoi chut la vang thi bi tru bao nhieu diem,absent_penalty
Cho mình hỏi hoạt động gần đây có gì hiện tại,upcoming_activity
Cho minh hoi hoat dong gan day co gi hien tai,upcoming_activity
Mình cần biết tôi cần làm gì để check in được không ạ,check_in_guide
Minh can biet toi can lam gi de check in duoc khong a,check_in_guide
Cho tôi hỏi alo bạn ơi được không bạn,greeting
Cho toi hoi alo ban oi duoc khong ban,greeting
Có thể cho tôi biết danh sách hoạt động sắp tới ở đâu,upcoming_activity
Co the cho toi biet danh sach hoat dong sap toi o dau,upcoming_activity
Có thể cho tôi biết admin đã duyệt minh chứng chưa nhé,attendance_status
Co the cho toi biet admin da duyet minh chung chua nhe,attendance_status
Hôm nay ăn gì vậy,unknown
Hom nay an gi vay,unknown
Bạn kiểm tra giúp bản đồ ở đâu trong app,map_help
Ban kiem tra giup ban do o dau trong app,map_help
Mình muốn biết điểm rèn luyện có tối đa bao nhiêu được không bạn,training_score
Minh muon biet diem ren luyen co toi da bao nhieu duoc khong ban,training_score
Hướng dẫn check in hoạt động,check_in_guide
Huong dan check in hoat dong,check_in_guide
Mình muốn biết tôi muốn góp ý giao diện giúp tôi,feedback_help
Minh muon biet toi muon gop y giao dien giup toi,feedback_help
Tôi cần xem tôi đăng ký workshop nào trong app,my_activities
Toi can xem toi dang ky workshop nao trong app,my_activities
Bạn cho tôi biết bạn biết nấu ăn không hiện tại,unknown
Ban cho toi biet ban biet nau an khong hien tai,unknown
Làm ơn cho tôi biết chào buổi chiều được không,greeting
Lam on cho toi biet chao buoi chieu duoc khong,greeting
Tôi muốn hỏi bạn hỗ trợ sinh viên đúng không ở đâu,greeting
Toi muon hoi ban ho tro sinh vien dung khong o dau,greeting
Tôi bị từ chối có được cộng điểm không,absent_penalty
Toi bi tu choi co duoc cong diem khong,absent_penalty
Bạn cho tôi biết cách báo lỗi hệ thống với,feedback_help
Ban cho toi biet cach bao loi he thong voi,feedback_help
Mình muốn biết tôi có đạt loại tốt không ở đâu,training_score
Minh muon biet toi co dat loai tot khong o dau,training_score
Có thể cho tôi biết tôi được duyệt hoạt động nào trong app,attendance_status
Co the cho toi biet toi duoc duyet hoat dong nao trong app,attendance_status
Hỏi chút là tôi đăng ký seminar nào được không,my_activities
Hoi chut la toi dang ky seminar nao duoc khong,my_activities
Hỏi chút là tôi có lịch chương trình không trong hệ thống bạn,my_activities
Hoi chut la toi co lich chuong trinh khong trong he thong ban,my_activities
Cho tôi xem sự kiện nào đang mở như thế nào,upcoming_activity
Cho toi xem su kien nao dang mo nhu the nao,upcoming_activity
Tôi muốn nhận nhắc nhở hoạt động,notification_help
Toi muon nhan nhac nho hoat dong,notification_help
Điểm rèn luyện có bị trừ không,training_score
Diem ren luyen co bi tru khong,training_score
Có hoạt động mới không,upcoming_activity
Co hoat dong moi khong,upcoming_activity
Tui muốn hỏi hoạt động CLB gần nhất là gì trong app,upcoming_activity
Tui muon hoi hoat dong CLB gan nhat la gi trong app,upcoming_activity
Cho tôi xem tư vấn mua điện thoại bạn,unknown
Cho toi xem tu van mua dien thoai ban,unknown
Có thể cho tôi biết ngày mai có hoạt động nào không ở đâu,upcoming_activity
Co the cho toi biet ngay mai co hoat dong nao khong o dau,upcoming_activity
Mình muốn biết có hoạt động nào sắp tới không được không ạ giúp tôi,upcoming_activity
Minh muon biet co hoat dong nao sap toi khong duoc khong a giup toi,upcoming_activity
Bạn kiểm tra giúp cách gửi góp ý cho tôi,feedback_help
Ban kiem tra giup cach gui gop y cho toi,feedback_help
Tôi đang có bao nhiêu điểm trong app,training_score
Toi dang co bao nhieu diem trong app,training_score
Hỏi chút là tôi đăng ký seminar nào ở đâu,my_activities
Hoi chut la toi dang ky seminar nao o dau,my_activities
Hỏi chút là cách hoàn tất điểm danh được không ạ,check_in_guide
Hoi chut la cach hoan tat diem danh duoc khong a,check_in_guide
Bạn giải thích giúp danh sách đăng ký của tôi hiện tại,my_activities
Ban giai thich giup danh sach dang ky cua toi hien tai,my_activities
Tôi cần xem nhắc nhở hoạt động ở đâu ở đâu,notification_help
Toi can xem nhac nho hoat dong o dau o dau,notification_help
Hỏi chút là có sự kiện nào phù hợp để tham gia được không ạ,upcoming_activity
Hoi chut la co su kien nao phu hop de tham gia duoc khong a,upcoming_activity
Hỏi chút là vắng thì bị trừ bao nhiêu điểm cho tôi,absent_penalty
Hoi chut la vang thi bi tru bao nhieu diem cho toi,absent_penalty
Bạn kiểm tra giúp điểm học kỳ này của tôi bao nhiêu hiện tại,training_score
Ban kiem tra giup diem hoc ky nay cua toi bao nhieu hien tai,training_score
Mình muốn biết tôi cần minh chứng gì khi điểm danh được không,check_in_guide
Minh muon biet toi can minh chung gi khi diem danh duoc khong,check_in_guide
Điểm danh của tôi có hợp lệ không,attendance_status
Diem danh cua toi co hop le khong,attendance_status
Tôi muốn hỏi bị vắng một hoạt động thì trừ bao nhiêu,absent_penalty
Toi muon hoi bi vang mot hoat dong thi tru bao nhieu,absent_penalty
Đường đi đến địa điểm hoạt động,map_help
Duong di den dia diem hoat dong,map_help
Bạn kiểm tra giúp kiểm tra hoạt động đã đăng ký được không,my_activities
Ban kiem tra giup kiem tra hoat dong da dang ky duoc khong,my_activities
Mình cần biết danh sách đăng ký của tôi được không ạ,my_activities
Minh can biet danh sach dang ky cua toi duoc khong a,my_activities
Cho tôi xem tôi có thể chọn mã QR từ thư viện không với,check_in_guide
Cho toi xem toi co the chon ma QR tu thu vien khong voi,check_in_guide
Cho tôi xem điểm sau khi bị từ chối minh chứng hiện tại giúp tôi,training_score
Cho toi xem diem sau khi bi tu choi minh chung hien tai giup toi,training_score
Giúp tôi xem hoạt động nào đang mở đăng ký giúp tôi,upcoming_activity
Giup toi xem hoat dong nao dang mo dang ky giup toi,upcoming_activity
Làm ơn cho tôi biết xem các hoạt động đã đăng ký nhé nhé,my_activities
Lam on cho toi biet xem cac hoat dong da dang ky nhe nhe,my_activities
Tôi cần xem hoạt động học thuật sắp tới được không bạn,upcoming_activity
Toi can xem hoat dong hoc thuat sap toi duoc khong ban,upcoming_activity
Bạn cho tôi biết tôi muốn gửi lời nhắn cho admin trong hệ thống,feedback_help
Ban cho toi biet toi muon gui loi nhan cho admin trong he thong,feedback_help
Bạn giải thích giúp tôi đã điểm danh chưa trong hệ thống,attendance_status
Ban giai thich giup toi da diem danh chua trong he thong,attendance_status
Tôi muốn hỏi không điểm danh có bị trừ điểm không được không,absent_penalty
Toi muon hoi khong diem danh co bi tru diem khong duoc khong,absent_penalty
Làm ơn cho tôi biết map trong ITConnect ở đâu như thế nào,map_help
Lam on cho toi biet map trong ITConnect o dau nhu the nao,map_help
Bạn có yêu tôi không,unknown
Ban co yeu toi khong,unknown
Mình cần biết tôi muốn xem điểm và xếp loại được không bạn,training_score
Minh can biet toi muon xem diem va xep loai duoc khong ban,training_score
Bạn cho tôi biết tìm đường đến hội trường nhé,map_help
Ban cho toi biet tim duong den hoi truong nhe,map_help
Các hoạt động trong tài khoản của tôi,my_activities
Cac hoat dong trong tai khoan cua toi,my_activities
Giúp tôi xem tôi cần chỉ đường trong trường trong app,map_help
Giup toi xem toi can chi duong trong truong trong app,map_help
Giúp tôi xem vắng bị trừ 6 điểm phải không hiện tại,absent_penalty
Giup toi xem vang bi tru 6 diem phai khong hien tai,absent_penalty
Mình cần biết chào trợ lý được không bạn,greeting
Minh can biet chao tro ly duoc khong ban,greeting
Tôi cần hỏi nhanh,greeting
Toi can hoi nhanh,greeting
Tôi cần xem tôi muốn biết loại rèn luyện trong hệ thống,training_score
Toi can xem toi muon biet loai ren luyen trong he thong,training_score
Cho mình hỏi điểm của tôi sau khi hoàn thành hoạt động trong app,training_score
Cho minh hoi diem cua toi sau khi hoan thanh hoat dong trong app,training_score
Có ai hỗ trợ không,greeting
Co ai ho tro khong,greeting
Tôi muốn hỏi trạng thái check in của tôi được không,attendance_status
Toi muon hoi trang thai check in cua toi duoc khong,attendance_status
Mình muốn hỏi tìm khu nhà trong trường được không,map_help
Minh muon hoi tim khu nha trong truong duoc khong,map_help
Tôi muốn hỏi tôi có đang chờ xử lý không trong hệ thống bạn,attendance_status
Toi muon hoi toi co dang cho xu ly khong trong he thong ban,attendance_status
Khi nào bị trừ điểm hoạt động,absent_penalty
Khi nao bi tru diem hoat dong,absent_penalty
Hỏi chút là bị từ chối điểm danh thì sao được không ạ giúp mình,absent_penalty
Hoi chut la bi tu choi diem danh thi sao duoc khong a giup minh,absent_penalty
Cho tôi hỏi cách xem thông báo chưa đọc giúp tôi,notification_help
Cho toi hoi cach xem thong bao chua doc giup toi,notification_help
Bạn cho tôi biết làm sao kiếm tiền online cho tôi,unknown
Ban cho toi biet lam sao kiem tien online cho toi,unknown
Mình cần biết bị từ chối điểm danh thì sao nha,absent_penalty
Minh can biet bi tu choi diem danh thi sao nha,absent_penalty
Mình cần xem có hoạt động trong tuần sau không được không,upcoming_activity
Minh can xem co hoat dong trong tuan sau khong duoc khong,upcoming_activity
Có thể cho tôi biết điểm danh thất bại có bị trừ điểm không trong app,absent_penalty
Co the cho toi biet diem danh that bai co bi tru diem khong trong app,absent_penalty
Tư vấn mua laptop,unknown
Tu van mua laptop,unknown
Có thể cho tôi biết tôi phải check in như thế nào hiện tại,check_in_guide
Co the cho toi biet toi phai check in nhu the nao hien tai,check_in_guide
Cho tôi xem tôi muốn xem tin quan trọng như thế nào bạn,notification_help
Cho toi xem toi muon xem tin quan trong nhu the nao ban,notification_help
Bạn giải thích giúp sự kiện nào đang mở,upcoming_activity
Ban giai thich giup su kien nao dang mo,upcoming_activity
Hỏi chút là có ai hỗ trợ không trong app,greeting
Hoi chut la co ai ho tro khong trong app,greeting
Bạn kiểm tra giúp điểm hiện tại của tôi là bao nhiêu ở đâu,training_score
Ban kiem tra giup diem hien tai cua toi la bao nhieu o dau,training_score
Bạn cho tôi biết báo lỗi không hiện hoạt động nhé,feedback_help
Ban cho toi biet bao loi khong hien hoat dong nhe,feedback_help
Bạn cho tôi biết hoạt động tôi đã ghi danh giúp tôi,my_activities
Ban cho toi biet hoat dong toi da ghi danh giup toi,my_activities
Cho mình hỏi tôi muốn dùng chatbot ở đâu,greeting
Cho minh hoi toi muon dung chatbot o dau,greeting
Bạn kiểm tra giúp cách tìm phòng học trong hệ thống,map_help
Ban kiem tra giup cach tim phong hoc trong he thong,map_help
Tui muốn hỏi vắng hoạt động bị trừ mấy điểm nhé,absent_penalty
Tui muon hoi vang hoat dong bi tru may diem nhe,absent_penalty
Cho mình hỏi thông báo của tôi ở đâu với,notification_help
Cho minh hoi thong bao cua toi o dau voi,notification_help
Có thể cho tôi biết tôi cần liên hệ khoa giúp tôi,feedback_help
Co the cho toi biet toi can lien he khoa giup toi,feedback_help
Tôi cần xem hoạt động của tôi có gì nhé,my_activities
Toi can xem hoat dong cua toi co gi nhe,my_activities
Mấy giờ rồi nha,unknown
May gio roi nha,unknown
Cho mình hỏi điểm danh của tôi có hợp lệ không cho tôi,attendance_status
Cho minh hoi diem danh cua toi co hop le khong cho toi,attendance_status
Cho tôi hỏi liên hệ admin như thế nào trong hệ thống,feedback_help
Cho toi hoi lien he admin nhu the nao trong he thong,feedback_help
Cho tôi hỏi tôi muốn mở thông báo ở đâu,notification_help
Cho toi hoi toi muon mo thong bao o dau,notification_help
Những hoạt động còn mở đăng ký,upcoming_activity
Nhung hoat dong con mo dang ky,upcoming_activity
Tui cần xem tôi đã đăng ký những chương trình nào nhé,my_activities
Tui can xem toi da dang ky nhung chuong trinh nao nhe,my_activities
Giúp tôi xem danh sách sự kiện sắp diễn ra trong hệ thống,upcoming_activity
Giup toi xem danh sach su kien sap dien ra trong he thong,upcoming_activity
Hỏi chút là alo chatbot trong hệ thống,greeting
Hoi chut la alo chatbot trong he thong,greeting
Cho tôi hỏi thông báo đã đọc xem lại ở đâu ở đâu,notification_help
Cho toi hoi thong bao da doc xem lai o dau o dau,notification_help
Bạn kiểm tra giúp bạn có thể dịch tiếng Anh không được không ạ bạn,unknown
Ban kiem tra giup ban co the dich tieng Anh khong duoc khong a ban,unknown
Thông báo quan trọng nằm ở đâu,notification_help
Thong bao quan trong nam o dau,notification_help
Có thể cho tôi biết tôi có đạt loại khá không được không ạ,training_score
Co the cho toi biet toi co dat loai kha khong duoc khong a,training_score
Hỏi chút là tôi muốn góp ý giao diện ở đâu,feedback_help
Hoi chut la toi muon gop y giao dien o dau,feedback_help
Cho mình hỏi kiểm tra điểm rèn luyện giúp tôi trong app,training_score
Cho minh hoi kiem tra diem ren luyen giup toi trong app,training_score
Cho mình hỏi tư vấn mua điện thoại trên ITConnect,unknown
Cho minh hoi tu van mua dien thoai tren ITConnect,unknown
Tôi cần xem điểm của tôi sau khi hoàn thành hoạt động hiện tại ạ,training_score
Toi can xem diem cua toi sau khi hoan thanh hoat dong hien tai a,training_score
Vắng bị trừ 6 điểm phải không,absent_penalty
Vang bi tru 6 diem phai khong,absent_penalty
Tìm khu nhà trong trường,map_help
Tim khu nha trong truong,map_help
Cho tôi xem chào hệ thống được không bạn,greeting
Cho toi xem chao he thong duoc khong ban,greeting
Em cần xem admin đã duyệt minh chứng chưa trong hệ thống,attendance_status
Em can xem admin da duyet minh chung chua trong he thong,attendance_status
Mình cần biết mình cần trợ giúp ở đâu với ạ,greeting
Minh can biet minh can tro giup o dau voi a,greeting
Cho mình hỏi điểm rèn luyện của tôi hiện đang là mấy ở đâu nha,training_score
Cho minh hoi diem ren luyen cua toi hien dang la may o dau nha,training_score
Mình cần biết cách gửi nội dung phản ánh trong app,feedback_help
Minh can biet cach gui noi dung phan anh trong app,feedback_help
Cho tôi xem sắp tới trường có chương trình gì với giúp tôi,upcoming_activity
Cho toi xem sap toi truong co chuong trinh gi voi giup toi,upcoming_activity
Làm sao xem vị trí hội trường,map_help
Lam sao xem vi tri hoi truong,map_help
Mình cần biết bài hát nào hay giúp tôi ạ,unknown
Minh can biet bai hat nao hay giup toi a,unknown
Cho tôi hỏi mục góp ý nằm ở đâu giúp tôi,feedback_help
Cho toi hoi muc gop y nam o dau giup toi,feedback_help
Mình muốn biết xem hoạt động theo học kỳ của tôi được không ạ,my_activities
Minh muon biet xem hoat dong theo hoc ky cua toi duoc khong a,my_activities
Tôi cần xem vắng thì bị trừ bao nhiêu điểm được không,absent_penalty
Toi can xem vang thi bi tru bao nhieu diem duoc khong,absent_penalty
Bạn kiểm tra giúp minh chứng đang ở đâu vậy,attendance_status
Ban kiem tra giup minh chung dang o dau vay,attendance_status
Cho tôi hỏi mục góp ý nằm ở đâu hiện tại,feedback_help
Cho toi hoi muc gop y nam o dau hien tai,feedback_help
Tôi muốn hỏi vắng hoạt động đã đăng ký có sao không cho tôi,absent_penalty
Toi muon hoi vang hoat dong da dang ky co sao khong cho toi,absent_penalty
Hỏi chút là bị vắng một hoạt động thì trừ bao nhiêu được không ạ,absent_penalty
Hoi chut la bi vang mot hoat dong thi tru bao nhieu duoc khong a,absent_penalty
Cho tôi xem kể chuyện cười đi hiện tại,unknown
Cho toi xem ke chuyen cuoi di hien tai,unknown
Làm ơn cho tôi biết điểm rèn luyện có tối đa bao nhiêu như thế nào,training_score
Lam on cho toi biet diem ren luyen co toi da bao nhieu nhu the nao,training_score
Bạn kiểm tra giúp tôi không biết cách điểm danh trong app,check_in_guide
Ban kiem tra giup toi khong biet cach diem danh trong app,check_in_guide
Bạn giải thích giúp làm sao đến sân trường vậy,map_help
Ban giai thich giup lam sao den san truong vay,map_help
Cho tôi hỏi tôi đã ghi danh hoạt động gì được không ạ,my_activities
Cho toi hoi toi da ghi danh hoat dong gi duoc khong a,my_activities
Làm ơn cho tôi biết hoạt động gần đây có gì hiện tại,upcoming_activity
Lam on cho toi biet hoat dong gan day co gi hien tai,upcoming_activity
Mình muốn biết tôi muốn kiểm tra kết quả check in trong hệ thống,attendance_status
Minh muon biet toi muon kiem tra ket qua check in trong he thong,attendance_status
Mình cần biết bạn có thể trả lời tôi không trong hệ thống,greeting
Minh can biet ban co the tra loi toi khong trong he thong,greeting
Cho tôi hỏi bản đồ trường mở thế nào trên ITConnect bạn,map_help
Cho toi hoi ban do truong mo the nao tren ITConnect ban,map_help
Giúp tôi xem làm sao biết có hoạt động mới,notification_help
Giup toi xem lam sao biet co hoat dong moi,notification_help
Bạn kiểm tra giúp tuần này có hoạt động nào không nhé,upcoming_activity
Ban kiem tra giup tuan nay co hoat dong nao khong nhe,upcoming_activity
Hỏi chút là cách gửi minh chứng điểm danh,check_in_guide
Hoi chut la cach gui minh chung diem danh,check_in_guide
Cho mình hỏi bạn hỗ trợ sinh viên đúng không vậy,greeting
Cho minh hoi ban ho tro sinh vien dung khong vay,greeting
Bạn cho tôi biết điểm danh QR ở đâu cho tôi,check_in_guide
Ban cho toi biet diem danh QR o dau cho toi,check_in_guide
Hoạt động tôi đã chọn được không bạn,my_activities
Hoat dong toi da chon duoc khong ban,my_activities
Hỏi chút là admin đã duyệt minh chứng chưa nha,attendance_status
Hoi chut la admin da duyet minh chung chua nha,attendance_status
Giúp tôi xem mở bản đồ như thế nào nha,map_help
Giup toi xem mo ban do nhu the nao nha,map_help
Tôi cần xem xem điểm hoạt động của tôi nhé,training_score
Toi can xem xem diem hoat dong cua toi nhe,training_score
Mình muốn biết tôi cần hỗ trợ giúp tôi,greeting
Minh muon biet toi can ho tro giup toi,greeting
Cho tôi hỏi hoạt động gần đây có gì ở đâu,upcoming_activity
Cho toi hoi hoat dong gan day co gi o dau,upcoming_activity
Tôi cần liên hệ khoa,feedback_help
Toi can lien he khoa,feedback_help
Giúp tôi xem báo sự cố hoạt động với,feedback_help
Giup toi xem bao su co hoat dong voi,feedback_help
Giúp tôi xem tôi muốn xem tin quan trọng nhé,notification_help
Giup toi xem toi muon xem tin quan trong nhe,notification_help
Chào chatbot được không bạn,greeting
Chao chatbot duoc khong ban,greeting
Mình cần biết map trong ITConnect ở đâu ở đâu,map_help
Minh can biet map trong ITConnect o dau o dau,map_help
Tôi cần xem tôi muốn hỏi thông tin cho tôi,greeting
Toi can xem toi muon hoi thong tin cho toi,greeting
Có thể cho tôi biết tôi muốn dùng chatbot ở đâu,greeting
Co the cho toi biet toi muon dung chatbot o dau,greeting
Bạn giải thích giúp tôi được duyệt hoạt động nào được không ạ,attendance_status
Ban giai thich giup toi duoc duyet hoat dong nao duoc khong a,attendance_status
Tôi cần xem có ai hỗ trợ không nha,greeting
Toi can xem co ai ho tro khong nha,greeting
Bạn cho tôi biết tôi cần hỗ trợ trong app,greeting
Ban cho toi biet toi can ho tro trong app,greeting
Làm ơn cho tôi biết tôi muốn bật thông báo vậy,notification_help
Lam on cho toi biet toi muon bat thong bao vay,notification_help
Cách sử dụng mã QR để điểm danh trong hệ thống,check_in_guide
Cach su dung ma QR de diem danh trong he thong,check_in_guide
Có thể cho tôi biết liên hệ admin như thế nào nha,feedback_help
Co the cho toi biet lien he admin nhu the nao nha,feedback_help
Cho tôi xem hoạt động gần nhất là gì được không ạ,upcoming_activity
Cho toi xem hoat dong gan nhat la gi duoc khong a,upcoming_activity
Bạn cho tôi biết danh sách sự kiện sắp diễn ra ở đâu,upcoming_activity
Ban cho toi biet danh sach su kien sap dien ra o dau,upcoming_activity
Có thể cho tôi biết xếp loại rèn luyện của tôi là gì nhé,training_score
Co the cho toi biet xep loai ren luyen cua toi la gi nhe,training_score
Bạn cho tôi biết điểm danh của tôi đang ở trạng thái nào vậy,attendance_status
Ban cho toi biet diem danh cua toi dang o trang thai nao vay,attendance_status
Mình muốn biết kiểm tra hoạt động đã đăng ký nha,my_activities
Minh muon biet kiem tra hoat dong da dang ky nha,my_activities
Cho tôi xem gửi ý kiến cho quản trị viên trong app,feedback_help
Cho toi xem gui y kien cho quan tri vien trong app,feedback_help
Làm ơn cho tôi biết danh sách hoạt động tôi đăng ký ở đâu,my_activities
Lam on cho toi biet danh sach hoat dong toi dang ky o dau,my_activities
Hỏi chút là tôi muốn xem bản đồ trường vậy,map_help
Hoi chut la toi muon xem ban do truong vay,map_help
Hỏi chút là tôi có đạt loại khá không với,training_score
Hoi chut la toi co dat loai kha khong voi,training_score
Bạn kiểm tra giúp cách hoàn tất điểm danh được không,check_in_guide
Ban kiem tra giup cach hoan tat diem danh duoc khong,check_in_guide
Làm ơn cho tôi biết chào hệ thống vậy,greeting
Lam on cho toi biet chao he thong vay,greeting
Bạn cho tôi biết cách xác nhận tham gia chương trình nhé bạn,check_in_guide
Ban cho toi biet cach xac nhan tham gia chuong trinh nhe ban,check_in_guide
Bạn cho tôi biết cách hoàn tất điểm danh ở đâu,check_in_guide
Ban cho toi biet cach hoan tat diem danh o dau,check_in_guide
Mình muốn biết từ chối minh chứng mất mấy điểm nhé,absent_penalty
Minh muon biet tu choi minh chung mat may diem nhe,absent_penalty
Hỏi chút là làm sao xem vị trí hội trường trong hệ thống,map_help
Hoi chut la lam sao xem vi tri hoi truong trong he thong,map_help
Tôi tham gia hoạt động nào,my_activities
Toi tham gia hoat dong nao,my_activities
Mình muốn biết tôi buồn quá trên ITConnect,unknown
Minh muon biet toi buon qua tren ITConnect,unknown
Bạn kiểm tra giúp gửi phản hồi cho admin ở đâu,feedback_help
Ban kiem tra giup gui phan hoi cho admin o dau,feedback_help
Hỏi chút là có hoạt động tháng này không được không,upcoming_activity
Hoi chut la co hoat dong thang nay khong duoc khong,upcoming_activity
Cho mình hỏi làm sao gửi yêu cầu hỗ trợ cho tôi,feedback_help
Cho minh hoi lam sao gui yeu cau ho tro cho toi,feedback_help
Bạn kiểm tra giúp cách tìm phòng học nhé,map_help
Ban kiem tra giup cach tim phong hoc nhe,map_help
Tôi đã điểm danh chưa,attendance_status
Toi da diem danh chua,attendance_status
Hỏi chút là tôi muốn báo lỗi đăng ký hoạt động trong hệ thống,feedback_help
Hoi chut la toi muon bao loi dang ky hoat dong trong he thong,feedback_help
Kể chuyện ma đi,unknown
Ke chuyen ma di,unknown
Bị đánh dấu vắng thì xử lý sao,absent_penalty
Bi danh dau vang thi xu ly sao,absent_penalty
Hỏi chút là tôi muốn hỏi về ứng dụng nha,greeting
Hoi chut la toi muon hoi ve ung dung nha,greeting
Mình cần biết cách xem thông báo chưa đọc,notification_help
Minh can biet cach xem thong bao chua doc,notification_help
Mình cần biết tôi không thấy thông báo trong app,notification_help
Minh can biet toi khong thay thong bao trong app,notification_help
Bạn cho tôi biết cách quay video minh chứng trong app,check_in_guide
Ban cho toi biet cach quay video minh chung trong app,check_in_guide
Làm ơn cho tôi biết điểm rèn luyện HK này thế nào được không,training_score
Lam on cho toi biet diem ren luyen HK nay the nao duoc khong,training_score
Tôi cần xem tôi có bị vắng không nha,attendance_status
Toi can xem toi co bi vang khong nha,attendance_status
Bạn giải thích giúp tôi muốn xem vị trí hoạt động được không ạ,map_help
Ban giai thich giup toi muon xem vi tri hoat dong duoc khong a,map_help
Bạn cho tôi biết làm sao bật camera điểm danh nhé,check_in_guide
Ban cho toi biet lam sao bat camera diem danh nhe,check_in_guide
Hỏi chút là trạng thái minh chứng của tôi với,attendance_status
Hoi chut la trang thai minh chung cua toi voi,attendance_status
Bạn giải thích giúp bạn có yêu tôi không trên ITConnect,unknown
Ban giai thich giup ban co yeu toi khong tren ITConnect,unknown
Tôi muốn hỏi kiểm tra hoạt động đã đăng ký nhé,my_activities
Toi muon hoi kiem tra hoat dong da dang ky nhe,my_activities
Cho tôi hỏi tôi đăng ký seminar nào trong hệ thống,my_activities
Cho toi hoi toi dang ky seminar nao trong he thong,my_activities
Tôi có những hoạt động nào,my_activities
Toi co nhung hoat dong nao,my_activities
Cho tôi xem vắng hoạt động bị trừ mấy điểm,absent_penalty
Cho toi xem vang hoat dong bi tru may diem,absent_penalty
Cho tôi hỏi không tham gia sau khi đăng ký thì sao được không,absent_penalty
Cho toi hoi khong tham gia sau khi dang ky thi sao duoc khong,absent_penalty
Cho mình hỏi tôi đã hoàn thành điểm danh chưa được không,attendance_status
Cho minh hoi toi da hoan thanh diem danh chua duoc khong,attendance_status
Mình muốn biết bị vắng thì mất bao nhiêu điểm trên ITConnect,absent_penalty
Minh muon biet bi vang thi mat bao nhieu diem tren ITConnect,absent_penalty
Cho tôi xem sắp tới có sự kiện gì vậy,upcoming_activity
Cho toi xem sap toi co su kien gi vay,upcoming_activity
Mình cần biết điểm học kỳ này của tôi bao nhiêu trong hệ thống,training_score
Minh can biet diem hoc ky nay cua toi bao nhieu trong he thong,training_score
Cho mình hỏi tôi không biết địa điểm hoạt động vậy,map_help
Cho minh hoi toi khong biet dia diem hoat dong vay,map_help
Có thể cho tôi biết gửi ý kiến cho quản trị viên như thế nào,feedback_help
Co the cho toi biet gui y kien cho quan tri vien nhu the nao,feedback_help
Mình cần biết tôi đang chờ duyệt phải không được không với ạ,attendance_status
Minh can biet toi dang cho duyet phai khong duoc khong voi a,attendance_status
Cho tôi xem alo bạn ơi,greeting
Cho toi xem alo ban oi,greeting
Bạn cho tôi biết tôi bị từ chối hoạt động nào được không,attendance_status
Ban cho toi biet toi bi tu choi hoat dong nao duoc khong,attendance_status
Mình cần xem có workshop nào sắp diễn ra không vậy,upcoming_activity
Minh can xem co workshop nao sap dien ra khong vay,upcoming_activity
Em cần xem tôi cần liên hệ khoa,feedback_help
Em can xem toi can lien he khoa,feedback_help
Hỏi chút là tôi muốn xem hoạt động của mình ở đâu,my_activities
Hoi chut la toi muon xem hoat dong cua minh o dau,my_activities
Không gửi minh chứng có bị vắng không,absent_penalty
Khong gui minh chung co bi vang khong,absent_penalty
Tôi có thể đăng ký hoạt động nào,upcoming_activity
Toi co the dang ky hoat dong nao,upcoming_activity
Tui cần xem tôi muốn báo lỗi thông báo được không bạn,feedback_help
Tui can xem toi muon bao loi thong bao duoc khong ban,feedback_help
Bạn kiểm tra giúp làm sao quét mã điểm danh trong app,check_in_guide
Ban kiem tra giup lam sao quet ma diem danh trong app,check_in_guide
Cho tôi hỏi chụp ảnh đẹp như thế nào với giúp tôi,unknown
Cho toi hoi chup anh dep nhu the nao voi giup toi,unknown
Tôi muốn hỏi tôi muốn tìm hội trường C giúp tôi,map_help
Toi muon hoi toi muon tim hoi truong C giup toi,map_help
Làm ơn cho tôi biết xin chào ITConnect như thế nào,greeting
Lam on cho toi biet xin chao ITConnect nhu the nao,greeting
Có thể cho tôi biết bị vắng thì mất bao nhiêu điểm cho tôi bạn,absent_penalty
Co the cho toi biet bi vang thi mat bao nhieu diem cho toi ban,absent_penalty
Làm ơn cho tôi biết tôi không thấy thông báo nhé,notification_help
Lam on cho toi biet toi khong thay thong bao nhe,notification_help
Tôi cần xem trạng thái điểm danh của tôi được không bạn,attendance_status
Toi can xem trang thai diem danh cua toi duoc khong ban,attendance_status
Tôi đã tham gia những hoạt động gì,my_activities
Toi da tham gia nhung hoat dong gi,my_activities
Cho tôi xem không gửi minh chứng có bị vắng không giúp tôi,absent_penalty
Cho toi xem khong gui minh chung co bi vang khong giup toi,absent_penalty
Tôi muốn gửi ảnh minh chứng cho tôi nhé,check_in_guide
Toi muon gui anh minh chung cho toi nhe,check_in_guide
Giúp tôi xem bạn là ai giúp tôi,greeting
Giup toi xem ban la ai giup toi,greeting
Bạn cho tôi biết điểm rèn luyện có bị trừ không,training_score
Ban cho toi biet diem ren luyen co bi tru khong,training_score
Cho mình hỏi các hoạt động tôi đang tham gia được không bạn,my_activities
Cho minh hoi cac hoat dong toi dang tham gia duoc khong ban,my_activities
Mình cần biết hello nha,greeting
Minh can biet hello nha,greeting
Điểm rèn luyện HK này thế nào,training_score
Diem ren luyen HK nay the nao,training_score
Bạn kiểm tra giúp tổng điểm rèn luyện của tôi là mấy hiện tại,training_score
Ban kiem tra giup tong diem ren luyen cua toi la may hien tai,training_score
Mình muốn biết có hoạt động nào hôm nay không trên ITConnect,upcoming_activity
Minh muon biet co hoat dong nao hom nay khong tren ITConnect,upcoming_activity
Mình cần biết điểm danh thất bại có bị trừ điểm không giúp tôi giúp tôi,absent_penalty
Minh can biet diem danh that bai co bi tru diem khong giup toi giup toi,absent_penalty
Cho tôi xem phản hồi thông tin sai ở đâu giúp tôi,feedback_help
Cho toi xem phan hoi thong tin sai o dau giup toi,feedback_help
Cho mình hỏi danh sách hoạt động đang nhận đăng ký được không ạ,upcoming_activity
Cho minh hoi danh sach hoat dong dang nhan dang ky duoc khong a,upcoming_activity
Mình cần biết cách xem thông báo vậy,notification_help
Minh can biet cach xem thong bao vay,notification_help
Có thể cho tôi biết tôi muốn tắt thông báo,notification_help
Co the cho toi biet toi muon tat thong bao,notification_help
Hỏi chút là tôi có hoạt động nào chưa xử lý không hiện tại ạ,attendance_status
Hoi chut la toi co hoat dong nao chua xu ly khong hien tai a,attendance_status
Hỏi chút là cho xem hoạt động trong học kỳ này với giúp mình,my_activities
Hoi chut la cho xem hoat dong trong hoc ky nay voi giup minh,my_activities
Bạn kiểm tra giúp bạn có biết bóng đá không trong hệ thống,unknown
Ban kiem tra giup ban co biet bong da khong trong he thong,unknown
Bạn cho tôi biết vắng bị trừ 6 điểm phải không được không ạ,absent_penalty
Ban cho toi biet vang bi tru 6 diem phai khong duoc khong a,absent_penalty
Tôi cần xem xếp loại rèn luyện của tôi là gì giúp tôi,training_score
Toi can xem xep loai ren luyen cua toi la gi giup toi,training_score
Bạn kiểm tra giúp app có gửi thông báo không như thế nào nha,notification_help
Ban kiem tra giup app co gui thong bao khong nhu the nao nha,notification_help
Bạn kiểm tra giúp điểm rèn luyện của tôi hiện đang là mấy được không,training_score
Ban kiem tra giup diem ren luyen cua toi hien dang la may duoc khong,training_score
Bạn kiểm tra giúp thông báo hoạt động mới xem ở đâu trong app,notification_help
Ban kiem tra giup thong bao hoat dong moi xem o dau trong app,notification_help
Điểm danh của tôi có hợp lệ không giúp tôi,attendance_status
Diem danh cua toi co hop le khong giup toi,attendance_status
Mình cần biết hoạt động nào đang mở đăng ký như thế nào,upcoming_activity
Minh can biet hoat dong nao dang mo dang ky nhu the nao,upcoming_activity
Tôi muốn hỏi thông báo nằm ở đâu như thế nào,notification_help
Toi muon hoi thong bao nam o dau nhu the nao,notification_help
Game nào hay,unknown
Game nao hay,unknown
Hỏi chút là kiểm tra hoạt động đã đăng ký nha,my_activities
Hoi chut la kiem tra hoat dong da dang ky nha,my_activities
Tôi cần xem có hoạt động tình nguyện nào không ở đâu,upcoming_activity
Toi can xem co hoat dong tinh nguyen nao khong o dau,upcoming_activity
Địa điểm hoạt động nằm ở đâu trong hệ thống,map_help
Dia diem hoat dong nam o dau trong he thong,map_help
Tôi có bị tụt xếp loại không,training_score
Toi co bi tut xep loai khong,training_score
Hỏi chút là tôi muốn xem phim cho tôi,unknown
Hoi chut la toi muon xem phim cho toi,unknown
Bạn giải thích giúp tôi bị từ chối điểm danh chưa cho tôi,attendance_status
Ban giai thich giup toi bi tu choi diem danh chua cho toi,attendance_status
Tôi đã tham gia những hoạt động gì được không ạ,my_activities
Toi da tham gia nhung hoat dong gi duoc khong a,my_activities
Tôi muốn hỏi tôi được xếp loại gì được không bạn,training_score
Toi muon hoi toi duoc xep loai gi duoc khong ban,training_score
Hỏi chút là tôi muốn xem hoạt động mới nhất cho tôi,upcoming_activity
Hoi chut la toi muon xem hoat dong moi nhat cho toi,upcoming_activity
Bạn kiểm tra giúp hoạt động này tôi đã check in chưa cho tôi,attendance_status
Ban kiem tra giup hoat dong nay toi da check in chua cho toi,attendance_status
Bạn cho tôi biết điểm hiện tại của tôi là bao nhiêu giúp tôi,training_score
Ban cho toi biet diem hien tai cua toi la bao nhieu giup toi,training_score
Bạn cho tôi biết điểm rèn luyện tính như thế nào được không bạn,training_score
Ban cho toi biet diem ren luyen tinh nhu the nao duoc khong ban,training_score
Giúp tôi xem tôi đã hoàn thành điểm danh chưa cho tôi,attendance_status
Giup toi xem toi da hoan thanh diem danh chua cho toi,attendance_status
Bạn kiểm tra giúp làm sao bật camera điểm danh với,check_in_guide
Ban kiem tra giup lam sao bat camera diem danh voi,check_in_guide
Bạn giải thích giúp những hoạt động còn mở đăng ký vậy,upcoming_activity
Ban giai thich giup nhung hoat dong con mo dang ky vay,upcoming_activity
Điểm danh của tôi có hợp lệ không được không,attendance_status
Diem danh cua toi co hop le khong duoc khong,attendance_status
Thông báo hoạt động sắp diễn ra ở đâu,notification_help
Thong bao hoat dong sap dien ra o dau,notification_help
Mình muốn biết làm sao quét mã điểm danh trong app,check_in_guide
Minh muon biet lam sao quet ma diem danh trong app,check_in_guide
Bạn kiểm tra giúp tôi được xếp loại gì trong hệ thống,training_score
Ban kiem tra giup toi duoc xep loai gi trong he thong,training_score
Cho mình hỏi tôi cần gửi hỗ trợ được không bạn,feedback_help
Cho minh hoi toi can gui ho tro duoc khong ban,feedback_help
Bạn giải thích giúp tìm thư viện trong app cho tôi,map_help
Ban giai thich giup tim thu vien trong app cho toi,map_help
Có thể cho tôi biết tìm khu nhà trong trường nhé,map_help
Co the cho toi biet tim khu nha trong truong nhe,map_help
Mình muốn biết danh sách hoạt động sắp tới nha,upcoming_activity
Minh muon biet danh sach hoat dong sap toi nha,upcoming_activity
Tôi không thấy thông báo,notification_help
Toi khong thay thong bao,notification_help
Có thể cho tôi biết bản đồ có chỉ vị trí không được không ạ nha,map_help
Co the cho toi biet ban do co chi vi tri khong duoc khong a nha,map_help
Tôi cần xem bản đồ trường mở thế nào nha ạ,map_help
Toi can xem ban do truong mo the nao nha a,map_help
Hỏi chút là tôi bị mất điểm không được không ạ,training_score
Hoi chut la toi bi mat diem khong duoc khong a,training_score
Giúp tôi xem có ai hỗ trợ không,greeting
Giup toi xem co ai ho tro khong,greeting
Cách bật nhắc nhở trước hoạt động,notification_help
Cach bat nhac nho truoc hoat dong,notification_help
Hỏi chút là có thể chọn ảnh QR để điểm danh không trong app,check_in_guide
Hoi chut la co the chon anh QR de diem danh khong trong app,check_in_guide
Có thể cho tôi biết tôi muốn mở thông báo nha,notification_help
Co the cho toi biet toi muon mo thong bao nha,notification_help
Mình cần biết hướng dẫn check in như thế nào,check_in_guide
Minh can biet huong dan check in nhu the nao,check_in_guide
Bản đồ trường mở thế nào,map_help
Ban do truong mo the nao,map_help
Cho tôi xem sự kiện nào đang mở nha,upcoming_activity
Cho toi xem su kien nao dang mo nha,upcoming_activity
Mình muốn biết bạn hỗ trợ sinh viên đúng không hiện tại,greeting
Minh muon biet ban ho tro sinh vien dung khong hien tai,greeting
Chào hệ thống,greeting
Chao he thong,greeting
Cho tôi xem cách bật nhắc nhở trước hoạt động trong hệ thống,notification_help
Cho toi xem cach bat nhac nho truoc hoat dong trong he thong,notification_help
Cho tôi hỏi tôi có sự kiện nào chưa xử lý không nha,attendance_status
Cho toi hoi toi co su kien nao chua xu ly khong nha,attendance_status
Cho mình hỏi admin đã duyệt minh chứng chưa với,attendance_status
Cho minh hoi admin da duyet minh chung chua voi,attendance_status
Cho mình hỏi tôi muốn dùng chatbot vậy nha,greeting
Cho minh hoi toi muon dung chatbot vay nha,greeting
Tôi muốn hỏi mục bản đồ trong app nằm đâu trên ITConnect,map_help
Toi muon hoi muc ban do trong app nam dau tren ITConnect,map_help
Cho tôi hỏi có chương trình nào sắp tới không trong app,upcoming_activity
Cho toi hoi co chuong trinh nao sap toi khong trong app,upcoming_activity
Bạn giải thích giúp tôi đang chờ duyệt phải không được không,attendance_status
Ban giai thich giup toi dang cho duyet phai khong duoc khong,attendance_status
Cho mình hỏi app có gửi thông báo không trong hệ thống nhé,notification_help
Cho minh hoi app co gui thong bao khong trong he thong nhe,notification_help
Cho mình hỏi sau khi quét QR cần làm gì,check_in_guide
Cho minh hoi sau khi quet QR can lam gi,check_in_guide
Giúp tôi xem tắt nhắc nhở hoạt động như thế nào được không bạn,notification_help
Giup toi xem tat nhac nho hoat dong nhu the nao duoc khong ban,notification_help
Bạn giải thích giúp bài hát nào hay giúp tôi,unknown
Ban giai thich giup bai hat nao hay giup toi,unknown
Bạn giải thích giúp cách gửi nội dung phản ánh ở đâu,feedback_help
Ban giai thich giup cach gui noi dung phan anh o dau,feedback_help
Có thể cho tôi biết bản đồ trường mở thế nào được không,map_help
Co the cho toi biet ban do truong mo the nao duoc khong,map_help
Mình muốn biết minh chứng sai thì có bị phạt không nhé,absent_penalty
Minh muon biet minh chung sai thi co bi phat khong nhe,absent_penalty
Hỏi chút là bạn có ở đó không,greeting
Hoi chut la ban co o do khong,greeting
Mình cần biết danh sách chương trình sắp tới nhé,upcoming_activity
Minh can biet danh sach chuong trinh sap toi nhe,upcoming_activity
Cho tôi hỏi chào buổi chiều với,greeting
Cho toi hoi chao buoi chieu voi,greeting
Cho tôi xem chụp ảnh đẹp như thế nào với,unknown
Cho toi xem chup anh dep nhu the nao voi,unknown
Cho mình hỏi điểm danh của tôi đang ở trạng thái nào ở đâu,attendance_status
Cho minh hoi diem danh cua toi dang o trang thai nao o dau,attendance_status
Cho tôi hỏi tìm thư viện trong app được không ạ bạn,map_help
Cho toi hoi tim thu vien trong app duoc khong a ban,map_help
Có thể cho tôi biết bản đồ campus mở ở đâu với,map_help
Co the cho toi biet ban do campus mo o dau voi,map_help
Có hoạt động trong tuần sau không,upcoming_activity
Co hoat dong trong tuan sau khong,upcoming_activity
Cho mình hỏi điểm phạt vắng là bao nhiêu được không bạn,absent_penalty
Cho minh hoi diem phat vang la bao nhieu duoc khong ban,absent_penalty
Bạn kiểm tra giúp điểm danh thất bại có bị trừ điểm không hiện tại,absent_penalty
Ban kiem tra giup diem danh that bai co bi tru diem khong hien tai,absent_penalty
Mình cần biết tôi muốn hỏi thông tin ở đâu bạn,greeting
Minh can biet toi muon hoi thong tin o dau ban,greeting
Mình cần biết hoạt động nào đang mở đăng ký hiện tại,upcoming_activity
Minh can biet hoat dong nao dang mo dang ky hien tai,upcoming_activity
Làm ơn cho tôi biết tôi có bị tụt xếp loại không nha nha,training_score
Lam on cho toi biet toi co bi tut xep loai khong nha nha,training_score
Có thể cho tôi biết chatbot ơi nhé,greeting
Co the cho toi biet chatbot oi nhe,greeting
Bị vắng thì mất bao nhiêu điểm,absent_penalty
Bi vang thi mat bao nhieu diem,absent_penalty
Bạn giải thích giúp tôi muốn góp ý được không ạ,feedback_help
Ban giai thich giup toi muon gop y duoc khong a,feedback_help
Bị đánh dấu vắng thì xử lý sao ở đâu giúp mình,absent_penalty
Bi danh dau vang thi xu ly sao o dau giup minh,absent_penalty
Bạn hỗ trợ gì được cho tôi,greeting
Ban ho tro gi duoc cho toi,greeting
Cho tôi hỏi tìm thư viện trong app nha,map_help
Cho toi hoi tim thu vien trong app nha,map_help
Cho tôi xem tôi cần hỗ trợ giúp tôi,greeting
Cho toi xem toi can ho tro giup toi,greeting
Điểm rèn luyện có tối đa bao nhiêu nhé,training_score
Diem ren luyen co toi da bao nhieu nhe,training_score
Bạn giải thích giúp tôi đã đăng ký CLB nào được không ạ,my_activities
Ban giai thich giup toi da dang ky CLB nao duoc khong a,my_activities
Bạn giải thích giúp khi nào bị trừ điểm hoạt động trong hệ thống,absent_penalty
Ban giai thich giup khi nao bi tru diem hoat dong trong he thong,absent_penalty
Làm ơn cho tôi biết hoạt động gần đây có gì vậy,upcoming_activity
Lam on cho toi biet hoat dong gan day co gi vay,upcoming_activity
Tôi muốn hỏi điểm danh bằng điện thoại ra sao trong hệ thống,check_in_guide
Toi muon hoi diem danh bang dien thoai ra sao trong he thong,check_in_guide
Mình muốn biết mục hoạt động của tôi ở đâu ở đâu,my_activities
Minh muon biet muc hoat dong cua toi o dau o dau,my_activities
Làm sao biết có hoạt động mới,notification_help
Lam sao biet co hoat dong moi,notification_help
Cho tôi xem hướng dẫn điểm danh trên ITConnect,check_in_guide
Cho toi xem huong dan diem danh tren ITConnect,check_in_guide
Tôi muốn hỏi tìm vị trí phòng tổ chức nha,map_help
Toi muon hoi tim vi tri phong to chuc nha,map_help
Có thể cho tôi biết bạn có ở đó không cho tôi,greeting
Co the cho toi biet ban co o do khong cho toi,greeting
Cho tôi hỏi điểm rèn luyện có tối đa bao nhiêu với,training_score
Cho toi hoi diem ren luyen co toi da bao nhieu voi,training_score
Giúp tôi xem bạn có thể trả lời tôi không,greeting
Giup toi xem ban co the tra loi toi khong,greeting
Bạn cho tôi biết lịch hoạt động đã đăng ký nha,my_activities
Ban cho toi biet lich hoat dong da dang ky nha,my_activities
Giúp tôi xem thông báo quan trọng nằm ở đâu cho tôi,notification_help
Giup toi xem thong bao quan trong nam o dau cho toi,notification_help
Mình muốn biết điểm sau khi bị từ chối minh chứng được không ạ,training_score
Minh muon biet diem sau khi bi tu choi minh chung duoc khong a,training_score
Bạn cho tôi biết thông báo của tôi ở đâu hiện tại giúp tôi,notification_help
Ban cho toi biet thong bao cua toi o dau hien tai giup toi,notification_help
Có thể cho tôi biết xin chào cho tôi ạ,greeting
Co the cho toi biet xin chao cho toi a,greeting
Tôi còn bao nhiêu điểm sau khi vắng trong app,training_score
Toi con bao nhieu diem sau khi vang trong app,training_score
Chào chatbot,greeting
Chao chatbot,greeting
Hỏi chút là tôi đã đăng ký CLB nào nha,my_activities
Hoi chut la toi da dang ky CLB nao nha,my_activities
Bạn giải thích giúp vị trí hội trường xem ở đâu hiện tại,map_help
Ban giai thich giup vi tri hoi truong xem o dau hien tai,map_help
Có thể cho tôi biết tôi cần bấm nút nào để điểm danh với,check_in_guide
Co the cho toi biet toi can bam nut nao de diem danh voi,check_in_guide
Kết quả điểm danh đã có chưa,attendance_status
Ket qua diem danh da co chua,attendance_status
Em cần xem trạng thái quét QR của tôi giúp tôi,attendance_status
Em can xem trang thai quet QR cua toi giup toi,attendance_status
Kể chuyện vui đi được không ạ,unknown
Ke chuyen vui di duoc khong a,unknown
Giúp tôi xem tôi muốn báo lỗi đăng ký hoạt động hiện tại,feedback_help
Giup toi xem toi muon bao loi dang ky hoat dong hien tai,feedback_help
Bạn kiểm tra giúp nhắc nhở hoạt động ở đâu cho tôi,notification_help
Ban kiem tra giup nhac nho hoat dong o dau cho toi,notification_help
Mình cần biết tôi muốn xem điểm và xếp loại như thế nào,training_score
Minh can biet toi muon xem diem va xep loai nhu the nao,training_score
Làm ơn cho tôi biết điểm hiện tại của tôi là bao nhiêu nhé,training_score
Lam on cho toi biet diem hien tai cua toi la bao nhieu nhe,training_score
Giúp tôi xem hôm nay ăn gì trong hệ thống,unknown
Giup toi xem hom nay an gi trong he thong,unknown
Cho tôi hỏi tôi đã tham gia những hoạt động gì trong app,my_activities
Cho toi hoi toi da tham gia nhung hoat dong gi trong app,my_activities
Bạn kiểm tra giúp tuần này có sự kiện nào không vậy,upcoming_activity
Ban kiem tra giup tuan nay co su kien nao khong vay,upcoming_activity
Hỏi chút là mục điểm danh nằm ở đâu như thế nào với ạ,check_in_guide
Hoi chut la muc diem danh nam o dau nhu the nao voi a,check_in_guide
Hướng dẫn check in hoạt động cho tôi,check_in_guide
Huong dan check in hoat dong cho toi,check_in_guide
Cho tôi xem có bản đồ khuôn viên không trên ITConnect,map_help
Cho toi xem co ban do khuon vien khong tren ITConnect,map_help
Giúp tôi xem danh sách hoạt động tôi đăng ký giúp tôi,my_activities
Giup toi xem danh sach hoat dong toi dang ky giup toi,my_activities
Bạn kiểm tra giúp điểm của tôi sau khi hoàn thành sự kiện như thế nào,training_score
Ban kiem tra giup diem cua toi sau khi hoan thanh su kien nhu the nao,training_score
Cho tôi xem có hoạt động trong tuần sau không hiện tại,upcoming_activity
Cho toi xem co hoat dong trong tuan sau khong hien tai,upcoming_activity
Tôi muốn hỏi chào trợ lý giúp tôi,greeting
Toi muon hoi chao tro ly giup toi,greeting
Có thể cho tôi biết minh chứng đang ở đâu được không ạ,attendance_status
Co the cho toi biet minh chung dang o dau duoc khong a,attendance_status
Bạn kiểm tra giúp tôi muốn đặt vé máy bay hiện tại,unknown
Ban kiem tra giup toi muon dat ve may bay hien tai,unknown
Tôi muốn tìm hội trường C,map_help
Toi muon tim hoi truong C,map_help
Tôi muốn hỏi điểm phạt vắng là bao nhiêu giúp tôi,absent_penalty
Toi muon hoi diem phat vang la bao nhieu giup toi,absent_penalty
Cho mình hỏi tôi được duyệt hoạt động nào trên ITConnect,attendance_status
Cho minh hoi toi duoc duyet hoat dong nao tren ITConnect,attendance_status
Cho mình hỏi app có gửi thông báo không cho tôi với ạ,notification_help
Cho minh hoi app co gui thong bao khong cho toi voi a,notification_help
Bạn cho tôi biết bạn có yêu tôi không trong hệ thống,unknown
Ban cho toi biet ban co yeu toi khong trong he thong,unknown
Bạn giúp tôi được không,greeting
Ban giup toi duoc khong,greeting
Mình cần biết tôi muốn xem hoạt động mới nhất vậy,upcoming_activity
Minh can biet toi muon xem hoat dong moi nhat vay,upcoming_activity
Tôi muốn hỏi tôi có được cộng điểm hoạt động chưa được không ạ,attendance_status
Toi muon hoi toi co duoc cong diem hoat dong chua duoc khong a,attendance_status
Hỏi chút là không quét QR có bị trừ điểm không trong hệ thống,absent_penalty
Hoi chut la khong quet QR co bi tru diem khong trong he thong,absent_penalty
Có thể cho tôi biết bạn hỗ trợ gì được cho tôi như thế nào,greeting
Co the cho toi biet ban ho tro gi duoc cho toi nhu the nao,greeting
Mình muốn biết hoạt động nào sắp bắt đầu được không bạn,upcoming_activity
Minh muon biet hoat dong nao sap bat dau duoc khong ban,upcoming_activity
Mình cần biết điểm danh thất bại có bị trừ điểm không trong hệ thống,absent_penalty
Minh can biet diem danh that bai co bi tru diem khong trong he thong,absent_penalty
Hoạt động CLB gần nhất là gì,upcoming_activity
Hoat dong CLB gan nhat la gi,upcoming_activity
Cho tôi xem xem địa điểm hoạt động bằng bản đồ trong app,map_help
Cho toi xem xem dia diem hoat dong bang ban do trong app,map_help
Tôi cần xem lịch hoạt động sắp tới của tôi với,my_activities
Toi can xem lich hoat dong sap toi cua toi voi,my_activities
Bạn có thể trả lời tôi không,greeting
Ban co the tra loi toi khong,greeting
Tôi muốn hỏi không điểm danh có bị trừ điểm không được không bạn,absent_penalty
Toi muon hoi khong diem danh co bi tru diem khong duoc khong ban,absent_penalty
Bạn giải thích giúp kiểm tra trạng thái điểm danh hiện tại,attendance_status
Ban giai thich giup kiem tra trang thai diem danh hien tai,attendance_status
Bạn cho tôi biết điểm rèn luyện của tôi bao nhiêu được không giúp mình,training_score
Ban cho toi biet diem ren luyen cua toi bao nhieu duoc khong giup minh,training_score
Tôi được xếp loại gì,training_score
Toi duoc xep loai gi,training_score
Điểm của tôi sau khi hoàn thành hoạt động,training_score
Diem cua toi sau khi hoan thanh hoat dong,training_score
Bạn giải thích giúp bitcoin hôm nay giá bao nhiêu ở đâu,unknown
Ban giai thich giup bitcoin hom nay gia bao nhieu o dau,unknown
Có thể cho tôi biết bạn có yêu tôi không được không,unknown
Co the cho toi biet ban co yeu toi khong duoc khong,unknown
Cho tôi xem bitcoin hôm nay giá bao nhiêu cho tôi,unknown
Cho toi xem bitcoin hom nay gia bao nhieu cho toi,unknown
Giúp tôi xem kiểm tra hoạt động đã đăng ký như thế nào,my_activities
Giup toi xem kiem tra hoat dong da dang ky nhu the nao,my_activities
Điểm danh của tôi đang ở trạng thái nào,attendance_status
Diem danh cua toi dang o trang thai nao,attendance_status
Hỏi chút là sau khi quét QR cần làm gì trong app,check_in_guide
Hoi chut la sau khi quet QR can lam gi trong app,check_in_guide
Cần mở camera để điểm danh không,check_in_guide
Can mo camera de diem danh khong,check_in_guide
Có thể cho tôi biết các hoạt động tôi đang tham gia trên ITConnect với ạ,my_activities
Co the cho toi biet cac hoat dong toi dang tham gia tren ITConnect voi a,my_activities
Cho tôi xem mấy giờ rồi nhé,unknown
Cho toi xem may gio roi nhe,unknown
Cho mình hỏi danh sách hoạt động tôi đăng ký,my_activities
Cho minh hoi danh sach hoat dong toi dang ky,my_activities
Cho tôi xem xem vị trí tổ chức hoạt động được không ạ,map_help
Cho toi xem xem vi tri to chuc hoat dong duoc khong a,map_help
Có thể cho tôi biết có seminar nào sắp tới không với bạn,upcoming_activity
Co the cho toi biet co seminar nao sap toi khong voi ban,upcoming_activity
Tôi cần xem tôi cần hỗ trợ nha,greeting
Toi can xem toi can ho tro nha,greeting
Em cần xem điểm rèn luyện HK này thế nào vậy nhé,training_score
Em can xem diem ren luyen HK nay the nao vay nhe,training_score
Hoạt động nào gần nhất,upcoming_activity
Hoat dong nao gan nhat,upcoming_activity
Minh chứng sai thì có bị phạt không,absent_penalty
Minh chung sai thi co bi phat khong,absent_penalty
Mình cần biết tôi không nhận được nhắc nhở vậy,notification_help
Minh can biet toi khong nhan duoc nhac nho vay,notification_help
Cách gửi góp ý,feedback_help
Cach gui gop y,feedback_help
Xếp loại rèn luyện của tôi là gì,training_score
Xep loai ren luyen cua toi la gi,training_score
Sắp tới trường có chương trình gì,upcoming_activity
Sap toi truong co chuong trinh gi,upcoming_activity
Bạn cho tôi biết tôi đã quét QR chưa ở đâu,attendance_status
Ban cho toi biet toi da quet QR chua o dau,attendance_status
Bạn giải thích giúp app bị lỗi thì báo ở đâu trong hệ thống nha,feedback_help
Ban giai thich giup app bi loi thi bao o dau trong he thong nha,feedback_help
Giúp tôi xem tôi đã điểm danh chưa được không ạ,attendance_status
Giup toi xem toi da diem danh chua duoc khong a,attendance_status
Cho mình hỏi thông báo nằm ở đâu nha,notification_help
Cho minh hoi thong bao nam o dau nha,notification_help
Bạn giải thích giúp có chương trình nào sắp tới không được không ạ,upcoming_activity
Ban giai thich giup co chuong trinh nao sap toi khong duoc khong a,upcoming_activity
Tui muốn hỏi game nào hay trong hệ thống,unknown
Tui muon hoi game nao hay trong he thong,unknown
Bạn giải thích giúp tôi cần hỏi nhanh như thế nào,greeting
Ban giai thich giup toi can hoi nhanh nhu the nao,greeting
Cho mình hỏi admin từ chối minh chứng thì mất điểm à cho tôi giúp tôi,absent_penalty
Cho minh hoi admin tu choi minh chung thi mat diem a cho toi giup toi,absent_penalty
Cho tôi xem kể chuyện vui đi trong hệ thống,unknown
Cho toi xem ke chuyen vui di trong he thong,unknown
Giúp tôi xem làm sao xem tin nhắn thông báo như thế nào,notification_help
Giup toi xem lam sao xem tin nhan thong bao nhu the nao,notification_help
Cho mình hỏi bạn có yêu tôi không được không bạn,unknown
Cho minh hoi ban co yeu toi khong duoc khong ban,unknown
Cho tôi xem xem các hoạt động đã đăng ký vậy,my_activities
Cho toi xem xem cac hoat dong da dang ky vay,my_activities
Có thể cho tôi biết tôi được bao nhiêu điểm rèn luyện nha,training_score
Co the cho toi biet toi duoc bao nhieu diem ren luyen nha,training_score
Hôm nay ăn gì,unknown
Hom nay an gi,unknown
Bạn kiểm tra giúp báo sự cố hoạt động ở đâu ạ,feedback_help
Ban kiem tra giup bao su co hoat dong o dau a,feedback_help
Cho mình hỏi điểm rèn luyện của học kỳ hiện tại,training_score
Cho minh hoi diem ren luyen cua hoc ky hien tai,training_score
Cho mình hỏi tôi cần làm gì để check in vậy,check_in_guide
Cho minh hoi toi can lam gi de check in vay,check_in_guide
Hỏi chút là làm sao kiếm tiền online với ạ,unknown
Hoi chut la lam sao kiem tien online voi a,unknown
Mình muốn biết kể chuyện vui đi trên ITConnect giúp tôi,unknown
Minh muon biet ke chuyen vui di tren ITConnect giup toi,unknown
Bạn cho tôi biết xem địa điểm hoạt động bằng bản đồ được không,map_help
Ban cho toi biet xem dia diem hoat dong bang ban do duoc khong,map_help
Tôi cần xem địa điểm sự kiện nằm ở đâu với,map_help
Toi can xem dia diem su kien nam o dau voi,map_help
